{
  "type": "FeatureCollection",
  "name": "noto_2500_wgs84_grid",
  "crs": {
    "type": "name",
    "properties": {
      "name": "urn:ogc:def:crs:OGC:1.3:CRS84"
    }
  },
  "features": [
    {
      "type": "Feature",
      "properties": {
        "code": "07GD073",
        "_color": "#ff0000",
        "_weight": 2,
        "_fillOpacity": 0,
        "_opacity": 0.8,
        "_fill": false,
        "_fillColor": "transparent"
      },
      "geometry": {
        "type": "Polygon",
        "coordinates": [
          [
            [
              137.03174329,
              37.05437901
            ],
            [
              137.03171935,
              37.06789642
            ],
            [
              137.05421053,
              37.06791988
            ],
            [
              137.05423048,
              37.05440245
            ],
            [
              137.03174329,
              37.05437901
            ]
          ]
        ]
      }
    },
    {
      "type": "Feature",
      "properties": {
        "code": "07FD973",
        "_color": "#ff0000",
        "_weight": 2,
        "_fillOpacity": 0,
        "_opacity": 0.8,
        "_fill": false,
        "_fillColor": "transparent"
      },
      "geometry": {
        "type": "Polygon",
        "coordinates": [
          [
            [
              137.0316954,
              37.0814138
            ],
            [
              137.03167143,
              37.09493115
            ],
            [
              137.05417059,
              37.09495463
            ],
            [
              137.05419057,
              37.08143727
            ],
            [
              137.0316954,
              37.0814138
            ]
          ]
        ]
      }
    },
    {
      "type": "Feature",
      "properties": {
        "code": "07FD972",
        "_color": "#ff0000",
        "_weight": 2,
        "_fillOpacity": 0,
        "_opacity": 0.8,
        "_fill": false,
        "_fillColor": "transparent"
      },
      "geometry": {
        "type": "Polygon",
        "coordinates": [
          [
            [
              137.05417059,
              37.09495463
            ],
            [
              137.0541506,
              37.10847196
            ],
            [
              137.07665379,
              37.10849117
            ],
            [
              137.07666978,
              37.09497384
            ],
            [
              137.05417059,
              37.09495463
            ]
          ]
        ]
      }
    },
    {
      "type": "Feature",
      "properties": {
        "code": "07FD871",
        "_color": "#ff0000",
        "_weight": 2,
        "_fillOpacity": 0,
        "_opacity": 0.8,
        "_fill": false,
        "_fillColor": "transparent"
      },
      "geometry": {
        "type": "Polygon",
        "coordinates": [
          [
            [
              137.03162344,
              37.12196575
            ],
            [
              137.03159942,
              37.13548301
            ],
            [
              137.05411058,
              37.13550652
            ],
            [
              137.0541306,
              37.12198925
            ],
            [
              137.03162344,
              37.12196575
            ]
          ]
        ]
      }
    },
    {
      "type": "Feature",
      "properties": {
        "code": "07FD371",
        "_color": "#ff0000",
        "_weight": 2,
        "_fillOpacity": 0,
        "_opacity": 0.8,
        "_fill": false,
        "_fillColor": "transparent"
      },
      "geometry": {
        "type": "Polygon",
        "coordinates": [
          [
            [
              137.03138252,
              37.25713692
            ],
            [
              137.03135834,
              37.27065387
            ],
            [
              137.05390968,
              37.2706775
            ],
            [
              137.05392983,
              37.25716054
            ],
            [
              137.03138252,
              37.25713692
            ]
          ]
        ]
      }
    },
    {
      "type": "Feature",
      "properties": {
        "code": "07FD372",
        "_color": "#ff0000",
        "_weight": 2,
        "_fillOpacity": 0,
        "_opacity": 0.8,
        "_fill": false,
        "_fillColor": "transparent"
      },
      "geometry": {
        "type": "Polygon",
        "coordinates": [
          [
            [
              137.05392983,
              37.25716054
            ],
            [
              137.05390968,
              37.2706775
            ],
            [
              137.07646105,
              37.27069683
            ],
            [
              137.07647717,
              37.25717986
            ],
            [
              137.05392983,
              37.25716054
            ]
          ]
        ]
      }
    },
    {
      "type": "Feature",
      "properties": {
        "code": "07FD381",
        "_color": "#ff0000",
        "_weight": 2,
        "_fillOpacity": 0,
        "_opacity": 0.8,
        "_fill": false,
        "_fillColor": "transparent"
      },
      "geometry": {
        "type": "Polygon",
        "coordinates": [
          [
            [
              137.07647717,
              37.25717986
            ],
            [
              137.07646105,
              37.27069683
            ],
            [
              137.09901244,
              37.27071186
            ],
            [
              137.09902453,
              37.25719489
            ],
            [
              137.07647717,
              37.25717986
            ]
          ]
        ]
      }
    },
    {
      "type": "Feature",
      "properties": {
        "code": "07FE113",
        "_color": "#ff0000",
        "_weight": 2,
        "_fillOpacity": 0,
        "_opacity": 0.8,
        "_fill": false,
        "_fillColor": "transparent"
      },
      "geometry": {
        "type": "Polygon",
        "coordinates": [
          [
            [
              137.21178563,
              37.29775647
            ],
            [
              137.21179371,
              37.31127336
            ],
            [
              137.23435722,
              37.3112626
            ],
            [
              137.2343451,
              37.29774572
            ],
            [
              137.21178563,
              37.29775647
            ]
          ]
        ]
      }
    },
    {
      "type": "Feature",
      "properties": {
        "code": "07FE112",
        "_color": "#ff0000",
        "_weight": 2,
        "_fillOpacity": 0,
        "_opacity": 0.8,
        "_fill": false,
        "_fillColor": "transparent"
      },
      "geometry": {
        "type": "Polygon",
        "coordinates": [
          [
            [
              137.23435722,
              37.3112626
            ],
            [
              137.23436934,
              37.32477945
            ],
            [
              137.25693687,
              37.32476439
            ],
            [
              137.25692071,
              37.31124754
            ],
            [
              137.23435722,
              37.3112626
            ]
          ]
        ]
      }
    },
    {
      "type": "Feature",
      "properties": {
        "code": "07FE111",
        "_color": "#ff0000",
        "_weight": 2,
        "_fillOpacity": 0,
        "_opacity": 0.8,
        "_fill": false,
        "_fillColor": "transparent"
      },
      "geometry": {
        "type": "Polygon",
        "coordinates": [
          [
            [
              137.21179371,
              37.31127336
            ],
            [
              137.21180179,
              37.32479021
            ],
            [
              137.23436934,
              37.32477945
            ],
            [
              137.23435722,
              37.3112626
            ],
            [
              137.21179371,
              37.31127336
            ]
          ]
        ]
      }
    },
    {
      "type": "Feature",
      "properties": {
        "code": "07FE013",
        "_color": "#ff0000",
        "_weight": 2,
        "_fillOpacity": 0,
        "_opacity": 0.8,
        "_fill": false,
        "_fillColor": "transparent"
      },
      "geometry": {
        "type": "Polygon",
        "coordinates": [
          [
            [
              137.21180179,
              37.32479021
            ],
            [
              137.21180988,
              37.33830704
            ],
            [
              137.23438147,
              37.33829627
            ],
            [
              137.23436934,
              37.32477945
            ],
            [
              137.21180179,
              37.32479021
            ]
          ]
        ]
      }
    },
    {
      "type": "Feature",
      "properties": {
        "code": "07FE011",
        "_color": "#ff0000",
        "_weight": 2,
        "_fillOpacity": 0,
        "_opacity": 0.8,
        "_fill": false,
        "_fillColor": "transparent"
      },
      "geometry": {
        "type": "Polygon",
        "coordinates": [
          [
            [
              137.21180988,
              37.33830704
            ],
            [
              137.21181797,
              37.35182383
            ],
            [
              137.23439361,
              37.35181306
            ],
            [
              137.23438147,
              37.33829627
            ],
            [
              137.21180988,
              37.33830704
            ]
          ]
        ]
      }
    },
    {
      "type": "Feature",
      "properties": {
        "code": "07EE913",
        "_color": "#ff0000",
        "_weight": 2,
        "_fillOpacity": 0,
        "_opacity": 0.8,
        "_fill": false,
        "_fillColor": "transparent"
      },
      "geometry": {
        "type": "Polygon",
        "coordinates": [
          [
            [
              137.21181797,
              37.35182383
            ],
            [
              137.21182607,
              37.3653406
            ],
            [
              137.23440575,
              37.36532982
            ],
            [
              137.23439361,
              37.35181306
            ],
            [
              137.21181797,
              37.35182383
            ]
          ]
        ]
      }
    },
    {
      "type": "Feature",
      "properties": {
        "code": "07EE912",
        "_color": "#ff0000",
        "_weight": 2,
        "_fillOpacity": 0,
        "_opacity": 0.8,
        "_fill": false,
        "_fillColor": "transparent"
      },
      "geometry": {
        "type": "Polygon",
        "coordinates": [
          [
            [
              137.23440575,
              37.36532982
            ],
            [
              137.23441791,
              37.37884655
            ],
            [
              137.25700163,
              37.37883145
            ],
            [
              137.25698543,
              37.36531473
            ],
            [
              137.23440575,
              37.36532982
            ]
          ]
        ]
      }
    },
    {
      "type": "Feature",
      "properties": {
        "code": "07EE914",
        "_color": "#ff0000",
        "_weight": 2,
        "_fillOpacity": 0,
        "_opacity": 0.8,
        "_fill": false,
        "_fillColor": "transparent"
      },
      "geometry": {
        "type": "Polygon",
        "coordinates": [
          [
            [
              137.23439361,
              37.35181306
            ],
            [
              137.23440575,
              37.36532982
            ],
            [
              137.25698543,
              37.36531473
            ],
            [
              137.25696923,
              37.35179798
            ],
            [
              137.23439361,
              37.35181306
            ]
          ]
        ]
      }
    },
    {
      "type": "Feature",
      "properties": {
        "code": "07EE813",
        "_color": "#ff0000",
        "_weight": 2,
        "_fillOpacity": 0,
        "_opacity": 0.8,
        "_fill": false,
        "_fillColor": "transparent"
      },
      "geometry": {
        "type": "Polygon",
        "coordinates": [
          [
            [
              137.21183417,
              37.37885733
            ],
            [
              137.21184228,
              37.39237403
            ],
            [
              137.23443007,
              37.39236324
            ],
            [
              137.23441791,
              37.37884655
            ],
            [
              137.21183417,
              37.37885733
            ]
          ]
        ]
      }
    },
    {
      "type": "Feature",
      "properties": {
        "code": "07EE811",
        "_color": "#ff0000",
        "_weight": 2,
        "_fillOpacity": 0,
        "_opacity": 0.8,
        "_fill": false,
        "_fillColor": "transparent"
      },
      "geometry": {
        "type": "Polygon",
        "coordinates": [
          [
            [
              137.21184228,
              37.39237403
            ],
            [
              137.21185039,
              37.4058907
            ],
            [
              137.23444224,
              37.40587991
            ],
            [
              137.23443007,
              37.39236324
            ],
            [
              137.21184228,
              37.39237403
            ]
          ]
        ]
      }
    },
    {
      "type": "Feature",
      "properties": {
        "code": "07EE812",
        "_color": "#ff0000",
        "_weight": 2,
        "_fillOpacity": 0,
        "_opacity": 0.8,
        "_fill": false,
        "_fillColor": "transparent"
      },
      "geometry": {
        "type": "Polygon",
        "coordinates": [
          [
            [
              137.23443007,
              37.39236324
            ],
            [
              137.23444224,
              37.40587991
            ],
            [
              137.25703408,
              37.4058648
            ],
            [
              137.25701785,
              37.39234814
            ],
            [
              137.23443007,
              37.39236324
            ]
          ]
        ]
      }
    },
    {
      "type": "Feature",
      "properties": {
        "code": "07EE633",
        "_color": "#ff0000",
        "_weight": 2,
        "_fillOpacity": 0,
        "_opacity": 0.8,
        "_fill": false,
        "_fillColor": "transparent"
      },
      "geometry": {
        "type": "Polygon",
        "coordinates": [
          [
            [
              137.30226642,
              37.43285481
            ],
            [
              137.30229081,
              37.44637136
            ],
            [
              137.32489477,
              37.44634326
            ],
            [
              137.32486631,
              37.43282673
            ],
            [
              137.30226642,
              37.43285481
            ]
          ]
        ]
      }
    },
    {
      "type": "Feature",
      "properties": {
        "code": "07EE632",
        "_color": "#ff0000",
        "_weight": 2,
        "_fillOpacity": 0,
        "_opacity": 0.8,
        "_fill": false,
        "_fillColor": "transparent"
      },
      "geometry": {
        "type": "Polygon",
        "coordinates": [
          [
            [
              137.32489477,
              37.44634326
            ],
            [
              137.32492324,
              37.45985976
            ],
            [
              137.34753123,
              37.45982732
            ],
            [
              137.34749868,
              37.44631084
            ],
            [
              137.32489477,
              37.44634326
            ]
          ]
        ]
      }
    },
    {
      "type": "Feature",
      "properties": {
        "code": "07EE631",
        "_color": "#ff0000",
        "_weight": 2,
        "_fillOpacity": 0,
        "_opacity": 0.8,
        "_fill": false,
        "_fillColor": "transparent"
      },
      "geometry": {
        "type": "Polygon",
        "coordinates": [
          [
            [
              137.30229081,
              37.44637136
            ],
            [
              137.30231522,
              37.45988787
            ],
            [
              137.32492324,
              37.45985976
            ],
            [
              137.32489477,
              37.44634326
            ],
            [
              137.30229081,
              37.44637136
            ]
          ]
        ]
      }
    },
    {
      "type": "Feature",
      "properties": {
        "code": "07EE543",
        "_color": "#ff0000",
        "_weight": 2,
        "_fillOpacity": 0,
        "_opacity": 0.8,
        "_fill": false,
        "_fillColor": "transparent"
      },
      "geometry": {
        "type": "Polygon",
        "coordinates": [
          [
            [
              137.34753123,
              37.45982732
            ],
            [
              137.34756379,
              37.47334377
            ],
            [
              137.37017581,
              37.47330699
            ],
            [
              137.37013917,
              37.45979056
            ],
            [
              137.34753123,
              37.45982732
            ]
          ]
        ]
      }
    },
    {
      "type": "Feature",
      "properties": {
        "code": "07EE441",
        "_color": "#ff0000",
        "_weight": 2,
        "_fillOpacity": 0,
        "_opacity": 0.8,
        "_fill": false,
        "_fillColor": "transparent"
      },
      "geometry": {
        "type": "Polygon",
        "coordinates": [
          [
            [
              137.34762899,
              37.50037659
            ],
            [
              137.34766162,
              37.51389294
            ],
            [
              137.37028586,
              37.51385611
            ],
            [
              137.37024915,
              37.50033977
            ],
            [
              137.34762899,
              37.50037659
            ]
          ]
        ]
      }
    },
    {
      "type": "Feature",
      "properties": {
        "code": "07EE334",
        "_color": "#ff0000",
        "_weight": 2,
        "_fillOpacity": 0,
        "_opacity": 0.8,
        "_fill": false,
        "_fillColor": "transparent"
      },
      "geometry": {
        "type": "Polygon",
        "coordinates": [
          [
            [
              137.32503733,
              37.51392545
            ],
            [
              137.3250659,
              37.52744179
            ],
            [
              137.34769427,
              37.52740927
            ],
            [
              137.34766162,
              37.51389294
            ],
            [
              137.32503733,
              37.51392545
            ]
          ]
        ]
      }
    },
    {
      "type": "Feature",
      "properties": {
        "code": "07EE331",
        "_color": "#ff0000",
        "_weight": 2,
        "_fillOpacity": 0,
        "_opacity": 0.8,
        "_fill": false,
        "_fillColor": "transparent"
      },
      "geometry": {
        "type": "Polygon",
        "coordinates": [
          [
            [
              137.3024375,
              37.52746997
            ],
            [
              137.30246201,
              37.5409863
            ],
            [
              137.32509449,
              37.5409581
            ],
            [
              137.3250659,
              37.52744179
            ],
            [
              137.3024375,
              37.52746997
            ]
          ]
        ]
      }
    },
    {
      "type": "Feature",
      "properties": {
        "code": "07EE333",
        "_color": "#ff0000",
        "_weight": 2,
        "_fillOpacity": 0,
        "_opacity": 0.8,
        "_fill": false,
        "_fillColor": "transparent"
      },
      "geometry": {
        "type": "Polygon",
        "coordinates": [
          [
            [
              137.30241302,
              37.51395361
            ],
            [
              137.3024375,
              37.52746997
            ],
            [
              137.3250659,
              37.52744179
            ],
            [
              137.32503733,
              37.51392545
            ],
            [
              137.30241302,
              37.51395361
            ]
          ]
        ]
      }
    },
    {
      "type": "Feature",
      "properties": {
        "code": "07EE431",
        "_color": "#ff0000",
        "_weight": 2,
        "_fillOpacity": 0,
        "_opacity": 0.8,
        "_fill": false,
        "_fillColor": "transparent"
      },
      "geometry": {
        "type": "Polygon",
        "coordinates": [
          [
            [
              137.30238854,
              37.50043722
            ],
            [
              137.30241302,
              37.51395361
            ],
            [
              137.32503733,
              37.51392545
            ],
            [
              137.32500878,
              37.50040907
            ],
            [
              137.30238854,
              37.50043722
            ]
          ]
        ]
      }
    },
    {
      "type": "Feature",
      "properties": {
        "code": "07EE432",
        "_color": "#ff0000",
        "_weight": 2,
        "_fillOpacity": 0,
        "_opacity": 0.8,
        "_fill": false,
        "_fillColor": "transparent"
      },
      "geometry": {
        "type": "Polygon",
        "coordinates": [
          [
            [
              137.32500878,
              37.50040907
            ],
            [
              137.32503733,
              37.51392545
            ],
            [
              137.34766162,
              37.51389294
            ],
            [
              137.34762899,
              37.50037659
            ],
            [
              137.32500878,
              37.50040907
            ]
          ]
        ]
      }
    },
    {
      "type": "Feature",
      "properties": {
        "code": "07EE532",
        "_color": "#ff0000",
        "_weight": 2,
        "_fillOpacity": 0,
        "_opacity": 0.8,
        "_fill": false,
        "_fillColor": "transparent"
      },
      "geometry": {
        "type": "Polygon",
        "coordinates": [
          [
            [
              137.32495174,
              37.47337623
            ],
            [
              137.32498025,
              37.48689266
            ],
            [
              137.34759638,
              37.48686019
            ],
            [
              137.34756379,
              37.47334377
            ],
            [
              137.32495174,
              37.47337623
            ]
          ]
        ]
      }
    },
    {
      "type": "Feature",
      "properties": {
        "code": "07EE531",
        "_color": "#ff0000",
        "_weight": 2,
        "_fillOpacity": 0,
        "_opacity": 0.8,
        "_fill": false,
        "_fillColor": "transparent"
      },
      "geometry": {
        "type": "Polygon",
        "coordinates": [
          [
            [
              137.30233965,
              37.47340435
            ],
            [
              137.30236409,
              37.4869208
            ],
            [
              137.32498025,
              37.48689266
            ],
            [
              137.32495174,
              37.47337623
            ],
            [
              137.30233965,
              37.47340435
            ]
          ]
        ]
      }
    },
    {
      "type": "Feature",
      "properties": {
        "code": "07EE522",
        "_color": "#ff0000",
        "_weight": 2,
        "_fillOpacity": 0,
        "_opacity": 0.8,
        "_fill": false,
        "_fillColor": "transparent"
      },
      "geometry": {
        "type": "Polygon",
        "coordinates": [
          [
            [
              137.27972753,
              37.47342815
            ],
            [
              137.27974789,
              37.48694462
            ],
            [
              137.30236409,
              37.4869208
            ],
            [
              137.30233965,
              37.47340435
            ],
            [
              137.27972753,
              37.47342815
            ]
          ]
        ]
      }
    },
    {
      "type": "Feature",
      "properties": {
        "code": "07EE423",
        "_color": "#ff0000",
        "_weight": 2,
        "_fillOpacity": 0,
        "_opacity": 0.8,
        "_fill": false,
        "_fillColor": "transparent"
      },
      "geometry": {
        "type": "Polygon",
        "coordinates": [
          [
            [
              137.25713168,
              37.4869641
            ],
            [
              137.25714798,
              37.50048054
            ],
            [
              137.27976827,
              37.50046105
            ],
            [
              137.27974789,
              37.48694462
            ],
            [
              137.25713168,
              37.4869641
            ]
          ]
        ]
      }
    },
    {
      "type": "Feature",
      "properties": {
        "code": "07EE421",
        "_color": "#ff0000",
        "_weight": 2,
        "_fillOpacity": 0,
        "_opacity": 0.8,
        "_fill": false,
        "_fillColor": "transparent"
      },
      "geometry": {
        "type": "Polygon",
        "coordinates": [
          [
            [
              137.25714798,
              37.50048054
            ],
            [
              137.2571643,
              37.51399695
            ],
            [
              137.27978867,
              37.51397745
            ],
            [
              137.27976827,
              37.50046105
            ],
            [
              137.25714798,
              37.50048054
            ]
          ]
        ]
      }
    },
    {
      "type": "Feature",
      "properties": {
        "code": "07EE422",
        "_color": "#ff0000",
        "_weight": 2,
        "_fillOpacity": 0,
        "_opacity": 0.8,
        "_fill": false,
        "_fillColor": "transparent"
      },
      "geometry": {
        "type": "Polygon",
        "coordinates": [
          [
            [
              137.27976827,
              37.50046105
            ],
            [
              137.27978867,
              37.51397745
            ],
            [
              137.30241302,
              37.51395361
            ],
            [
              137.30238854,
              37.50043722
            ],
            [
              137.27976827,
              37.50046105
            ]
          ]
        ]
      }
    },
    {
      "type": "Feature",
      "properties": {
        "code": "07EE424",
        "_color": "#ff0000",
        "_weight": 2,
        "_fillOpacity": 0,
        "_opacity": 0.8,
        "_fill": false,
        "_fillColor": "transparent"
      },
      "geometry": {
        "type": "Polygon",
        "coordinates": [
          [
            [
              137.27974789,
              37.48694462
            ],
            [
              137.27976827,
              37.50046105
            ],
            [
              137.30238854,
              37.50043722
            ],
            [
              137.30236409,
              37.4869208
            ],
            [
              137.27974789,
              37.48694462
            ]
          ]
        ]
      }
    },
    {
      "type": "Feature",
      "properties": {
        "code": "07EE324",
        "_color": "#ff0000",
        "_weight": 2,
        "_fillOpacity": 0,
        "_opacity": 0.8,
        "_fill": false,
        "_fillColor": "transparent"
      },
      "geometry": {
        "type": "Polygon",
        "coordinates": [
          [
            [
              137.27978867,
              37.51397745
            ],
            [
              137.27980908,
              37.52749382
            ],
            [
              137.3024375,
              37.52746997
            ],
            [
              137.30241302,
              37.51395361
            ],
            [
              137.27978867,
              37.51397745
            ]
          ]
        ]
      }
    },
    {
      "type": "Feature",
      "properties": {
        "code": "07EE322",
        "_color": "#ff0000",
        "_weight": 2,
        "_fillOpacity": 0,
        "_opacity": 0.8,
        "_fill": false,
        "_fillColor": "transparent"
      },
      "geometry": {
        "type": "Polygon",
        "coordinates": [
          [
            [
              137.27980908,
              37.52749382
            ],
            [
              137.2798295,
              37.54101016
            ],
            [
              137.30246201,
              37.5409863
            ],
            [
              137.3024375,
              37.52746997
            ],
            [
              137.27980908,
              37.52749382
            ]
          ]
        ]
      }
    },
    {
      "type": "Feature",
      "properties": {
        "code": "07EE321",
        "_color": "#ff0000",
        "_weight": 2,
        "_fillOpacity": 0,
        "_opacity": 0.8,
        "_fill": false,
        "_fillColor": "transparent"
      },
      "geometry": {
        "type": "Polygon",
        "coordinates": [
          [
            [
              137.25718062,
              37.52751333
            ],
            [
              137.25719696,
              37.54102968
            ],
            [
              137.2798295,
              37.54101016
            ],
            [
              137.27980908,
              37.52749382
            ],
            [
              137.25718062,
              37.52751333
            ]
          ]
        ]
      }
    },
    {
      "type": "Feature",
      "properties": {
        "code": "07EE323",
        "_color": "#ff0000",
        "_weight": 2,
        "_fillOpacity": 0,
        "_opacity": 0.8,
        "_fill": false,
        "_fillColor": "transparent"
      },
      "geometry": {
        "type": "Polygon",
        "coordinates": [
          [
            [
              137.2571643,
              37.51399695
            ],
            [
              137.25718062,
              37.52751333
            ],
            [
              137.27980908,
              37.52749382
            ],
            [
              137.27978867,
              37.51397745
            ],
            [
              137.2571643,
              37.51399695
            ]
          ]
        ]
      }
    },
    {
      "type": "Feature",
      "properties": {
        "code": "07EE314",
        "_color": "#ff0000",
        "_weight": 2,
        "_fillOpacity": 0,
        "_opacity": 0.8,
        "_fill": false,
        "_fillColor": "transparent"
      },
      "geometry": {
        "type": "Polygon",
        "coordinates": [
          [
            [
              137.23453991,
              37.51401212
            ],
            [
              137.23455215,
              37.5275285
            ],
            [
              137.25718062,
              37.52751333
            ],
            [
              137.2571643,
              37.51399695
            ],
            [
              137.23453991,
              37.51401212
            ]
          ]
        ]
      }
    },
    {
      "type": "Feature",
      "properties": {
        "code": "07EE411",
        "_color": "#ff0000",
        "_weight": 2,
        "_fillOpacity": 0,
        "_opacity": 0.8,
        "_fill": false,
        "_fillColor": "transparent"
      },
      "geometry": {
        "type": "Polygon",
        "coordinates": [
          [
            [
              137.21190734,
              37.50050653
            ],
            [
              137.2119155,
              37.51402295
            ],
            [
              137.23453991,
              37.51401212
            ],
            [
              137.23452767,
              37.5004957
            ],
            [
              137.21190734,
              37.50050653
            ]
          ]
        ]
      }
    },
    {
      "type": "Feature",
      "properties": {
        "code": "07EE413",
        "_color": "#ff0000",
        "_weight": 2,
        "_fillOpacity": 0,
        "_opacity": 0.8,
        "_fill": false,
        "_fillColor": "transparent"
      },
      "geometry": {
        "type": "Polygon",
        "coordinates": [
          [
            [
              137.21189919,
              37.48699007
            ],
            [
              137.21190734,
              37.50050653
            ],
            [
              137.23452767,
              37.5004957
            ],
            [
              137.23451544,
              37.48697925
            ],
            [
              137.21189919,
              37.48699007
            ]
          ]
        ]
      }
    },
    {
      "type": "Feature",
      "properties": {
        "code": "07EE412",
        "_color": "#ff0000",
        "_weight": 2,
        "_fillOpacity": 0,
        "_opacity": 0.8,
        "_fill": false,
        "_fillColor": "transparent"
      },
      "geometry": {
        "type": "Polygon",
        "coordinates": [
          [
            [
              137.23452767,
              37.5004957
            ],
            [
              137.23453991,
              37.51401212
            ],
            [
              137.2571643,
              37.51399695
            ],
            [
              137.25714798,
              37.50048054
            ],
            [
              137.23452767,
              37.5004957
            ]
          ]
        ]
      }
    },
    {
      "type": "Feature",
      "properties": {
        "code": "07EE414",
        "_color": "#ff0000",
        "_weight": 2,
        "_fillOpacity": 0,
        "_opacity": 0.8,
        "_fill": false,
        "_fillColor": "transparent"
      },
      "geometry": {
        "type": "Polygon",
        "coordinates": [
          [
            [
              137.23451544,
              37.48697925
            ],
            [
              137.23452767,
              37.5004957
            ],
            [
              137.25714798,
              37.50048054
            ],
            [
              137.25713168,
              37.4869641
            ],
            [
              137.23451544,
              37.48697925
            ]
          ]
        ]
      }
    },
    {
      "type": "Feature",
      "properties": {
        "code": "07EE512",
        "_color": "#ff0000",
        "_weight": 2,
        "_fillOpacity": 0,
        "_opacity": 0.8,
        "_fill": false,
        "_fillColor": "transparent"
      },
      "geometry": {
        "type": "Polygon",
        "coordinates": [
          [
            [
              137.23450322,
              37.47346277
            ],
            [
              137.23451544,
              37.48697925
            ],
            [
              137.25713168,
              37.4869641
            ],
            [
              137.25711538,
              37.47344763
            ],
            [
              137.23450322,
              37.47346277
            ]
          ]
        ]
      }
    },
    {
      "type": "Feature",
      "properties": {
        "code": "07EE511",
        "_color": "#ff0000",
        "_weight": 2,
        "_fillOpacity": 0,
        "_opacity": 0.8,
        "_fill": false,
        "_fillColor": "transparent"
      },
      "geometry": {
        "type": "Polygon",
        "coordinates": [
          [
            [
              137.21189104,
              37.47347359
            ],
            [
              137.21189919,
              37.48699007
            ],
            [
              137.23451544,
              37.48697925
            ],
            [
              137.23450322,
              37.47346277
            ],
            [
              137.21189104,
              37.47347359
            ]
          ]
        ]
      }
    },
    {
      "type": "Feature",
      "properties": {
        "code": "07EE611",
        "_color": "#ff0000",
        "_weight": 2,
        "_fillOpacity": 0,
        "_opacity": 0.8,
        "_fill": false,
        "_fillColor": "transparent"
      },
      "geometry": {
        "type": "Polygon",
        "coordinates": [
          [
            [
              137.21187477,
              37.44644053
            ],
            [
              137.2118829,
              37.45995707
            ],
            [
              137.23449101,
              37.45994626
            ],
            [
              137.23447881,
              37.44642972
            ],
            [
              137.21187477,
              37.44644053
            ]
          ]
        ]
      }
    },
    {
      "type": "Feature",
      "properties": {
        "code": "07EE612",
        "_color": "#ff0000",
        "_weight": 2,
        "_fillOpacity": 0,
        "_opacity": 0.8,
        "_fill": false,
        "_fillColor": "transparent"
      },
      "geometry": {
        "type": "Polygon",
        "coordinates": [
          [
            [
              137.23447881,
              37.44642972
            ],
            [
              137.23449101,
              37.45994626
            ],
            [
              137.2570991,
              37.45993112
            ],
            [
              137.25708283,
              37.44641459
            ],
            [
              137.23447881,
              37.44642972
            ]
          ]
        ]
      }
    },
    {
      "type": "Feature",
      "properties": {
        "code": "07EE514",
        "_color": "#ff0000",
        "_weight": 2,
        "_fillOpacity": 0,
        "_opacity": 0.8,
        "_fill": false,
        "_fillColor": "transparent"
      },
      "geometry": {
        "type": "Polygon",
        "coordinates": [
          [
            [
              137.23449101,
              37.45994626
            ],
            [
              137.23450322,
              37.47346277
            ],
            [
              137.25711538,
              37.47344763
            ],
            [
              137.2570991,
              37.45993112
            ],
            [
              137.23449101,
              37.45994626
            ]
          ]
        ]
      }
    },
    {
      "type": "Feature",
      "properties": {
        "code": "07EE523",
        "_color": "#ff0000",
        "_weight": 2,
        "_fillOpacity": 0,
        "_opacity": 0.8,
        "_fill": false,
        "_fillColor": "transparent"
      },
      "geometry": {
        "type": "Polygon",
        "coordinates": [
          [
            [
              137.2570991,
              37.45993112
            ],
            [
              137.25711538,
              37.47344763
            ],
            [
              137.27972753,
              37.47342815
            ],
            [
              137.27970717,
              37.45991166
            ],
            [
              137.2570991,
              37.45993112
            ]
          ]
        ]
      }
    },
    {
      "type": "Feature",
      "properties": {
        "code": "07EE524",
        "_color": "#ff0000",
        "_weight": 2,
        "_fillOpacity": 0,
        "_opacity": 0.8,
        "_fill": false,
        "_fillColor": "transparent"
      },
      "geometry": {
        "type": "Polygon",
        "coordinates": [
          [
            [
              137.27970717,
              37.45991166
            ],
            [
              137.27972753,
              37.47342815
            ],
            [
              137.30233965,
              37.47340435
            ],
            [
              137.30231522,
              37.45988787
            ],
            [
              137.27970717,
              37.45991166
            ]
          ]
        ]
      }
    },
    {
      "type": "Feature",
      "properties": {
        "code": "07EE622",
        "_color": "#ff0000",
        "_weight": 2,
        "_fillOpacity": 0,
        "_opacity": 0.8,
        "_fill": false,
        "_fillColor": "transparent"
      },
      "geometry": {
        "type": "Polygon",
        "coordinates": [
          [
            [
              137.27968683,
              37.44639514
            ],
            [
              137.27970717,
              37.45991166
            ],
            [
              137.30231522,
              37.45988787
            ],
            [
              137.30229081,
              37.44637136
            ],
            [
              137.27968683,
              37.44639514
            ]
          ]
        ]
      }
    },
    {
      "type": "Feature",
      "properties": {
        "code": "07EE621",
        "_color": "#ff0000",
        "_weight": 2,
        "_fillOpacity": 0,
        "_opacity": 0.8,
        "_fill": false,
        "_fillColor": "transparent"
      },
      "geometry": {
        "type": "Polygon",
        "coordinates": [
          [
            [
              137.25708283,
              37.44641459
            ],
            [
              137.2570991,
              37.45993112
            ],
            [
              137.27970717,
              37.45991166
            ],
            [
              137.27968683,
              37.44639514
            ],
            [
              137.25708283,
              37.44641459
            ]
          ]
        ]
      }
    },
    {
      "type": "Feature",
      "properties": {
        "code": "07EE624",
        "_color": "#ff0000",
        "_weight": 2,
        "_fillOpacity": 0,
        "_opacity": 0.8,
        "_fill": false,
        "_fillColor": "transparent"
      },
      "geometry": {
        "type": "Polygon",
        "coordinates": [
          [
            [
              137.27966651,
              37.43287858
            ],
            [
              137.27968683,
              37.44639514
            ],
            [
              137.30229081,
              37.44637136
            ],
            [
              137.30226642,
              37.43285481
            ],
            [
              137.27966651,
              37.43287858
            ]
          ]
        ]
      }
    },
    {
      "type": "Feature",
      "properties": {
        "code": "07EE614",
        "_color": "#ff0000",
        "_weight": 2,
        "_fillOpacity": 0,
        "_opacity": 0.8,
        "_fill": false,
        "_fillColor": "transparent"
      },
      "geometry": {
        "type": "Polygon",
        "coordinates": [
          [
            [
              137.23446661,
              37.43291315
            ],
            [
              137.23447881,
              37.44642972
            ],
            [
              137.25708283,
              37.44641459
            ],
            [
              137.25706657,
              37.43289802
            ],
            [
              137.23446661,
              37.43291315
            ]
          ]
        ]
      }
    },
    {
      "type": "Feature",
      "properties": {
        "code": "07EE712",
        "_color": "#ff0000",
        "_weight": 2,
        "_fillOpacity": 0,
        "_opacity": 0.8,
        "_fill": false,
        "_fillColor": "transparent"
      },
      "geometry": {
        "type": "Polygon",
        "coordinates": [
          [
            [
              137.23445442,
              37.41939654
            ],
            [
              137.23446661,
              37.43291315
            ],
            [
              137.25706657,
              37.43289802
            ],
            [
              137.25705032,
              37.41938143
            ],
            [
              137.23445442,
              37.41939654
            ]
          ]
        ]
      }
    },
    {
      "type": "Feature",
      "properties": {
        "code": "07EE613",
        "_color": "#ff0000",
        "_weight": 2,
        "_fillOpacity": 0,
        "_opacity": 0.8,
        "_fill": false,
        "_fillColor": "transparent"
      },
      "geometry": {
        "type": "Polygon",
        "coordinates": [
          [
            [
              137.21186664,
              37.43292395
            ],
            [
              137.21187477,
              37.44644053
            ],
            [
              137.23447881,
              37.44642972
            ],
            [
              137.23446661,
              37.43291315
            ],
            [
              137.21186664,
              37.43292395
            ]
          ]
        ]
      }
    },
    {
      "type": "Feature",
      "properties": {
        "code": "07EE711",
        "_color": "#ff0000",
        "_weight": 2,
        "_fillOpacity": 0,
        "_opacity": 0.8,
        "_fill": false,
        "_fillColor": "transparent"
      },
      "geometry": {
        "type": "Polygon",
        "coordinates": [
          [
            [
              137.21185851,
              37.41940734
            ],
            [
              137.21186664,
              37.43292395
            ],
            [
              137.23446661,
              37.43291315
            ],
            [
              137.23445442,
              37.41939654
            ],
            [
              137.21185851,
              37.41940734
            ]
          ]
        ]
      }
    },
    {
      "type": "Feature",
      "properties": {
        "code": "07EE713",
        "_color": "#ff0000",
        "_weight": 2,
        "_fillOpacity": 0,
        "_opacity": 0.8,
        "_fill": false,
        "_fillColor": "transparent"
      },
      "geometry": {
        "type": "Polygon",
        "coordinates": [
          [
            [
              137.21185039,
              37.4058907
            ],
            [
              137.21185851,
              37.41940734
            ],
            [
              137.23445442,
              37.41939654
            ],
            [
              137.23444224,
              37.40587991
            ],
            [
              137.21185039,
              37.4058907
            ]
          ]
        ]
      }
    },
    {
      "type": "Feature",
      "properties": {
        "code": "07EE704",
        "_color": "#ff0000",
        "_weight": 2,
        "_fillOpacity": 0,
        "_opacity": 0.8,
        "_fill": false,
        "_fillColor": "transparent"
      },
      "geometry": {
        "type": "Polygon",
        "coordinates": [
          [
            [
              137.18925853,
              37.40589718
            ],
            [
              137.18926259,
              37.41941382
            ],
            [
              137.21185851,
              37.41940734
            ],
            [
              137.21185039,
              37.4058907
            ],
            [
              137.18925853,
              37.40589718
            ]
          ]
        ]
      }
    },
    {
      "type": "Feature",
      "properties": {
        "code": "07EE604",
        "_color": "#ff0000",
        "_weight": 2,
        "_fillOpacity": 0,
        "_opacity": 0.8,
        "_fill": false,
        "_fillColor": "transparent"
      },
      "geometry": {
        "type": "Polygon",
        "coordinates": [
          [
            [
              137.18926665,
              37.43293043
            ],
            [
              137.18927072,
              37.44644701
            ],
            [
              137.21187477,
              37.44644053
            ],
            [
              137.21186664,
              37.43292395
            ],
            [
              137.18926665,
              37.43293043
            ]
          ]
        ]
      }
    },
    {
      "type": "Feature",
      "properties": {
        "code": "07EE702",
        "_color": "#ff0000",
        "_weight": 2,
        "_fillOpacity": 0,
        "_opacity": 0.8,
        "_fill": false,
        "_fillColor": "transparent"
      },
      "geometry": {
        "type": "Polygon",
        "coordinates": [
          [
            [
              137.18926259,
              37.41941382
            ],
            [
              137.18926665,
              37.43293043
            ],
            [
              137.21186664,
              37.43292395
            ],
            [
              137.21185851,
              37.41940734
            ],
            [
              137.18926259,
              37.41941382
            ]
          ]
        ]
      }
    },
    {
      "type": "Feature",
      "properties": {
        "code": "07EE603",
        "_color": "#ff0000",
        "_weight": 2,
        "_fillOpacity": 0,
        "_opacity": 0.8,
        "_fill": false,
        "_fillColor": "transparent"
      },
      "geometry": {
        "type": "Polygon",
        "coordinates": [
          [
            [
              137.16666667,
              37.43293259
            ],
            [
              137.16666667,
              37.44644917
            ],
            [
              137.18927072,
              37.44644701
            ],
            [
              137.18926665,
              37.43293043
            ],
            [
              137.16666667,
              37.43293259
            ]
          ]
        ]
      }
    },
    {
      "type": "Feature",
      "properties": {
        "code": "07EE701",
        "_color": "#ff0000",
        "_weight": 2,
        "_fillOpacity": 0,
        "_opacity": 0.8,
        "_fill": false,
        "_fillColor": "transparent"
      },
      "geometry": {
        "type": "Polygon",
        "coordinates": [
          [
            [
              137.16666667,
              37.41941598
            ],
            [
              137.16666667,
              37.43293259
            ],
            [
              137.18926665,
              37.43293043
            ],
            [
              137.18926259,
              37.41941382
            ],
            [
              137.16666667,
              37.41941598
            ]
          ]
        ]
      }
    },
    {
      "type": "Feature",
      "properties": {
        "code": "07EE703",
        "_color": "#ff0000",
        "_weight": 2,
        "_fillOpacity": 0,
        "_opacity": 0.8,
        "_fill": false,
        "_fillColor": "transparent"
      },
      "geometry": {
        "type": "Polygon",
        "coordinates": [
          [
            [
              137.16666667,
              37.40589933
            ],
            [
              137.16666667,
              37.41941598
            ],
            [
              137.18926259,
              37.41941382
            ],
            [
              137.18925853,
              37.40589718
            ],
            [
              137.16666667,
              37.40589933
            ]
          ]
        ]
      }
    },
    {
      "type": "Feature",
      "properties": {
        "code": "07ED794",
        "_color": "#ff0000",
        "_weight": 2,
        "_fillOpacity": 0,
        "_opacity": 0.8,
        "_fill": false,
        "_fillColor": "transparent"
      },
      "geometry": {
        "type": "Polygon",
        "coordinates": [
          [
            [
              137.1440748,
              37.40589718
            ],
            [
              137.14407074,
              37.41941382
            ],
            [
              137.16666667,
              37.41941598
            ],
            [
              137.16666667,
              37.40589933
            ],
            [
              137.1440748,
              37.40589718
            ]
          ]
        ]
      }
    },
    {
      "type": "Feature",
      "properties": {
        "code": "07ED793",
        "_color": "#ff0000",
        "_weight": 2,
        "_fillOpacity": 0,
        "_opacity": 0.8,
        "_fill": false,
        "_fillColor": "transparent"
      },
      "geometry": {
        "type": "Polygon",
        "coordinates": [
          [
            [
              137.12148294,
              37.4058907
            ],
            [
              137.12147482,
              37.41940734
            ],
            [
              137.14407074,
              37.41941382
            ],
            [
              137.1440748,
              37.40589718
            ],
            [
              137.12148294,
              37.4058907
            ]
          ]
        ]
      }
    },
    {
      "type": "Feature",
      "properties": {
        "code": "07ED791",
        "_color": "#ff0000",
        "_weight": 2,
        "_fillOpacity": 0,
        "_opacity": 0.8,
        "_fill": false,
        "_fillColor": "transparent"
      },
      "geometry": {
        "type": "Polygon",
        "coordinates": [
          [
            [
              137.12147482,
              37.41940734
            ],
            [
              137.1214667,
              37.43292395
            ],
            [
              137.14406668,
              37.43293043
            ],
            [
              137.14407074,
              37.41941382
            ],
            [
              137.12147482,
              37.41940734
            ]
          ]
        ]
      }
    },
    {
      "type": "Feature",
      "properties": {
        "code": "07ED693",
        "_color": "#ff0000",
        "_weight": 2,
        "_fillOpacity": 0,
        "_opacity": 0.8,
        "_fill": false,
        "_fillColor": "transparent"
      },
      "geometry": {
        "type": "Polygon",
        "coordinates": [
          [
            [
              137.1214667,
              37.43292395
            ],
            [
              137.12145857,
              37.44644053
            ],
            [
              137.14406261,
              37.44644701
            ],
            [
              137.14406668,
              37.43293043
            ],
            [
              137.1214667,
              37.43292395
            ]
          ]
        ]
      }
    },
    {
      "type": "Feature",
      "properties": {
        "code": "07ED694",
        "_color": "#ff0000",
        "_weight": 2,
        "_fillOpacity": 0,
        "_opacity": 0.8,
        "_fill": false,
        "_fillColor": "transparent"
      },
      "geometry": {
        "type": "Polygon",
        "coordinates": [
          [
            [
              137.14406668,
              37.43293043
            ],
            [
              137.14406261,
              37.44644701
            ],
            [
              137.16666667,
              37.44644917
            ],
            [
              137.16666667,
              37.43293259
            ],
            [
              137.14406668,
              37.43293043
            ]
          ]
        ]
      }
    },
    {
      "type": "Feature",
      "properties": {
        "code": "07ED792",
        "_color": "#ff0000",
        "_weight": 2,
        "_fillOpacity": 0,
        "_opacity": 0.8,
        "_fill": false,
        "_fillColor": "transparent"
      },
      "geometry": {
        "type": "Polygon",
        "coordinates": [
          [
            [
              137.14407074,
              37.41941382
            ],
            [
              137.14406668,
              37.43293043
            ],
            [
              137.16666667,
              37.43293259
            ],
            [
              137.16666667,
              37.41941598
            ],
            [
              137.14407074,
              37.41941382
            ]
          ]
        ]
      }
    },
    {
      "type": "Feature",
      "properties": {
        "code": "07ED692",
        "_color": "#ff0000",
        "_weight": 2,
        "_fillOpacity": 0,
        "_opacity": 0.8,
        "_fill": false,
        "_fillColor": "transparent"
      },
      "geometry": {
        "type": "Polygon",
        "coordinates": [
          [
            [
              137.14406261,
              37.44644701
            ],
            [
              137.14405855,
              37.45996356
            ],
            [
              137.16666667,
              37.45996572
            ],
            [
              137.16666667,
              37.44644917
            ],
            [
              137.14406261,
              37.44644701
            ]
          ]
        ]
      }
    },
    {
      "type": "Feature",
      "properties": {
        "code": "07ED691",
        "_color": "#ff0000",
        "_weight": 2,
        "_fillOpacity": 0,
        "_opacity": 0.8,
        "_fill": false,
        "_fillColor": "transparent"
      },
      "geometry": {
        "type": "Polygon",
        "coordinates": [
          [
            [
              137.12145857,
              37.44644053
            ],
            [
              137.12145043,
              37.45995707
            ],
            [
              137.14405855,
              37.45996356
            ],
            [
              137.14406261,
              37.44644701
            ],
            [
              137.12145857,
              37.44644053
            ]
          ]
        ]
      }
    },
    {
      "type": "Feature",
      "properties": {
        "code": "07ED593",
        "_color": "#ff0000",
        "_weight": 2,
        "_fillOpacity": 0,
        "_opacity": 0.8,
        "_fill": false,
        "_fillColor": "transparent"
      },
      "geometry": {
        "type": "Polygon",
        "coordinates": [
          [
            [
              137.12145043,
              37.45995707
            ],
            [
              137.12144229,
              37.47347359
            ],
            [
              137.14405448,
              37.47348008
            ],
            [
              137.14405855,
              37.45996356
            ],
            [
              137.12145043,
              37.45995707
            ]
          ]
        ]
      }
    },
    {
      "type": "Feature",
      "properties": {
        "code": "07ED594",
        "_color": "#ff0000",
        "_weight": 2,
        "_fillOpacity": 0,
        "_opacity": 0.8,
        "_fill": false,
        "_fillColor": "transparent"
      },
      "geometry": {
        "type": "Polygon",
        "coordinates": [
          [
            [
              137.14405855,
              37.45996356
            ],
            [
              137.14405448,
              37.47348008
            ],
            [
              137.16666667,
              37.47348224
            ],
            [
              137.16666667,
              37.45996572
            ],
            [
              137.14405855,
              37.45996356
            ]
          ]
        ]
      }
    },
    {
      "type": "Feature",
      "properties": {
        "code": "07EE503",
        "_color": "#ff0000",
        "_weight": 2,
        "_fillOpacity": 0,
        "_opacity": 0.8,
        "_fill": false,
        "_fillColor": "transparent"
      },
      "geometry": {
        "type": "Polygon",
        "coordinates": [
          [
            [
              137.16666667,
              37.45996572
            ],
            [
              137.16666667,
              37.47348224
            ],
            [
              137.18927886,
              37.47348008
            ],
            [
              137.18927479,
              37.45996356
            ],
            [
              137.16666667,
              37.45996572
            ]
          ]
        ]
      }
    },
    {
      "type": "Feature",
      "properties": {
        "code": "07EE601",
        "_color": "#ff0000",
        "_weight": 2,
        "_fillOpacity": 0,
        "_opacity": 0.8,
        "_fill": false,
        "_fillColor": "transparent"
      },
      "geometry": {
        "type": "Polygon",
        "coordinates": [
          [
            [
              137.16666667,
              37.44644917
            ],
            [
              137.16666667,
              37.45996572
            ],
            [
              137.18927479,
              37.45996356
            ],
            [
              137.18927072,
              37.44644701
            ],
            [
              137.16666667,
              37.44644917
            ]
          ]
        ]
      }
    },
    {
      "type": "Feature",
      "properties": {
        "code": "07EE602",
        "_color": "#ff0000",
        "_weight": 2,
        "_fillOpacity": 0,
        "_opacity": 0.8,
        "_fill": false,
        "_fillColor": "transparent"
      },
      "geometry": {
        "type": "Polygon",
        "coordinates": [
          [
            [
              137.18927072,
              37.44644701
            ],
            [
              137.18927479,
              37.45996356
            ],
            [
              137.2118829,
              37.45995707
            ],
            [
              137.21187477,
              37.44644053
            ],
            [
              137.18927072,
              37.44644701
            ]
          ]
        ]
      }
    },
    {
      "type": "Feature",
      "properties": {
        "code": "07EE504",
        "_color": "#ff0000",
        "_weight": 2,
        "_fillOpacity": 0,
        "_opacity": 0.8,
        "_fill": false,
        "_fillColor": "transparent"
      },
      "geometry": {
        "type": "Polygon",
        "coordinates": [
          [
            [
              137.18927479,
              37.45996356
            ],
            [
              137.18927886,
              37.47348008
            ],
            [
              137.21189104,
              37.47347359
            ],
            [
              137.2118829,
              37.45995707
            ],
            [
              137.18927479,
              37.45996356
            ]
          ]
        ]
      }
    },
    {
      "type": "Feature",
      "properties": {
        "code": "07EE502",
        "_color": "#ff0000",
        "_weight": 2,
        "_fillOpacity": 0,
        "_opacity": 0.8,
        "_fill": false,
        "_fillColor": "transparent"
      },
      "geometry": {
        "type": "Polygon",
        "coordinates": [
          [
            [
              137.18927886,
              37.47348008
            ],
            [
              137.18928293,
              37.48699657
            ],
            [
              137.21189919,
              37.48699007
            ],
            [
              137.21189104,
              37.47347359
            ],
            [
              137.18927886,
              37.47348008
            ]
          ]
        ]
      }
    },
    {
      "type": "Feature",
      "properties": {
        "code": "07EE501",
        "_color": "#ff0000",
        "_weight": 2,
        "_fillOpacity": 0,
        "_opacity": 0.8,
        "_fill": false,
        "_fillColor": "transparent"
      },
      "geometry": {
        "type": "Polygon",
        "coordinates": [
          [
            [
              137.16666667,
              37.47348224
            ],
            [
              137.16666667,
              37.48699873
            ],
            [
              137.18928293,
              37.48699657
            ],
            [
              137.18927886,
              37.47348008
            ],
            [
              137.16666667,
              37.47348224
            ]
          ]
        ]
      }
    },
    {
      "type": "Feature",
      "properties": {
        "code": "07EE403",
        "_color": "#ff0000",
        "_weight": 2,
        "_fillOpacity": 0,
        "_opacity": 0.8,
        "_fill": false,
        "_fillColor": "transparent"
      },
      "geometry": {
        "type": "Polygon",
        "coordinates": [
          [
            [
              137.16666667,
              37.48699873
            ],
            [
              137.16666667,
              37.50051519
            ],
            [
              137.18928701,
              37.50051302
            ],
            [
              137.18928293,
              37.48699657
            ],
            [
              137.16666667,
              37.48699873
            ]
          ]
        ]
      }
    },
    {
      "type": "Feature",
      "properties": {
        "code": "07EE401",
        "_color": "#ff0000",
        "_weight": 2,
        "_fillOpacity": 0,
        "_opacity": 0.8,
        "_fill": false,
        "_fillColor": "transparent"
      },
      "geometry": {
        "type": "Polygon",
        "coordinates": [
          [
            [
              137.16666667,
              37.50051519
            ],
            [
              137.16666667,
              37.51403162
            ],
            [
              137.18929109,
              37.51402945
            ],
            [
              137.18928701,
              37.50051302
            ],
            [
              137.16666667,
              37.50051519
            ]
          ]
        ]
      }
    },
    {
      "type": "Feature",
      "properties": {
        "code": "07EE404",
        "_color": "#ff0000",
        "_weight": 2,
        "_fillOpacity": 0,
        "_opacity": 0.8,
        "_fill": false,
        "_fillColor": "transparent"
      },
      "geometry": {
        "type": "Polygon",
        "coordinates": [
          [
            [
              137.18928293,
              37.48699657
            ],
            [
              137.18928701,
              37.50051302
            ],
            [
              137.21190734,
              37.50050653
            ],
            [
              137.21189919,
              37.48699007
            ],
            [
              137.18928293,
              37.48699657
            ]
          ]
        ]
      }
    },
    {
      "type": "Feature",
      "properties": {
        "code": "07ED494",
        "_color": "#ff0000",
        "_weight": 2,
        "_fillOpacity": 0,
        "_opacity": 0.8,
        "_fill": false,
        "_fillColor": "transparent"
      },
      "geometry": {
        "type": "Polygon",
        "coordinates": [
          [
            [
              137.1440504,
              37.48699657
            ],
            [
              137.14404633,
              37.50051302
            ],
            [
              137.16666667,
              37.50051519
            ],
            [
              137.16666667,
              37.48699873
            ],
            [
              137.1440504,
              37.48699657
            ]
          ]
        ]
      }
    },
    {
      "type": "Feature",
      "properties": {
        "code": "07ED592",
        "_color": "#ff0000",
        "_weight": 2,
        "_fillOpacity": 0,
        "_opacity": 0.8,
        "_fill": false,
        "_fillColor": "transparent"
      },
      "geometry": {
        "type": "Polygon",
        "coordinates": [
          [
            [
              137.14405448,
              37.47348008
            ],
            [
              137.1440504,
              37.48699657
            ],
            [
              137.16666667,
              37.48699873
            ],
            [
              137.16666667,
              37.47348224
            ],
            [
              137.14405448,
              37.47348008
            ]
          ]
        ]
      }
    },
    {
      "type": "Feature",
      "properties": {
        "code": "07ED591",
        "_color": "#ff0000",
        "_weight": 2,
        "_fillOpacity": 0,
        "_opacity": 0.8,
        "_fill": false,
        "_fillColor": "transparent"
      },
      "geometry": {
        "type": "Polygon",
        "coordinates": [
          [
            [
              137.12144229,
              37.47347359
            ],
            [
              137.12143414,
              37.48699007
            ],
            [
              137.1440504,
              37.48699657
            ],
            [
              137.14405448,
              37.47348008
            ],
            [
              137.12144229,
              37.47347359
            ]
          ]
        ]
      }
    },
    {
      "type": "Feature",
      "properties": {
        "code": "07ED582",
        "_color": "#ff0000",
        "_weight": 2,
        "_fillOpacity": 0,
        "_opacity": 0.8,
        "_fill": false,
        "_fillColor": "transparent"
      },
      "geometry": {
        "type": "Polygon",
        "coordinates": [
          [
            [
              137.09883011,
              37.47346277
            ],
            [
              137.09881789,
              37.48697925
            ],
            [
              137.12143414,
              37.48699007
            ],
            [
              137.12144229,
              37.47347359
            ],
            [
              137.09883011,
              37.47346277
            ]
          ]
        ]
      }
    },
    {
      "type": "Feature",
      "properties": {
        "code": "07ED581",
        "_color": "#ff0000",
        "_weight": 2,
        "_fillOpacity": 0,
        "_opacity": 0.8,
        "_fill": false,
        "_fillColor": "transparent"
      },
      "geometry": {
        "type": "Polygon",
        "coordinates": [
          [
            [
              137.07621795,
              37.47344763
            ],
            [
              137.07620166,
              37.4869641
            ],
            [
              137.09881789,
              37.48697925
            ],
            [
              137.09883011,
              37.47346277
            ],
            [
              137.07621795,
              37.47344763
            ]
          ]
        ]
      }
    },
    {
      "type": "Feature",
      "properties": {
        "code": "07ED671",
        "_color": "#ff0000",
        "_weight": 2,
        "_fillOpacity": 0,
        "_opacity": 0.8,
        "_fill": false,
        "_fillColor": "transparent"
      },
      "geometry": {
        "type": "Polygon",
        "coordinates": [
          [
            [
              137.03104252,
              37.44637136
            ],
            [
              137.03101811,
              37.45988787
            ],
            [
              137.05362616,
              37.45991166
            ],
            [
              137.0536465,
              37.44639514
            ],
            [
              137.03104252,
              37.44637136
            ]
          ]
        ]
      }
    },
    {
      "type": "Feature",
      "properties": {
        "code": "07ED672",
        "_color": "#ff0000",
        "_weight": 2,
        "_fillOpacity": 0,
        "_opacity": 0.8,
        "_fill": false,
        "_fillColor": "transparent"
      },
      "geometry": {
        "type": "Polygon",
        "coordinates": [
          [
            [
              137.0536465,
              37.44639514
            ],
            [
              137.05362616,
              37.45991166
            ],
            [
              137.07623423,
              37.45993112
            ],
            [
              137.0762505,
              37.44641459
            ],
            [
              137.0536465,
              37.44639514
            ]
          ]
        ]
      }
    },
    {
      "type": "Feature",
      "properties": {
        "code": "07ED583",
        "_color": "#ff0000",
        "_weight": 2,
        "_fillOpacity": 0,
        "_opacity": 0.8,
        "_fill": false,
        "_fillColor": "transparent"
      },
      "geometry": {
        "type": "Polygon",
        "coordinates": [
          [
            [
              137.07623423,
              37.45993112
            ],
            [
              137.07621795,
              37.47344763
            ],
            [
              137.09883011,
              37.47346277
            ],
            [
              137.09884232,
              37.45994626
            ],
            [
              137.07623423,
              37.45993112
            ]
          ]
        ]
      }
    },
    {
      "type": "Feature",
      "properties": {
        "code": "07ED584",
        "_color": "#ff0000",
        "_weight": 2,
        "_fillOpacity": 0,
        "_opacity": 0.8,
        "_fill": false,
        "_fillColor": "transparent"
      },
      "geometry": {
        "type": "Polygon",
        "coordinates": [
          [
            [
              137.09884232,
              37.45994626
            ],
            [
              137.09883011,
              37.47346277
            ],
            [
              137.12144229,
              37.47347359
            ],
            [
              137.12145043,
              37.45995707
            ],
            [
              137.09884232,
              37.45994626
            ]
          ]
        ]
      }
    },
    {
      "type": "Feature",
      "properties": {
        "code": "07ED682",
        "_color": "#ff0000",
        "_weight": 2,
        "_fillOpacity": 0,
        "_opacity": 0.8,
        "_fill": false,
        "_fillColor": "transparent"
      },
      "geometry": {
        "type": "Polygon",
        "coordinates": [
          [
            [
              137.09885453,
              37.44642972
            ],
            [
              137.09884232,
              37.45994626
            ],
            [
              137.12145043,
              37.45995707
            ],
            [
              137.12145857,
              37.44644053
            ],
            [
              137.09885453,
              37.44642972
            ]
          ]
        ]
      }
    },
    {
      "type": "Feature",
      "properties": {
        "code": "07ED681",
        "_color": "#ff0000",
        "_weight": 2,
        "_fillOpacity": 0,
        "_opacity": 0.8,
        "_fill": false,
        "_fillColor": "transparent"
      },
      "geometry": {
        "type": "Polygon",
        "coordinates": [
          [
            [
              137.0762505,
              37.44641459
            ],
            [
              137.07623423,
              37.45993112
            ],
            [
              137.09884232,
              37.45994626
            ],
            [
              137.09885453,
              37.44642972
            ],
            [
              137.0762505,
              37.44641459
            ]
          ]
        ]
      }
    },
    {
      "type": "Feature",
      "properties": {
        "code": "07ED683",
        "_color": "#ff0000",
        "_weight": 2,
        "_fillOpacity": 0,
        "_opacity": 0.8,
        "_fill": false,
        "_fillColor": "transparent"
      },
      "geometry": {
        "type": "Polygon",
        "coordinates": [
          [
            [
              137.07626676,
              37.43289802
            ],
            [
              137.0762505,
              37.44641459
            ],
            [
              137.09885453,
              37.44642972
            ],
            [
              137.09886672,
              37.43291315
            ],
            [
              137.07626676,
              37.43289802
            ]
          ]
        ]
      }
    },
    {
      "type": "Feature",
      "properties": {
        "code": "07ED781",
        "_color": "#ff0000",
        "_weight": 2,
        "_fillOpacity": 0,
        "_opacity": 0.8,
        "_fill": false,
        "_fillColor": "transparent"
      },
      "geometry": {
        "type": "Polygon",
        "coordinates": [
          [
            [
              137.07628301,
              37.41938143
            ],
            [
              137.07626676,
              37.43289802
            ],
            [
              137.09886672,
              37.43291315
            ],
            [
              137.09887891,
              37.41939654
            ],
            [
              137.07628301,
              37.41938143
            ]
          ]
        ]
      }
    },
    {
      "type": "Feature",
      "properties": {
        "code": "07ED684",
        "_color": "#ff0000",
        "_weight": 2,
        "_fillOpacity": 0,
        "_opacity": 0.8,
        "_fill": false,
        "_fillColor": "transparent"
      },
      "geometry": {
        "type": "Polygon",
        "coordinates": [
          [
            [
              137.09886672,
              37.43291315
            ],
            [
              137.09885453,
              37.44642972
            ],
            [
              137.12145857,
              37.44644053
            ],
            [
              137.1214667,
              37.43292395
            ],
            [
              137.09886672,
              37.43291315
            ]
          ]
        ]
      }
    },
    {
      "type": "Feature",
      "properties": {
        "code": "07ED782",
        "_color": "#ff0000",
        "_weight": 2,
        "_fillOpacity": 0,
        "_opacity": 0.8,
        "_fill": false,
        "_fillColor": "transparent"
      },
      "geometry": {
        "type": "Polygon",
        "coordinates": [
          [
            [
              137.09887891,
              37.41939654
            ],
            [
              137.09886672,
              37.43291315
            ],
            [
              137.1214667,
              37.43292395
            ],
            [
              137.12147482,
              37.41940734
            ],
            [
              137.09887891,
              37.41939654
            ]
          ]
        ]
      }
    },
    {
      "type": "Feature",
      "properties": {
        "code": "07ED784",
        "_color": "#ff0000",
        "_weight": 2,
        "_fillOpacity": 0,
        "_opacity": 0.8,
        "_fill": false,
        "_fillColor": "transparent"
      },
      "geometry": {
        "type": "Polygon",
        "coordinates": [
          [
            [
              137.09889109,
              37.40587991
            ],
            [
              137.09887891,
              37.41939654
            ],
            [
              137.12147482,
              37.41940734
            ],
            [
              137.12148294,
              37.4058907
            ],
            [
              137.09889109,
              37.40587991
            ]
          ]
        ]
      }
    },
    {
      "type": "Feature",
      "properties": {
        "code": "07ED783",
        "_color": "#ff0000",
        "_weight": 2,
        "_fillOpacity": 0,
        "_opacity": 0.8,
        "_fill": false,
        "_fillColor": "transparent"
      },
      "geometry": {
        "type": "Polygon",
        "coordinates": [
          [
            [
              137.07629925,
              37.4058648
            ],
            [
              137.07628301,
              37.41938143
            ],
            [
              137.09887891,
              37.41939654
            ],
            [
              137.09889109,
              37.40587991
            ],
            [
              137.07629925,
              37.4058648
            ]
          ]
        ]
      }
    },
    {
      "type": "Feature",
      "properties": {
        "code": "07ED774",
        "_color": "#ff0000",
        "_weight": 2,
        "_fillOpacity": 0,
        "_opacity": 0.8,
        "_fill": false,
        "_fillColor": "transparent"
      },
      "geometry": {
        "type": "Polygon",
        "coordinates": [
          [
            [
              137.05370744,
              37.40584538
            ],
            [
              137.05368714,
              37.41936199
            ],
            [
              137.07628301,
              37.41938143
            ],
            [
              137.07629925,
              37.4058648
            ],
            [
              137.05370744,
              37.40584538
            ]
          ]
        ]
      }
    },
    {
      "type": "Feature",
      "properties": {
        "code": "07ED674",
        "_color": "#ff0000",
        "_weight": 2,
        "_fillOpacity": 0,
        "_opacity": 0.8,
        "_fill": false,
        "_fillColor": "transparent"
      },
      "geometry": {
        "type": "Polygon",
        "coordinates": [
          [
            [
              137.05366682,
              37.43287858
            ],
            [
              137.0536465,
              37.44639514
            ],
            [
              137.0762505,
              37.44641459
            ],
            [
              137.07626676,
              37.43289802
            ],
            [
              137.05366682,
              37.43287858
            ]
          ]
        ]
      }
    },
    {
      "type": "Feature",
      "properties": {
        "code": "07ED772",
        "_color": "#ff0000",
        "_weight": 2,
        "_fillOpacity": 0,
        "_opacity": 0.8,
        "_fill": false,
        "_fillColor": "transparent"
      },
      "geometry": {
        "type": "Polygon",
        "coordinates": [
          [
            [
              137.05368714,
              37.41936199
            ],
            [
              137.05366682,
              37.43287858
            ],
            [
              137.07626676,
              37.43289802
            ],
            [
              137.07628301,
              37.41938143
            ],
            [
              137.05368714,
              37.41936199
            ]
          ]
        ]
      }
    },
    {
      "type": "Feature",
      "properties": {
        "code": "07ED673",
        "_color": "#ff0000",
        "_weight": 2,
        "_fillOpacity": 0,
        "_opacity": 0.8,
        "_fill": false,
        "_fillColor": "transparent"
      },
      "geometry": {
        "type": "Polygon",
        "coordinates": [
          [
            [
              137.03106691,
              37.43285481
            ],
            [
              137.03104252,
              37.44637136
            ],
            [
              137.0536465,
              37.44639514
            ],
            [
              137.05366682,
              37.43287858
            ],
            [
              137.03106691,
              37.43285481
            ]
          ]
        ]
      }
    },
    {
      "type": "Feature",
      "properties": {
        "code": "07ED771",
        "_color": "#ff0000",
        "_weight": 2,
        "_fillOpacity": 0,
        "_opacity": 0.8,
        "_fill": false,
        "_fillColor": "transparent"
      },
      "geometry": {
        "type": "Polygon",
        "coordinates": [
          [
            [
              137.03109128,
              37.41933824
            ],
            [
              137.03106691,
              37.43285481
            ],
            [
              137.05366682,
              37.43287858
            ],
            [
              137.05368714,
              37.41936199
            ],
            [
              137.03109128,
              37.41933824
            ]
          ]
        ]
      }
    },
    {
      "type": "Feature",
      "properties": {
        "code": "07ED773",
        "_color": "#ff0000",
        "_weight": 2,
        "_fillOpacity": 0,
        "_opacity": 0.8,
        "_fill": false,
        "_fillColor": "transparent"
      },
      "geometry": {
        "type": "Polygon",
        "coordinates": [
          [
            [
              137.03111564,
              37.40582163
            ],
            [
              137.03109128,
              37.41933824
            ],
            [
              137.05368714,
              37.41936199
            ],
            [
              137.05370744,
              37.40584538
            ],
            [
              137.03111564,
              37.40582163
            ]
          ]
        ]
      }
    },
    {
      "type": "Feature",
      "properties": {
        "code": "07ED871",
        "_color": "#ff0000",
        "_weight": 2,
        "_fillOpacity": 0,
        "_opacity": 0.8,
        "_fill": false,
        "_fillColor": "transparent"
      },
      "geometry": {
        "type": "Polygon",
        "coordinates": [
          [
            [
              137.03113999,
              37.392305
            ],
            [
              137.03111564,
              37.40582163
            ],
            [
              137.05370744,
              37.40584538
            ],
            [
              137.05372772,
              37.39232873
            ],
            [
              137.03113999,
              37.392305
            ]
          ]
        ]
      }
    },
    {
      "type": "Feature",
      "properties": {
        "code": "07ED872",
        "_color": "#ff0000",
        "_weight": 2,
        "_fillOpacity": 0,
        "_opacity": 0.8,
        "_fill": false,
        "_fillColor": "transparent"
      },
      "geometry": {
        "type": "Polygon",
        "coordinates": [
          [
            [
              137.05372772,
              37.39232873
            ],
            [
              137.05370744,
              37.40584538
            ],
            [
              137.07629925,
              37.4058648
            ],
            [
              137.07631548,
              37.39234814
            ],
            [
              137.05372772,
              37.39232873
            ]
          ]
        ]
      }
    },
    {
      "type": "Feature",
      "properties": {
        "code": "07ED874",
        "_color": "#ff0000",
        "_weight": 2,
        "_fillOpacity": 0,
        "_opacity": 0.8,
        "_fill": false,
        "_fillColor": "transparent"
      },
      "geometry": {
        "type": "Polygon",
        "coordinates": [
          [
            [
              137.05374799,
              37.37881205
            ],
            [
              137.05372772,
              37.39232873
            ],
            [
              137.07631548,
              37.39234814
            ],
            [
              137.0763317,
              37.37883145
            ],
            [
              137.05374799,
              37.37881205
            ]
          ]
        ]
      }
    },
    {
      "type": "Feature",
      "properties": {
        "code": "07ED873",
        "_color": "#ff0000",
        "_weight": 2,
        "_fillOpacity": 0,
        "_opacity": 0.8,
        "_fill": false,
        "_fillColor": "transparent"
      },
      "geometry": {
        "type": "Polygon",
        "coordinates": [
          [
            [
              137.03116431,
              37.37878833
            ],
            [
              137.03113999,
              37.392305
            ],
            [
              137.05372772,
              37.39232873
            ],
            [
              137.05374799,
              37.37881205
            ],
            [
              137.03116431,
              37.37878833
            ]
          ]
        ]
      }
    },
    {
      "type": "Feature",
      "properties": {
        "code": "07ED971",
        "_color": "#ff0000",
        "_weight": 2,
        "_fillOpacity": 0,
        "_opacity": 0.8,
        "_fill": false,
        "_fillColor": "transparent"
      },
      "geometry": {
        "type": "Polygon",
        "coordinates": [
          [
            [
              137.03118862,
              37.36527163
            ],
            [
              137.03116431,
              37.37878833
            ],
            [
              137.05374799,
              37.37881205
            ],
            [
              137.05376825,
              37.36529534
            ],
            [
              137.03118862,
              37.36527163
            ]
          ]
        ]
      }
    },
    {
      "type": "Feature",
      "properties": {
        "code": "07ED973",
        "_color": "#ff0000",
        "_weight": 2,
        "_fillOpacity": 0,
        "_opacity": 0.8,
        "_fill": false,
        "_fillColor": "transparent"
      },
      "geometry": {
        "type": "Polygon",
        "coordinates": [
          [
            [
              137.03121292,
              37.3517549
            ],
            [
              137.03118862,
              37.36527163
            ],
            [
              137.05376825,
              37.36529534
            ],
            [
              137.0537885,
              37.3517786
            ],
            [
              137.03121292,
              37.3517549
            ]
          ]
        ]
      }
    },
    {
      "type": "Feature",
      "properties": {
        "code": "07FD071",
        "_color": "#ff0000",
        "_weight": 2,
        "_fillOpacity": 0,
        "_opacity": 0.8,
        "_fill": false,
        "_fillColor": "transparent"
      },
      "geometry": {
        "type": "Polygon",
        "coordinates": [
          [
            [
              137.03123719,
              37.33823814
            ],
            [
              137.03121292,
              37.3517549
            ],
            [
              137.0537885,
              37.3517786
            ],
            [
              137.05380873,
              37.33826182
            ],
            [
              137.03123719,
              37.33823814
            ]
          ]
        ]
      }
    },
    {
      "type": "Feature",
      "properties": {
        "code": "07FD072",
        "_color": "#ff0000",
        "_weight": 2,
        "_fillOpacity": 0,
        "_opacity": 0.8,
        "_fill": false,
        "_fillColor": "transparent"
      },
      "geometry": {
        "type": "Polygon",
        "coordinates": [
          [
            [
              137.05380873,
              37.33826182
            ],
            [
              137.0537885,
              37.3517786
            ],
            [
              137.0763641,
              37.35179798
            ],
            [
              137.07638029,
              37.3382812
            ],
            [
              137.05380873,
              37.33826182
            ]
          ]
        ]
      }
    },
    {
      "type": "Feature",
      "properties": {
        "code": "07ED974",
        "_color": "#ff0000",
        "_weight": 2,
        "_fillOpacity": 0,
        "_opacity": 0.8,
        "_fill": false,
        "_fillColor": "transparent"
      },
      "geometry": {
        "type": "Polygon",
        "coordinates": [
          [
            [
              137.0537885,
              37.3517786
            ],
            [
              137.05376825,
              37.36529534
            ],
            [
              137.07634791,
              37.36531473
            ],
            [
              137.0763641,
              37.35179798
            ],
            [
              137.0537885,
              37.3517786
            ]
          ]
        ]
      }
    },
    {
      "type": "Feature",
      "properties": {
        "code": "07ED972",
        "_color": "#ff0000",
        "_weight": 2,
        "_fillOpacity": 0,
        "_opacity": 0.8,
        "_fill": false,
        "_fillColor": "transparent"
      },
      "geometry": {
        "type": "Polygon",
        "coordinates": [
          [
            [
              137.05376825,
              37.36529534
            ],
            [
              137.05374799,
              37.37881205
            ],
            [
              137.0763317,
              37.37883145
            ],
            [
              137.07634791,
              37.36531473
            ],
            [
              137.05376825,
              37.36529534
            ]
          ]
        ]
      }
    },
    {
      "type": "Feature",
      "properties": {
        "code": "07ED981",
        "_color": "#ff0000",
        "_weight": 2,
        "_fillOpacity": 0,
        "_opacity": 0.8,
        "_fill": false,
        "_fillColor": "transparent"
      },
      "geometry": {
        "type": "Polygon",
        "coordinates": [
          [
            [
              137.07634791,
              37.36531473
            ],
            [
              137.0763317,
              37.37883145
            ],
            [
              137.09891542,
              37.37884655
            ],
            [
              137.09892758,
              37.36532982
            ],
            [
              137.07634791,
              37.36531473
            ]
          ]
        ]
      }
    },
    {
      "type": "Feature",
      "properties": {
        "code": "07ED983",
        "_color": "#ff0000",
        "_weight": 2,
        "_fillOpacity": 0,
        "_opacity": 0.8,
        "_fill": false,
        "_fillColor": "transparent"
      },
      "geometry": {
        "type": "Polygon",
        "coordinates": [
          [
            [
              137.0763641,
              37.35179798
            ],
            [
              137.07634791,
              37.36531473
            ],
            [
              137.09892758,
              37.36532982
            ],
            [
              137.09893973,
              37.35181306
            ],
            [
              137.0763641,
              37.35179798
            ]
          ]
        ]
      }
    },
    {
      "type": "Feature",
      "properties": {
        "code": "07FD081",
        "_color": "#ff0000",
        "_weight": 2,
        "_fillOpacity": 0,
        "_opacity": 0.8,
        "_fill": false,
        "_fillColor": "transparent"
      },
      "geometry": {
        "type": "Polygon",
        "coordinates": [
          [
            [
              137.07638029,
              37.3382812
            ],
            [
              137.0763641,
              37.35179798
            ],
            [
              137.09893973,
              37.35181306
            ],
            [
              137.09895186,
              37.33829627
            ],
            [
              137.07638029,
              37.3382812
            ]
          ]
        ]
      }
    },
    {
      "type": "Feature",
      "properties": {
        "code": "07FD082",
        "_color": "#ff0000",
        "_weight": 2,
        "_fillOpacity": 0,
        "_opacity": 0.8,
        "_fill": false,
        "_fillColor": "transparent"
      },
      "geometry": {
        "type": "Polygon",
        "coordinates": [
          [
            [
              137.09895186,
              37.33829627
            ],
            [
              137.09893973,
              37.35181306
            ],
            [
              137.12151536,
              37.35182383
            ],
            [
              137.12152346,
              37.33830704
            ],
            [
              137.09895186,
              37.33829627
            ]
          ]
        ]
      }
    },
    {
      "type": "Feature",
      "properties": {
        "code": "07ED984",
        "_color": "#ff0000",
        "_weight": 2,
        "_fillOpacity": 0,
        "_opacity": 0.8,
        "_fill": false,
        "_fillColor": "transparent"
      },
      "geometry": {
        "type": "Polygon",
        "coordinates": [
          [
            [
              137.09893973,
              37.35181306
            ],
            [
              137.09892758,
              37.36532982
            ],
            [
              137.12150727,
              37.3653406
            ],
            [
              137.12151536,
              37.35182383
            ],
            [
              137.09893973,
              37.35181306
            ]
          ]
        ]
      }
    },
    {
      "type": "Feature",
      "properties": {
        "code": "07ED982",
        "_color": "#ff0000",
        "_weight": 2,
        "_fillOpacity": 0,
        "_opacity": 0.8,
        "_fill": false,
        "_fillColor": "transparent"
      },
      "geometry": {
        "type": "Polygon",
        "coordinates": [
          [
            [
              137.09892758,
              37.36532982
            ],
            [
              137.09891542,
              37.37884655
            ],
            [
              137.12149916,
              37.37885733
            ],
            [
              137.12150727,
              37.3653406
            ],
            [
              137.09892758,
              37.36532982
            ]
          ]
        ]
      }
    },
    {
      "type": "Feature",
      "properties": {
        "code": "07ED884",
        "_color": "#ff0000",
        "_weight": 2,
        "_fillOpacity": 0,
        "_opacity": 0.8,
        "_fill": false,
        "_fillColor": "transparent"
      },
      "geometry": {
        "type": "Polygon",
        "coordinates": [
          [
            [
              137.09891542,
              37.37884655
            ],
            [
              137.09890326,
              37.39236324
            ],
            [
              137.12149105,
              37.39237403
            ],
            [
              137.12149916,
              37.37885733
            ],
            [
              137.09891542,
              37.37884655
            ]
          ]
        ]
      }
    },
    {
      "type": "Feature",
      "properties": {
        "code": "07ED883",
        "_color": "#ff0000",
        "_weight": 2,
        "_fillOpacity": 0,
        "_opacity": 0.8,
        "_fill": false,
        "_fillColor": "transparent"
      },
      "geometry": {
        "type": "Polygon",
        "coordinates": [
          [
            [
              137.0763317,
              37.37883145
            ],
            [
              137.07631548,
              37.39234814
            ],
            [
              137.09890326,
              37.39236324
            ],
            [
              137.09891542,
              37.37884655
            ],
            [
              137.0763317,
              37.37883145
            ]
          ]
        ]
      }
    },
    {
      "type": "Feature",
      "properties": {
        "code": "07ED881",
        "_color": "#ff0000",
        "_weight": 2,
        "_fillOpacity": 0,
        "_opacity": 0.8,
        "_fill": false,
        "_fillColor": "transparent"
      },
      "geometry": {
        "type": "Polygon",
        "coordinates": [
          [
            [
              137.07631548,
              37.39234814
            ],
            [
              137.07629925,
              37.4058648
            ],
            [
              137.09889109,
              37.40587991
            ],
            [
              137.09890326,
              37.39236324
            ],
            [
              137.07631548,
              37.39234814
            ]
          ]
        ]
      }
    },
    {
      "type": "Feature",
      "properties": {
        "code": "07ED882",
        "_color": "#ff0000",
        "_weight": 2,
        "_fillOpacity": 0,
        "_opacity": 0.8,
        "_fill": false,
        "_fillColor": "transparent"
      },
      "geometry": {
        "type": "Polygon",
        "coordinates": [
          [
            [
              137.09890326,
              37.39236324
            ],
            [
              137.09889109,
              37.40587991
            ],
            [
              137.12148294,
              37.4058907
            ],
            [
              137.12149105,
              37.39237403
            ],
            [
              137.09890326,
              37.39236324
            ]
          ]
        ]
      }
    },
    {
      "type": "Feature",
      "properties": {
        "code": "07ED891",
        "_color": "#ff0000",
        "_weight": 2,
        "_fillOpacity": 0,
        "_opacity": 0.8,
        "_fill": false,
        "_fillColor": "transparent"
      },
      "geometry": {
        "type": "Polygon",
        "coordinates": [
          [
            [
              137.12149105,
              37.39237403
            ],
            [
              137.12148294,
              37.4058907
            ],
            [
              137.1440748,
              37.40589718
            ],
            [
              137.14407886,
              37.3923805
            ],
            [
              137.12149105,
              37.39237403
            ]
          ]
        ]
      }
    },
    {
      "type": "Feature",
      "properties": {
        "code": "07ED893",
        "_color": "#ff0000",
        "_weight": 2,
        "_fillOpacity": 0,
        "_opacity": 0.8,
        "_fill": false,
        "_fillColor": "transparent"
      },
      "geometry": {
        "type": "Polygon",
        "coordinates": [
          [
            [
              137.12149916,
              37.37885733
            ],
            [
              137.12149105,
              37.39237403
            ],
            [
              137.14407886,
              37.3923805
            ],
            [
              137.14408291,
              37.3788638
            ],
            [
              137.12149916,
              37.37885733
            ]
          ]
        ]
      }
    },
    {
      "type": "Feature",
      "properties": {
        "code": "07ED894",
        "_color": "#ff0000",
        "_weight": 2,
        "_fillOpacity": 0,
        "_opacity": 0.8,
        "_fill": false,
        "_fillColor": "transparent"
      },
      "geometry": {
        "type": "Polygon",
        "coordinates": [
          [
            [
              137.14408291,
              37.3788638
            ],
            [
              137.14407886,
              37.3923805
            ],
            [
              137.16666667,
              37.39238266
            ],
            [
              137.16666667,
              37.37886595
            ],
            [
              137.14408291,
              37.3788638
            ]
          ]
        ]
      }
    },
    {
      "type": "Feature",
      "properties": {
        "code": "07ED892",
        "_color": "#ff0000",
        "_weight": 2,
        "_fillOpacity": 0,
        "_opacity": 0.8,
        "_fill": false,
        "_fillColor": "transparent"
      },
      "geometry": {
        "type": "Polygon",
        "coordinates": [
          [
            [
              137.14407886,
              37.3923805
            ],
            [
              137.1440748,
              37.40589718
            ],
            [
              137.16666667,
              37.40589933
            ],
            [
              137.16666667,
              37.39238266
            ],
            [
              137.14407886,
              37.3923805
            ]
          ]
        ]
      }
    },
    {
      "type": "Feature",
      "properties": {
        "code": "07EE801",
        "_color": "#ff0000",
        "_weight": 2,
        "_fillOpacity": 0,
        "_opacity": 0.8,
        "_fill": false,
        "_fillColor": "transparent"
      },
      "geometry": {
        "type": "Polygon",
        "coordinates": [
          [
            [
              137.16666667,
              37.39238266
            ],
            [
              137.16666667,
              37.40589933
            ],
            [
              137.18925853,
              37.40589718
            ],
            [
              137.18925447,
              37.3923805
            ],
            [
              137.16666667,
              37.39238266
            ]
          ]
        ]
      }
    },
    {
      "type": "Feature",
      "properties": {
        "code": "07EE802",
        "_color": "#ff0000",
        "_weight": 2,
        "_fillOpacity": 0,
        "_opacity": 0.8,
        "_fill": false,
        "_fillColor": "transparent"
      },
      "geometry": {
        "type": "Polygon",
        "coordinates": [
          [
            [
              137.18925447,
              37.3923805
            ],
            [
              137.18925853,
              37.40589718
            ],
            [
              137.21185039,
              37.4058907
            ],
            [
              137.21184228,
              37.39237403
            ],
            [
              137.18925447,
              37.3923805
            ]
          ]
        ]
      }
    },
    {
      "type": "Feature",
      "properties": {
        "code": "07EE804",
        "_color": "#ff0000",
        "_weight": 2,
        "_fillOpacity": 0,
        "_opacity": 0.8,
        "_fill": false,
        "_fillColor": "transparent"
      },
      "geometry": {
        "type": "Polygon",
        "coordinates": [
          [
            [
              137.18925042,
              37.3788638
            ],
            [
              137.18925447,
              37.3923805
            ],
            [
              137.21184228,
              37.39237403
            ],
            [
              137.21183417,
              37.37885733
            ],
            [
              137.18925042,
              37.3788638
            ]
          ]
        ]
      }
    },
    {
      "type": "Feature",
      "properties": {
        "code": "07EE803",
        "_color": "#ff0000",
        "_weight": 2,
        "_fillOpacity": 0,
        "_opacity": 0.8,
        "_fill": false,
        "_fillColor": "transparent"
      },
      "geometry": {
        "type": "Polygon",
        "coordinates": [
          [
            [
              137.16666667,
              37.37886595
            ],
            [
              137.16666667,
              37.39238266
            ],
            [
              137.18925447,
              37.3923805
            ],
            [
              137.18925042,
              37.3788638
            ],
            [
              137.16666667,
              37.37886595
            ]
          ]
        ]
      }
    },
    {
      "type": "Feature",
      "properties": {
        "code": "07EE902",
        "_color": "#ff0000",
        "_weight": 2,
        "_fillOpacity": 0,
        "_opacity": 0.8,
        "_fill": false,
        "_fillColor": "transparent"
      },
      "geometry": {
        "type": "Polygon",
        "coordinates": [
          [
            [
              137.18924637,
              37.36534706
            ],
            [
              137.18925042,
              37.3788638
            ],
            [
              137.21183417,
              37.37885733
            ],
            [
              137.21182607,
              37.3653406
            ],
            [
              137.18924637,
              37.36534706
            ]
          ]
        ]
      }
    },
    {
      "type": "Feature",
      "properties": {
        "code": "07EE904",
        "_color": "#ff0000",
        "_weight": 2,
        "_fillOpacity": 0,
        "_opacity": 0.8,
        "_fill": false,
        "_fillColor": "transparent"
      },
      "geometry": {
        "type": "Polygon",
        "coordinates": [
          [
            [
              137.18924232,
              37.3518303
            ],
            [
              137.18924637,
              37.36534706
            ],
            [
              137.21182607,
              37.3653406
            ],
            [
              137.21181797,
              37.35182383
            ],
            [
              137.18924232,
              37.3518303
            ]
          ]
        ]
      }
    },
    {
      "type": "Feature",
      "properties": {
        "code": "07FE002",
        "_color": "#ff0000",
        "_weight": 2,
        "_fillOpacity": 0,
        "_opacity": 0.8,
        "_fill": false,
        "_fillColor": "transparent"
      },
      "geometry": {
        "type": "Polygon",
        "coordinates": [
          [
            [
              137.18923827,
              37.3383135
            ],
            [
              137.18924232,
              37.3518303
            ],
            [
              137.21181797,
              37.35182383
            ],
            [
              137.21180988,
              37.33830704
            ],
            [
              137.18923827,
              37.3383135
            ]
          ]
        ]
      }
    },
    {
      "type": "Feature",
      "properties": {
        "code": "07FE001",
        "_color": "#ff0000",
        "_weight": 2,
        "_fillOpacity": 0,
        "_opacity": 0.8,
        "_fill": false,
        "_fillColor": "transparent"
      },
      "geometry": {
        "type": "Polygon",
        "coordinates": [
          [
            [
              137.16666667,
              37.33831565
            ],
            [
              137.16666667,
              37.35183245
            ],
            [
              137.18924232,
              37.3518303
            ],
            [
              137.18923827,
              37.3383135
            ],
            [
              137.16666667,
              37.33831565
            ]
          ]
        ]
      }
    },
    {
      "type": "Feature",
      "properties": {
        "code": "07FD092",
        "_color": "#ff0000",
        "_weight": 2,
        "_fillOpacity": 0,
        "_opacity": 0.8,
        "_fill": false,
        "_fillColor": "transparent"
      },
      "geometry": {
        "type": "Polygon",
        "coordinates": [
          [
            [
              137.14409506,
              37.3383135
            ],
            [
              137.14409101,
              37.3518303
            ],
            [
              137.16666667,
              37.35183245
            ],
            [
              137.16666667,
              37.33831565
            ],
            [
              137.14409506,
              37.3383135
            ]
          ]
        ]
      }
    },
    {
      "type": "Feature",
      "properties": {
        "code": "07ED992",
        "_color": "#ff0000",
        "_weight": 2,
        "_fillOpacity": 0,
        "_opacity": 0.8,
        "_fill": false,
        "_fillColor": "transparent"
      },
      "geometry": {
        "type": "Polygon",
        "coordinates": [
          [
            [
              137.14408696,
              37.36534706
            ],
            [
              137.14408291,
              37.3788638
            ],
            [
              137.16666667,
              37.37886595
            ],
            [
              137.16666667,
              37.36534922
            ],
            [
              137.14408696,
              37.36534706
            ]
          ]
        ]
      }
    },
    {
      "type": "Feature",
      "properties": {
        "code": "07ED991",
        "_color": "#ff0000",
        "_weight": 2,
        "_fillOpacity": 0,
        "_opacity": 0.8,
        "_fill": false,
        "_fillColor": "transparent"
      },
      "geometry": {
        "type": "Polygon",
        "coordinates": [
          [
            [
              137.12150727,
              37.3653406
            ],
            [
              137.12149916,
              37.37885733
            ],
            [
              137.14408291,
              37.3788638
            ],
            [
              137.14408696,
              37.36534706
            ],
            [
              137.12150727,
              37.3653406
            ]
          ]
        ]
      }
    },
    {
      "type": "Feature",
      "properties": {
        "code": "07FD093",
        "_color": "#ff0000",
        "_weight": 2,
        "_fillOpacity": 0,
        "_opacity": 0.8,
        "_fill": false,
        "_fillColor": "transparent"
      },
      "geometry": {
        "type": "Polygon",
        "coordinates": [
          [
            [
              137.12153154,
              37.32479021
            ],
            [
              137.12152346,
              37.33830704
            ],
            [
              137.14409506,
              37.3383135
            ],
            [
              137.1440991,
              37.32479667
            ],
            [
              137.12153154,
              37.32479021
            ]
          ]
        ]
      }
    },
    {
      "type": "Feature",
      "properties": {
        "code": "07FD191",
        "_color": "#ff0000",
        "_weight": 2,
        "_fillOpacity": 0,
        "_opacity": 0.8,
        "_fill": false,
        "_fillColor": "transparent"
      },
      "geometry": {
        "type": "Polygon",
        "coordinates": [
          [
            [
              137.12153963,
              37.31127336
            ],
            [
              137.12153154,
              37.32479021
            ],
            [
              137.1440991,
              37.32479667
            ],
            [
              137.14410314,
              37.31127981
            ],
            [
              137.12153963,
              37.31127336
            ]
          ]
        ]
      }
    },
    {
      "type": "Feature",
      "properties": {
        "code": "07FD192",
        "_color": "#ff0000",
        "_weight": 2,
        "_fillOpacity": 0,
        "_opacity": 0.8,
        "_fill": false,
        "_fillColor": "transparent"
      },
      "geometry": {
        "type": "Polygon",
        "coordinates": [
          [
            [
              137.14410314,
              37.31127981
            ],
            [
              137.1440991,
              37.32479667
            ],
            [
              137.16666667,
              37.32479882
            ],
            [
              137.16666667,
              37.31128196
            ],
            [
              137.14410314,
              37.31127981
            ]
          ]
        ]
      }
    },
    {
      "type": "Feature",
      "properties": {
        "code": "07FD094",
        "_color": "#ff0000",
        "_weight": 2,
        "_fillOpacity": 0,
        "_opacity": 0.8,
        "_fill": false,
        "_fillColor": "transparent"
      },
      "geometry": {
        "type": "Polygon",
        "coordinates": [
          [
            [
              137.1440991,
              37.32479667
            ],
            [
              137.14409506,
              37.3383135
            ],
            [
              137.16666667,
              37.33831565
            ],
            [
              137.16666667,
              37.32479882
            ],
            [
              137.1440991,
              37.32479667
            ]
          ]
        ]
      }
    },
    {
      "type": "Feature",
      "properties": {
        "code": "07FE003",
        "_color": "#ff0000",
        "_weight": 2,
        "_fillOpacity": 0,
        "_opacity": 0.8,
        "_fill": false,
        "_fillColor": "transparent"
      },
      "geometry": {
        "type": "Polygon",
        "coordinates": [
          [
            [
              137.16666667,
              37.32479882
            ],
            [
              137.16666667,
              37.33831565
            ],
            [
              137.18923827,
              37.3383135
            ],
            [
              137.18923423,
              37.32479667
            ],
            [
              137.16666667,
              37.32479882
            ]
          ]
        ]
      }
    },
    {
      "type": "Feature",
      "properties": {
        "code": "07FE101",
        "_color": "#ff0000",
        "_weight": 2,
        "_fillOpacity": 0,
        "_opacity": 0.8,
        "_fill": false,
        "_fillColor": "transparent"
      },
      "geometry": {
        "type": "Polygon",
        "coordinates": [
          [
            [
              137.16666667,
              37.31128196
            ],
            [
              137.16666667,
              37.32479882
            ],
            [
              137.18923423,
              37.32479667
            ],
            [
              137.18923019,
              37.31127981
            ],
            [
              137.16666667,
              37.31128196
            ]
          ]
        ]
      }
    },
    {
      "type": "Feature",
      "properties": {
        "code": "07FE103",
        "_color": "#ff0000",
        "_weight": 2,
        "_fillOpacity": 0,
        "_opacity": 0.8,
        "_fill": false,
        "_fillColor": "transparent"
      },
      "geometry": {
        "type": "Polygon",
        "coordinates": [
          [
            [
              137.16666667,
              37.29776507
            ],
            [
              137.16666667,
              37.31128196
            ],
            [
              137.18923019,
              37.31127981
            ],
            [
              137.18922615,
              37.29776292
            ],
            [
              137.16666667,
              37.29776507
            ]
          ]
        ]
      }
    },
    {
      "type": "Feature",
      "properties": {
        "code": "07FE104",
        "_color": "#ff0000",
        "_weight": 2,
        "_fillOpacity": 0,
        "_opacity": 0.8,
        "_fill": false,
        "_fillColor": "transparent"
      },
      "geometry": {
        "type": "Polygon",
        "coordinates": [
          [
            [
              137.18922615,
              37.29776292
            ],
            [
              137.18923019,
              37.31127981
            ],
            [
              137.21179371,
              37.31127336
            ],
            [
              137.21178563,
              37.29775647
            ],
            [
              137.18922615,
              37.29776292
            ]
          ]
        ]
      }
    },
    {
      "type": "Feature",
      "properties": {
        "code": "07FD194",
        "_color": "#ff0000",
        "_weight": 2,
        "_fillOpacity": 0,
        "_opacity": 0.8,
        "_fill": false,
        "_fillColor": "transparent"
      },
      "geometry": {
        "type": "Polygon",
        "coordinates": [
          [
            [
              137.14410718,
              37.29776292
            ],
            [
              137.14410314,
              37.31127981
            ],
            [
              137.16666667,
              37.31128196
            ],
            [
              137.16666667,
              37.29776507
            ],
            [
              137.14410718,
              37.29776292
            ]
          ]
        ]
      }
    },
    {
      "type": "Feature",
      "properties": {
        "code": "07FD193",
        "_color": "#ff0000",
        "_weight": 2,
        "_fillOpacity": 0,
        "_opacity": 0.8,
        "_fill": false,
        "_fillColor": "transparent"
      },
      "geometry": {
        "type": "Polygon",
        "coordinates": [
          [
            [
              137.1215477,
              37.29775647
            ],
            [
              137.12153963,
              37.31127336
            ],
            [
              137.14410314,
              37.31127981
            ],
            [
              137.14410718,
              37.29776292
            ],
            [
              137.1215477,
              37.29775647
            ]
          ]
        ]
      }
    },
    {
      "type": "Feature",
      "properties": {
        "code": "07FD183",
        "_color": "#ff0000",
        "_weight": 2,
        "_fillOpacity": 0,
        "_opacity": 0.8,
        "_fill": false,
        "_fillColor": "transparent"
      },
      "geometry": {
        "type": "Polygon",
        "coordinates": [
          [
            [
              137.07642878,
              37.29773067
            ],
            [
              137.07641262,
              37.31124754
            ],
            [
              137.09897612,
              37.3112626
            ],
            [
              137.09898823,
              37.29774572
            ],
            [
              137.07642878,
              37.29773067
            ]
          ]
        ]
      }
    },
    {
      "type": "Feature",
      "properties": {
        "code": "07FD184",
        "_color": "#ff0000",
        "_weight": 2,
        "_fillOpacity": 0,
        "_opacity": 0.8,
        "_fill": false,
        "_fillColor": "transparent"
      },
      "geometry": {
        "type": "Polygon",
        "coordinates": [
          [
            [
              137.09898823,
              37.29774572
            ],
            [
              137.09897612,
              37.3112626
            ],
            [
              137.12153963,
              37.31127336
            ],
            [
              137.1215477,
              37.29775647
            ],
            [
              137.09898823,
              37.29774572
            ]
          ]
        ]
      }
    },
    {
      "type": "Feature",
      "properties": {
        "code": "07FD282",
        "_color": "#ff0000",
        "_weight": 2,
        "_fillOpacity": 0,
        "_opacity": 0.8,
        "_fill": false,
        "_fillColor": "transparent"
      },
      "geometry": {
        "type": "Polygon",
        "coordinates": [
          [
            [
              137.09900034,
              37.28422881
            ],
            [
              137.09898823,
              37.29774572
            ],
            [
              137.1215477,
              37.29775647
            ],
            [
              137.12155577,
              37.28423955
            ],
            [
              137.09900034,
              37.28422881
            ]
          ]
        ]
      }
    },
    {
      "type": "Feature",
      "properties": {
        "code": "07FD084",
        "_color": "#ff0000",
        "_weight": 2,
        "_fillOpacity": 0,
        "_opacity": 0.8,
        "_fill": false,
        "_fillColor": "transparent"
      },
      "geometry": {
        "type": "Polygon",
        "coordinates": [
          [
            [
              137.098964,
              37.32477945
            ],
            [
              137.09895186,
              37.33829627
            ],
            [
              137.12152346,
              37.33830704
            ],
            [
              137.12153154,
              37.32479021
            ],
            [
              137.098964,
              37.32477945
            ]
          ]
        ]
      }
    },
    {
      "type": "Feature",
      "properties": {
        "code": "07FD083",
        "_color": "#ff0000",
        "_weight": 2,
        "_fillOpacity": 0,
        "_opacity": 0.8,
        "_fill": false,
        "_fillColor": "transparent"
      },
      "geometry": {
        "type": "Polygon",
        "coordinates": [
          [
            [
              137.07639646,
              37.32476439
            ],
            [
              137.07638029,
              37.3382812
            ],
            [
              137.09895186,
              37.33829627
            ],
            [
              137.098964,
              37.32477945
            ],
            [
              137.07639646,
              37.32476439
            ]
          ]
        ]
      }
    },
    {
      "type": "Feature",
      "properties": {
        "code": "07FD181",
        "_color": "#ff0000",
        "_weight": 2,
        "_fillOpacity": 0,
        "_opacity": 0.8,
        "_fill": false,
        "_fillColor": "transparent"
      },
      "geometry": {
        "type": "Polygon",
        "coordinates": [
          [
            [
              137.07641262,
              37.31124754
            ],
            [
              137.07639646,
              37.32476439
            ],
            [
              137.098964,
              37.32477945
            ],
            [
              137.09897612,
              37.3112626
            ],
            [
              137.07641262,
              37.31124754
            ]
          ]
        ]
      }
    },
    {
      "type": "Feature",
      "properties": {
        "code": "07FD172",
        "_color": "#ff0000",
        "_weight": 2,
        "_fillOpacity": 0,
        "_opacity": 0.8,
        "_fill": false,
        "_fillColor": "transparent"
      },
      "geometry": {
        "type": "Polygon",
        "coordinates": [
          [
            [
              137.05384915,
              37.31122818
            ],
            [
              137.05382895,
              37.32474502
            ],
            [
              137.07639646,
              37.32476439
            ],
            [
              137.07641262,
              37.31124754
            ],
            [
              137.05384915,
              37.31122818
            ]
          ]
        ]
      }
    },
    {
      "type": "Feature",
      "properties": {
        "code": "07FD074",
        "_color": "#ff0000",
        "_weight": 2,
        "_fillOpacity": 0,
        "_opacity": 0.8,
        "_fill": false,
        "_fillColor": "transparent"
      },
      "geometry": {
        "type": "Polygon",
        "coordinates": [
          [
            [
              137.05382895,
              37.32474502
            ],
            [
              137.05380873,
              37.33826182
            ],
            [
              137.07638029,
              37.3382812
            ],
            [
              137.07639646,
              37.32476439
            ],
            [
              137.05382895,
              37.32474502
            ]
          ]
        ]
      }
    },
    {
      "type": "Feature",
      "properties": {
        "code": "07FD073",
        "_color": "#ff0000",
        "_weight": 2,
        "_fillOpacity": 0,
        "_opacity": 0.8,
        "_fill": false,
        "_fillColor": "transparent"
      },
      "geometry": {
        "type": "Polygon",
        "coordinates": [
          [
            [
              137.03126145,
              37.32472135
            ],
            [
              137.03123719,
              37.33823814
            ],
            [
              137.05380873,
              37.33826182
            ],
            [
              137.05382895,
              37.32474502
            ],
            [
              137.03126145,
              37.32472135
            ]
          ]
        ]
      }
    },
    {
      "type": "Feature",
      "properties": {
        "code": "07FD171",
        "_color": "#ff0000",
        "_weight": 2,
        "_fillOpacity": 0,
        "_opacity": 0.8,
        "_fill": false,
        "_fillColor": "transparent"
      },
      "geometry": {
        "type": "Polygon",
        "coordinates": [
          [
            [
              137.0312857,
              37.31120452
            ],
            [
              137.03126145,
              37.32472135
            ],
            [
              137.05382895,
              37.32474502
            ],
            [
              137.05384915,
              37.31122818
            ],
            [
              137.0312857,
              37.31120452
            ]
          ]
        ]
      }
    },
    {
      "type": "Feature",
      "properties": {
        "code": "07FD271",
        "_color": "#ff0000",
        "_weight": 2,
        "_fillOpacity": 0,
        "_opacity": 0.8,
        "_fill": false,
        "_fillColor": "transparent"
      },
      "geometry": {
        "type": "Polygon",
        "coordinates": [
          [
            [
              137.03133414,
              37.28417079
            ],
            [
              137.03130993,
              37.29768767
            ],
            [
              137.05386934,
              37.29771132
            ],
            [
              137.05388952,
              37.28419442
            ],
            [
              137.03133414,
              37.28417079
            ]
          ]
        ]
      }
    },
    {
      "type": "Feature",
      "properties": {
        "code": "07FD174",
        "_color": "#ff0000",
        "_weight": 2,
        "_fillOpacity": 0,
        "_opacity": 0.8,
        "_fill": false,
        "_fillColor": "transparent"
      },
      "geometry": {
        "type": "Polygon",
        "coordinates": [
          [
            [
              137.05386934,
              37.29771132
            ],
            [
              137.05384915,
              37.31122818
            ],
            [
              137.07641262,
              37.31124754
            ],
            [
              137.07642878,
              37.29773067
            ],
            [
              137.05386934,
              37.29771132
            ]
          ]
        ]
      }
    },
    {
      "type": "Feature",
      "properties": {
        "code": "07FD274",
        "_color": "#ff0000",
        "_weight": 2,
        "_fillOpacity": 0,
        "_opacity": 0.8,
        "_fill": false,
        "_fillColor": "transparent"
      },
      "geometry": {
        "type": "Polygon",
        "coordinates": [
          [
            [
              137.05390968,
              37.2706775
            ],
            [
              137.05388952,
              37.28419442
            ],
            [
              137.07644492,
              37.28421376
            ],
            [
              137.07646105,
              37.27069683
            ],
            [
              137.05390968,
              37.2706775
            ]
          ]
        ]
      }
    },
    {
      "type": "Feature",
      "properties": {
        "code": "07FD264",
        "_color": "#ff0000",
        "_weight": 2,
        "_fillOpacity": 0,
        "_opacity": 0.8,
        "_fill": false,
        "_fillColor": "transparent"
      },
      "geometry": {
        "type": "Polygon",
        "coordinates": [
          [
            [
              137.00880702,
              37.27062595
            ],
            [
              137.00877879,
              37.28414285
            ],
            [
              137.03133414,
              37.28417079
            ],
            [
              137.03135834,
              37.27065387
            ],
            [
              137.00880702,
              37.27062595
            ]
          ]
        ]
      }
    },
    {
      "type": "Feature",
      "properties": {
        "code": "07FD163",
        "_color": "#ff0000",
        "_weight": 2,
        "_fillOpacity": 0,
        "_opacity": 0.8,
        "_fill": false,
        "_fillColor": "transparent"
      },
      "geometry": {
        "type": "Polygon",
        "coordinates": [
          [
            [
              136.98619119,
              37.29762747
            ],
            [
              136.98615889,
              37.3111443
            ],
            [
              137.00872228,
              37.31117656
            ],
            [
              137.00875054,
              37.29765972
            ],
            [
              136.98619119,
              37.29762747
            ]
          ]
        ]
      }
    },
    {
      "type": "Feature",
      "properties": {
        "code": "07FD164",
        "_color": "#ff0000",
        "_weight": 2,
        "_fillOpacity": 0,
        "_opacity": 0.8,
        "_fill": false,
        "_fillColor": "transparent"
      },
      "geometry": {
        "type": "Polygon",
        "coordinates": [
          [
            [
              137.00875054,
              37.29765972
            ],
            [
              137.00872228,
              37.31117656
            ],
            [
              137.0312857,
              37.31120452
            ],
            [
              137.03130993,
              37.29768767
            ],
            [
              137.00875054,
              37.29765972
            ]
          ]
        ]
      }
    },
    {
      "type": "Feature",
      "properties": {
        "code": "07FD262",
        "_color": "#ff0000",
        "_weight": 2,
        "_fillOpacity": 0,
        "_opacity": 0.8,
        "_fill": false,
        "_fillColor": "transparent"
      },
      "geometry": {
        "type": "Polygon",
        "coordinates": [
          [
            [
              137.00877879,
              37.28414285
            ],
            [
              137.00875054,
              37.29765972
            ],
            [
              137.03130993,
              37.29768767
            ],
            [
              137.03133414,
              37.28417079
            ],
            [
              137.00877879,
              37.28414285
            ]
          ]
        ]
      }
    },
    {
      "type": "Feature",
      "properties": {
        "code": "07FD162",
        "_color": "#ff0000",
        "_weight": 2,
        "_fillOpacity": 0,
        "_opacity": 0.8,
        "_fill": false,
        "_fillColor": "transparent"
      },
      "geometry": {
        "type": "Polygon",
        "coordinates": [
          [
            [
              137.00872228,
              37.31117656
            ],
            [
              137.00869399,
              37.32469337
            ],
            [
              137.03126145,
              37.32472135
            ],
            [
              137.0312857,
              37.31120452
            ],
            [
              137.00872228,
              37.31117656
            ]
          ]
        ]
      }
    },
    {
      "type": "Feature",
      "properties": {
        "code": "07FD064",
        "_color": "#ff0000",
        "_weight": 2,
        "_fillOpacity": 0,
        "_opacity": 0.8,
        "_fill": false,
        "_fillColor": "transparent"
      },
      "geometry": {
        "type": "Polygon",
        "coordinates": [
          [
            [
              137.00869399,
              37.32469337
            ],
            [
              137.00866569,
              37.33821015
            ],
            [
              137.03123719,
              37.33823814
            ],
            [
              137.03126145,
              37.32472135
            ],
            [
              137.00869399,
              37.32469337
            ]
          ]
        ]
      }
    },
    {
      "type": "Feature",
      "properties": {
        "code": "07FD063",
        "_color": "#ff0000",
        "_weight": 2,
        "_fillOpacity": 0,
        "_opacity": 0.8,
        "_fill": false,
        "_fillColor": "transparent"
      },
      "geometry": {
        "type": "Polygon",
        "coordinates": [
          [
            [
              136.98612656,
              37.32466109
            ],
            [
              136.98609421,
              37.33817785
            ],
            [
              137.00866569,
              37.33821015
            ],
            [
              137.00869399,
              37.32469337
            ],
            [
              136.98612656,
              37.32466109
            ]
          ]
        ]
      }
    },
    {
      "type": "Feature",
      "properties": {
        "code": "07FD161",
        "_color": "#ff0000",
        "_weight": 2,
        "_fillOpacity": 0,
        "_opacity": 0.8,
        "_fill": false,
        "_fillColor": "transparent"
      },
      "geometry": {
        "type": "Polygon",
        "coordinates": [
          [
            [
              136.98615889,
              37.3111443
            ],
            [
              136.98612656,
              37.32466109
            ],
            [
              137.00869399,
              37.32469337
            ],
            [
              137.00872228,
              37.31117656
            ],
            [
              136.98615889,
              37.3111443
            ]
          ]
        ]
      }
    },
    {
      "type": "Feature",
      "properties": {
        "code": "07FD152",
        "_color": "#ff0000",
        "_weight": 2,
        "_fillOpacity": 0,
        "_opacity": 0.8,
        "_fill": false,
        "_fillColor": "transparent"
      },
      "geometry": {
        "type": "Polygon",
        "coordinates": [
          [
            [
              136.96359554,
              37.31110773
            ],
            [
              136.96355917,
              37.3246245
            ],
            [
              136.98612656,
              37.32466109
            ],
            [
              136.98615889,
              37.3111443
            ],
            [
              136.96359554,
              37.31110773
            ]
          ]
        ]
      }
    },
    {
      "type": "Feature",
      "properties": {
        "code": "07FD054",
        "_color": "#ff0000",
        "_weight": 2,
        "_fillOpacity": 0,
        "_opacity": 0.8,
        "_fill": false,
        "_fillColor": "transparent"
      },
      "geometry": {
        "type": "Polygon",
        "coordinates": [
          [
            [
              136.96355917,
              37.3246245
            ],
            [
              136.96352278,
              37.33814125
            ],
            [
              136.98609421,
              37.33817785
            ],
            [
              136.98612656,
              37.32466109
            ],
            [
              136.96355917,
              37.3246245
            ]
          ]
        ]
      }
    },
    {
      "type": "Feature",
      "properties": {
        "code": "07FD053",
        "_color": "#ff0000",
        "_weight": 2,
        "_fillOpacity": 0,
        "_opacity": 0.8,
        "_fill": false,
        "_fillColor": "transparent"
      },
      "geometry": {
        "type": "Polygon",
        "coordinates": [
          [
            [
              136.94099182,
              37.32458361
            ],
            [
              136.94095139,
              37.33810034
            ],
            [
              136.96352278,
              37.33814125
            ],
            [
              136.96355917,
              37.3246245
            ],
            [
              136.94099182,
              37.32458361
            ]
          ]
        ]
      }
    },
    {
      "type": "Feature",
      "properties": {
        "code": "07FD151",
        "_color": "#ff0000",
        "_weight": 2,
        "_fillOpacity": 0,
        "_opacity": 0.8,
        "_fill": false,
        "_fillColor": "transparent"
      },
      "geometry": {
        "type": "Polygon",
        "coordinates": [
          [
            [
              136.94103223,
              37.31106686
            ],
            [
              136.94099182,
              37.32458361
            ],
            [
              136.96355917,
              37.3246245
            ],
            [
              136.96359554,
              37.31110773
            ],
            [
              136.94103223,
              37.31106686
            ]
          ]
        ]
      }
    },
    {
      "type": "Feature",
      "properties": {
        "code": "07FD154",
        "_color": "#ff0000",
        "_weight": 2,
        "_fillOpacity": 0,
        "_opacity": 0.8,
        "_fill": false,
        "_fillColor": "transparent"
      },
      "geometry": {
        "type": "Polygon",
        "coordinates": [
          [
            [
              136.96363188,
              37.29759092
            ],
            [
              136.96359554,
              37.31110773
            ],
            [
              136.98615889,
              37.3111443
            ],
            [
              136.98619119,
              37.29762747
            ],
            [
              136.96363188,
              37.29759092
            ]
          ]
        ]
      }
    },
    {
      "type": "Feature",
      "properties": {
        "code": "07FD253",
        "_color": "#ff0000",
        "_weight": 2,
        "_fillOpacity": 0,
        "_opacity": 0.8,
        "_fill": false,
        "_fillColor": "transparent"
      },
      "geometry": {
        "type": "Polygon",
        "coordinates": [
          [
            [
              136.94115329,
              37.27051641
            ],
            [
              136.94111297,
              37.28403325
            ],
            [
              136.9636682,
              37.28407408
            ],
            [
              136.9637045,
              37.27055721
            ],
            [
              136.94115329,
              37.27051641
            ]
          ]
        ]
      }
    },
    {
      "type": "Feature",
      "properties": {
        "code": "07FD144",
        "_color": "#ff0000",
        "_weight": 2,
        "_fillOpacity": 0,
        "_opacity": 0.8,
        "_fill": false,
        "_fillColor": "transparent"
      },
      "geometry": {
        "type": "Polygon",
        "coordinates": [
          [
            [
              136.91851339,
              37.29750492
            ],
            [
              136.91846897,
              37.31102169
            ],
            [
              136.94103223,
              37.31106686
            ],
            [
              136.94107261,
              37.29755007
            ],
            [
              136.91851339,
              37.29750492
            ]
          ]
        ]
      }
    },
    {
      "type": "Feature",
      "properties": {
        "code": "07FD143",
        "_color": "#ff0000",
        "_weight": 2,
        "_fillOpacity": 0,
        "_opacity": 0.8,
        "_fill": false,
        "_fillColor": "transparent"
      },
      "geometry": {
        "type": "Polygon",
        "coordinates": [
          [
            [
              136.89595422,
              37.29745547
            ],
            [
              136.89590577,
              37.31097222
            ],
            [
              136.91846897,
              37.31102169
            ],
            [
              136.91851339,
              37.29750492
            ],
            [
              136.89595422,
              37.29745547
            ]
          ]
        ]
      }
    },
    {
      "type": "Feature",
      "properties": {
        "code": "07FD241",
        "_color": "#ff0000",
        "_weight": 2,
        "_fillOpacity": 0,
        "_opacity": 0.8,
        "_fill": false,
        "_fillColor": "transparent"
      },
      "geometry": {
        "type": "Polygon",
        "coordinates": [
          [
            [
              136.89600265,
              37.2839387
            ],
            [
              136.89595422,
              37.29745547
            ],
            [
              136.91851339,
              37.29750492
            ],
            [
              136.91855778,
              37.28398813
            ],
            [
              136.89600265,
              37.2839387
            ]
          ]
        ]
      }
    },
    {
      "type": "Feature",
      "properties": {
        "code": "07FD243",
        "_color": "#ff0000",
        "_weight": 2,
        "_fillOpacity": 0,
        "_opacity": 0.8,
        "_fill": false,
        "_fillColor": "transparent"
      },
      "geometry": {
        "type": "Polygon",
        "coordinates": [
          [
            [
              136.89605104,
              37.2704219
            ],
            [
              136.89600265,
              37.2839387
            ],
            [
              136.91855778,
              37.28398813
            ],
            [
              136.91860214,
              37.2704713
            ],
            [
              136.89605104,
              37.2704219
            ]
          ]
        ]
      }
    },
    {
      "type": "Feature",
      "properties": {
        "code": "07FD234",
        "_color": "#ff0000",
        "_weight": 2,
        "_fillOpacity": 0,
        "_opacity": 0.8,
        "_fill": false,
        "_fillColor": "transparent"
      },
      "geometry": {
        "type": "Polygon",
        "coordinates": [
          [
            [
              136.8735,
              37.2703682
            ],
            [
              136.87344757,
              37.28388498
            ],
            [
              136.89600265,
              37.2839387
            ],
            [
              136.89605104,
              37.2704219
            ],
            [
              136.8735,
              37.2703682
            ]
          ]
        ]
      }
    },
    {
      "type": "Feature",
      "properties": {
        "code": "07FD233",
        "_color": "#ff0000",
        "_weight": 2,
        "_fillOpacity": 0,
        "_opacity": 0.8,
        "_fill": false,
        "_fillColor": "transparent"
      },
      "geometry": {
        "type": "Polygon",
        "coordinates": [
          [
            [
              136.85094902,
              37.27031021
            ],
            [
              136.85089256,
              37.28382696
            ],
            [
              136.87344757,
              37.28388498
            ],
            [
              136.8735,
              37.2703682
            ],
            [
              136.85094902,
              37.27031021
            ]
          ]
        ]
      }
    },
    {
      "type": "Feature",
      "properties": {
        "code": "07FD231",
        "_color": "#ff0000",
        "_weight": 2,
        "_fillOpacity": 0,
        "_opacity": 0.8,
        "_fill": false,
        "_fillColor": "transparent"
      },
      "geometry": {
        "type": "Polygon",
        "coordinates": [
          [
            [
              136.85089256,
              37.28382696
            ],
            [
              136.85083606,
              37.29734368
            ],
            [
              136.87339511,
              37.29740173
            ],
            [
              136.87344757,
              37.28388498
            ],
            [
              136.85089256,
              37.28382696
            ]
          ]
        ]
      }
    },
    {
      "type": "Feature",
      "properties": {
        "code": "07FD133",
        "_color": "#ff0000",
        "_weight": 2,
        "_fillOpacity": 0,
        "_opacity": 0.8,
        "_fill": false,
        "_fillColor": "transparent"
      },
      "geometry": {
        "type": "Polygon",
        "coordinates": [
          [
            [
              136.85083606,
              37.29734368
            ],
            [
              136.85077953,
              37.31086036
            ],
            [
              136.87334262,
              37.31091844
            ],
            [
              136.87339511,
              37.29740173
            ],
            [
              136.85083606,
              37.29734368
            ]
          ]
        ]
      }
    },
    {
      "type": "Feature",
      "properties": {
        "code": "07FD134",
        "_color": "#ff0000",
        "_weight": 2,
        "_fillOpacity": 0,
        "_opacity": 0.8,
        "_fill": false,
        "_fillColor": "transparent"
      },
      "geometry": {
        "type": "Polygon",
        "coordinates": [
          [
            [
              136.87339511,
              37.29740173
            ],
            [
              136.87334262,
              37.31091844
            ],
            [
              136.89590577,
              37.31097222
            ],
            [
              136.89595422,
              37.29745547
            ],
            [
              136.87339511,
              37.29740173
            ]
          ]
        ]
      }
    },
    {
      "type": "Feature",
      "properties": {
        "code": "07FD232",
        "_color": "#ff0000",
        "_weight": 2,
        "_fillOpacity": 0,
        "_opacity": 0.8,
        "_fill": false,
        "_fillColor": "transparent"
      },
      "geometry": {
        "type": "Polygon",
        "coordinates": [
          [
            [
              136.87344757,
              37.28388498
            ],
            [
              136.87339511,
              37.29740173
            ],
            [
              136.89595422,
              37.29745547
            ],
            [
              136.89600265,
              37.2839387
            ],
            [
              136.87344757,
              37.28388498
            ]
          ]
        ]
      }
    },
    {
      "type": "Feature",
      "properties": {
        "code": "07FD132",
        "_color": "#ff0000",
        "_weight": 2,
        "_fillOpacity": 0,
        "_opacity": 0.8,
        "_fill": false,
        "_fillColor": "transparent"
      },
      "geometry": {
        "type": "Polygon",
        "coordinates": [
          [
            [
              136.87334262,
              37.31091844
            ],
            [
              136.87329009,
              37.32443512
            ],
            [
              136.89585728,
              37.32448892
            ],
            [
              136.89590577,
              37.31097222
            ],
            [
              136.87334262,
              37.31091844
            ]
          ]
        ]
      }
    },
    {
      "type": "Feature",
      "properties": {
        "code": "07FD131",
        "_color": "#ff0000",
        "_weight": 2,
        "_fillOpacity": 0,
        "_opacity": 0.8,
        "_fill": false,
        "_fillColor": "transparent"
      },
      "geometry": {
        "type": "Polygon",
        "coordinates": [
          [
            [
              136.85077953,
              37.31086036
            ],
            [
              136.85072296,
              37.32437702
            ],
            [
              136.87329009,
              37.32443512
            ],
            [
              136.87334262,
              37.31091844
            ],
            [
              136.85077953,
              37.31086036
            ]
          ]
        ]
      }
    },
    {
      "type": "Feature",
      "properties": {
        "code": "07FD033",
        "_color": "#ff0000",
        "_weight": 2,
        "_fillOpacity": 0,
        "_opacity": 0.8,
        "_fill": false,
        "_fillColor": "transparent"
      },
      "geometry": {
        "type": "Polygon",
        "coordinates": [
          [
            [
              136.85072296,
              37.32437702
            ],
            [
              136.85066635,
              37.33789364
            ],
            [
              136.87323752,
              37.33795178
            ],
            [
              136.87329009,
              37.32443512
            ],
            [
              136.85072296,
              37.32437702
            ]
          ]
        ]
      }
    },
    {
      "type": "Feature",
      "properties": {
        "code": "07FD034",
        "_color": "#ff0000",
        "_weight": 2,
        "_fillOpacity": 0,
        "_opacity": 0.8,
        "_fill": false,
        "_fillColor": "transparent"
      },
      "geometry": {
        "type": "Polygon",
        "coordinates": [
          [
            [
              136.87329009,
              37.32443512
            ],
            [
              136.87323752,
              37.33795178
            ],
            [
              136.89580876,
              37.3380056
            ],
            [
              136.89585728,
              37.32448892
            ],
            [
              136.87329009,
              37.32443512
            ]
          ]
        ]
      }
    },
    {
      "type": "Feature",
      "properties": {
        "code": "07FD043",
        "_color": "#ff0000",
        "_weight": 2,
        "_fillOpacity": 0,
        "_opacity": 0.8,
        "_fill": false,
        "_fillColor": "transparent"
      },
      "geometry": {
        "type": "Polygon",
        "coordinates": [
          [
            [
              136.89585728,
              37.32448892
            ],
            [
              136.89580876,
              37.3380056
            ],
            [
              136.91838005,
              37.33805512
            ],
            [
              136.91842452,
              37.32453842
            ],
            [
              136.89585728,
              37.32448892
            ]
          ]
        ]
      }
    },
    {
      "type": "Feature",
      "properties": {
        "code": "07FD141",
        "_color": "#ff0000",
        "_weight": 2,
        "_fillOpacity": 0,
        "_opacity": 0.8,
        "_fill": false,
        "_fillColor": "transparent"
      },
      "geometry": {
        "type": "Polygon",
        "coordinates": [
          [
            [
              136.89590577,
              37.31097222
            ],
            [
              136.89585728,
              37.32448892
            ],
            [
              136.91842452,
              37.32453842
            ],
            [
              136.91846897,
              37.31102169
            ],
            [
              136.89590577,
              37.31097222
            ]
          ]
        ]
      }
    },
    {
      "type": "Feature",
      "properties": {
        "code": "07FD142",
        "_color": "#ff0000",
        "_weight": 2,
        "_fillOpacity": 0,
        "_opacity": 0.8,
        "_fill": false,
        "_fillColor": "transparent"
      },
      "geometry": {
        "type": "Polygon",
        "coordinates": [
          [
            [
              136.91846897,
              37.31102169
            ],
            [
              136.91842452,
              37.32453842
            ],
            [
              136.94099182,
              37.32458361
            ],
            [
              136.94103223,
              37.31106686
            ],
            [
              136.91846897,
              37.31102169
            ]
          ]
        ]
      }
    },
    {
      "type": "Feature",
      "properties": {
        "code": "07FD044",
        "_color": "#ff0000",
        "_weight": 2,
        "_fillOpacity": 0,
        "_opacity": 0.8,
        "_fill": false,
        "_fillColor": "transparent"
      },
      "geometry": {
        "type": "Polygon",
        "coordinates": [
          [
            [
              136.91842452,
              37.32453842
            ],
            [
              136.91838005,
              37.33805512
            ],
            [
              136.94095139,
              37.33810034
            ],
            [
              136.94099182,
              37.32458361
            ],
            [
              136.91842452,
              37.32453842
            ]
          ]
        ]
      }
    },
    {
      "type": "Feature",
      "properties": {
        "code": "07FD042",
        "_color": "#ff0000",
        "_weight": 2,
        "_fillOpacity": 0,
        "_opacity": 0.8,
        "_fill": false,
        "_fillColor": "transparent"
      },
      "geometry": {
        "type": "Polygon",
        "coordinates": [
          [
            [
              136.91838005,
              37.33805512
            ],
            [
              136.91833554,
              37.3515718
            ],
            [
              136.94091093,
              37.35161703
            ],
            [
              136.94095139,
              37.33810034
            ],
            [
              136.91838005,
              37.33805512
            ]
          ]
        ]
      }
    },
    {
      "type": "Feature",
      "properties": {
        "code": "07ED942",
        "_color": "#ff0000",
        "_weight": 2,
        "_fillOpacity": 0,
        "_opacity": 0.8,
        "_fill": false,
        "_fillColor": "transparent"
      },
      "geometry": {
        "type": "Polygon",
        "coordinates": [
          [
            [
              136.918291,
              37.36508844
            ],
            [
              136.91824643,
              37.37860505
            ],
            [
              136.94082992,
              37.37865033
            ],
            [
              136.94087044,
              37.3651337
            ],
            [
              136.918291,
              37.36508844
            ]
          ]
        ]
      }
    },
    {
      "type": "Feature",
      "properties": {
        "code": "07ED944",
        "_color": "#ff0000",
        "_weight": 2,
        "_fillOpacity": 0,
        "_opacity": 0.8,
        "_fill": false,
        "_fillColor": "transparent"
      },
      "geometry": {
        "type": "Polygon",
        "coordinates": [
          [
            [
              136.91833554,
              37.3515718
            ],
            [
              136.918291,
              37.36508844
            ],
            [
              136.94087044,
              37.3651337
            ],
            [
              136.94091093,
              37.35161703
            ],
            [
              136.91833554,
              37.3515718
            ]
          ]
        ]
      }
    },
    {
      "type": "Feature",
      "properties": {
        "code": "07ED941",
        "_color": "#ff0000",
        "_weight": 2,
        "_fillOpacity": 0,
        "_opacity": 0.8,
        "_fill": false,
        "_fillColor": "transparent"
      },
      "geometry": {
        "type": "Polygon",
        "coordinates": [
          [
            [
              136.89571162,
              37.36503887
            ],
            [
              136.895663,
              37.37855545
            ],
            [
              136.91824643,
              37.37860505
            ],
            [
              136.918291,
              37.36508844
            ],
            [
              136.89571162,
              37.36503887
            ]
          ]
        ]
      }
    },
    {
      "type": "Feature",
      "properties": {
        "code": "07ED943",
        "_color": "#ff0000",
        "_weight": 2,
        "_fillOpacity": 0,
        "_opacity": 0.8,
        "_fill": false,
        "_fillColor": "transparent"
      },
      "geometry": {
        "type": "Polygon",
        "coordinates": [
          [
            [
              136.8957602,
              37.35152225
            ],
            [
              136.89571162,
              37.36503887
            ],
            [
              136.918291,
              37.36508844
            ],
            [
              136.91833554,
              37.3515718
            ],
            [
              136.8957602,
              37.35152225
            ]
          ]
        ]
      }
    },
    {
      "type": "Feature",
      "properties": {
        "code": "07FD041",
        "_color": "#ff0000",
        "_weight": 2,
        "_fillOpacity": 0,
        "_opacity": 0.8,
        "_fill": false,
        "_fillColor": "transparent"
      },
      "geometry": {
        "type": "Polygon",
        "coordinates": [
          [
            [
              136.89580876,
              37.3380056
            ],
            [
              136.8957602,
              37.35152225
            ],
            [
              136.91833554,
              37.3515718
            ],
            [
              136.91838005,
              37.33805512
            ],
            [
              136.89580876,
              37.3380056
            ]
          ]
        ]
      }
    },
    {
      "type": "Feature",
      "properties": {
        "code": "07FD032",
        "_color": "#ff0000",
        "_weight": 2,
        "_fillOpacity": 0,
        "_opacity": 0.8,
        "_fill": false,
        "_fillColor": "transparent"
      },
      "geometry": {
        "type": "Polygon",
        "coordinates": [
          [
            [
              136.87323752,
              37.33795178
            ],
            [
              136.87318492,
              37.3514684
            ],
            [
              136.8957602,
              37.35152225
            ],
            [
              136.89580876,
              37.3380056
            ],
            [
              136.87323752,
              37.33795178
            ]
          ]
        ]
      }
    },
    {
      "type": "Feature",
      "properties": {
        "code": "07FD031",
        "_color": "#ff0000",
        "_weight": 2,
        "_fillOpacity": 0,
        "_opacity": 0.8,
        "_fill": false,
        "_fillColor": "transparent"
      },
      "geometry": {
        "type": "Polygon",
        "coordinates": [
          [
            [
              136.85066635,
              37.33789364
            ],
            [
              136.85060971,
              37.35141024
            ],
            [
              136.87318492,
              37.3514684
            ],
            [
              136.87323752,
              37.33795178
            ],
            [
              136.85066635,
              37.33789364
            ]
          ]
        ]
      }
    },
    {
      "type": "Feature",
      "properties": {
        "code": "07ED933",
        "_color": "#ff0000",
        "_weight": 2,
        "_fillOpacity": 0,
        "_opacity": 0.8,
        "_fill": false,
        "_fillColor": "transparent"
      },
      "geometry": {
        "type": "Polygon",
        "coordinates": [
          [
            [
              136.85060971,
              37.35141024
            ],
            [
              136.85055302,
              37.3649268
            ],
            [
              136.87313229,
              37.36498499
            ],
            [
              136.87318492,
              37.3514684
            ],
            [
              136.85060971,
              37.35141024
            ]
          ]
        ]
      }
    },
    {
      "type": "Feature",
      "properties": {
        "code": "07ED931",
        "_color": "#ff0000",
        "_weight": 2,
        "_fillOpacity": 0,
        "_opacity": 0.8,
        "_fill": false,
        "_fillColor": "transparent"
      },
      "geometry": {
        "type": "Polygon",
        "coordinates": [
          [
            [
              136.85055302,
              37.3649268
            ],
            [
              136.8504963,
              37.37844333
            ],
            [
              136.87307962,
              37.37850155
            ],
            [
              136.87313229,
              37.36498499
            ],
            [
              136.85055302,
              37.3649268
            ]
          ]
        ]
      }
    },
    {
      "type": "Feature",
      "properties": {
        "code": "07ED932",
        "_color": "#ff0000",
        "_weight": 2,
        "_fillOpacity": 0,
        "_opacity": 0.8,
        "_fill": false,
        "_fillColor": "transparent"
      },
      "geometry": {
        "type": "Polygon",
        "coordinates": [
          [
            [
              136.87313229,
              37.36498499
            ],
            [
              136.87307962,
              37.37850155
            ],
            [
              136.895663,
              37.37855545
            ],
            [
              136.89571162,
              37.36503887
            ],
            [
              136.87313229,
              37.36498499
            ]
          ]
        ]
      }
    },
    {
      "type": "Feature",
      "properties": {
        "code": "07ED934",
        "_color": "#ff0000",
        "_weight": 2,
        "_fillOpacity": 0,
        "_opacity": 0.8,
        "_fill": false,
        "_fillColor": "transparent"
      },
      "geometry": {
        "type": "Polygon",
        "coordinates": [
          [
            [
              136.87318492,
              37.3514684
            ],
            [
              136.87313229,
              37.36498499
            ],
            [
              136.89571162,
              37.36503887
            ],
            [
              136.8957602,
              37.35152225
            ],
            [
              136.87318492,
              37.3514684
            ]
          ]
        ]
      }
    },
    {
      "type": "Feature",
      "properties": {
        "code": "07ED834",
        "_color": "#ff0000",
        "_weight": 2,
        "_fillOpacity": 0,
        "_opacity": 0.8,
        "_fill": false,
        "_fillColor": "transparent"
      },
      "geometry": {
        "type": "Polygon",
        "coordinates": [
          [
            [
              136.87307962,
              37.37850155
            ],
            [
              136.87302691,
              37.39201808
            ],
            [
              136.89561434,
              37.39207201
            ],
            [
              136.895663,
              37.37855545
            ],
            [
              136.87307962,
              37.37850155
            ]
          ]
        ]
      }
    },
    {
      "type": "Feature",
      "properties": {
        "code": "07ED833",
        "_color": "#ff0000",
        "_weight": 2,
        "_fillOpacity": 0,
        "_opacity": 0.8,
        "_fill": false,
        "_fillColor": "transparent"
      },
      "geometry": {
        "type": "Polygon",
        "coordinates": [
          [
            [
              136.8504963,
              37.37844333
            ],
            [
              136.85043954,
              37.39195983
            ],
            [
              136.87302691,
              37.39201808
            ],
            [
              136.87307962,
              37.37850155
            ],
            [
              136.8504963,
              37.37844333
            ]
          ]
        ]
      }
    },
    {
      "type": "Feature",
      "properties": {
        "code": "07ED831",
        "_color": "#ff0000",
        "_weight": 2,
        "_fillOpacity": 0,
        "_opacity": 0.8,
        "_fill": false,
        "_fillColor": "transparent"
      },
      "geometry": {
        "type": "Polygon",
        "coordinates": [
          [
            [
              136.85043954,
              37.39195983
            ],
            [
              136.85038274,
              37.4054763
            ],
            [
              136.87297417,
              37.40553458
            ],
            [
              136.87302691,
              37.39201808
            ],
            [
              136.85043954,
              37.39195983
            ]
          ]
        ]
      }
    },
    {
      "type": "Feature",
      "properties": {
        "code": "07ED841",
        "_color": "#ff0000",
        "_weight": 2,
        "_fillOpacity": 0,
        "_opacity": 0.8,
        "_fill": false,
        "_fillColor": "transparent"
      },
      "geometry": {
        "type": "Polygon",
        "coordinates": [
          [
            [
              136.89561434,
              37.39207201
            ],
            [
              136.89556566,
              37.40558853
            ],
            [
              136.91815721,
              37.40563817
            ],
            [
              136.91820184,
              37.39212163
            ],
            [
              136.89561434,
              37.39207201
            ]
          ]
        ]
      }
    },
    {
      "type": "Feature",
      "properties": {
        "code": "07ED843",
        "_color": "#ff0000",
        "_weight": 2,
        "_fillOpacity": 0,
        "_opacity": 0.8,
        "_fill": false,
        "_fillColor": "transparent"
      },
      "geometry": {
        "type": "Polygon",
        "coordinates": [
          [
            [
              136.895663,
              37.37855545
            ],
            [
              136.89561434,
              37.39207201
            ],
            [
              136.91820184,
              37.39212163
            ],
            [
              136.91824643,
              37.37860505
            ],
            [
              136.895663,
              37.37855545
            ]
          ]
        ]
      }
    },
    {
      "type": "Feature",
      "properties": {
        "code": "07ED844",
        "_color": "#ff0000",
        "_weight": 2,
        "_fillOpacity": 0,
        "_opacity": 0.8,
        "_fill": false,
        "_fillColor": "transparent"
      },
      "geometry": {
        "type": "Polygon",
        "coordinates": [
          [
            [
              136.91824643,
              37.37860505
            ],
            [
              136.91820184,
              37.39212163
            ],
            [
              136.94078938,
              37.39216693
            ],
            [
              136.94082992,
              37.37865033
            ],
            [
              136.91824643,
              37.37860505
            ]
          ]
        ]
      }
    },
    {
      "type": "Feature",
      "properties": {
        "code": "07ED842",
        "_color": "#ff0000",
        "_weight": 2,
        "_fillOpacity": 0,
        "_opacity": 0.8,
        "_fill": false,
        "_fillColor": "transparent"
      },
      "geometry": {
        "type": "Polygon",
        "coordinates": [
          [
            [
              136.91820184,
              37.39212163
            ],
            [
              136.91815721,
              37.40563817
            ],
            [
              136.94074881,
              37.4056835
            ],
            [
              136.94078938,
              37.39216693
            ],
            [
              136.91820184,
              37.39212163
            ]
          ]
        ]
      }
    },
    {
      "type": "Feature",
      "properties": {
        "code": "07ED851",
        "_color": "#ff0000",
        "_weight": 2,
        "_fillOpacity": 0,
        "_opacity": 0.8,
        "_fill": false,
        "_fillColor": "transparent"
      },
      "geometry": {
        "type": "Polygon",
        "coordinates": [
          [
            [
              136.94078938,
              37.39216693
            ],
            [
              136.94074881,
              37.4056835
            ],
            [
              136.96334046,
              37.40572451
            ],
            [
              136.96337697,
              37.39220792
            ],
            [
              136.94078938,
              37.39216693
            ]
          ]
        ]
      }
    },
    {
      "type": "Feature",
      "properties": {
        "code": "07ED852",
        "_color": "#ff0000",
        "_weight": 2,
        "_fillOpacity": 0,
        "_opacity": 0.8,
        "_fill": false,
        "_fillColor": "transparent"
      },
      "geometry": {
        "type": "Polygon",
        "coordinates": [
          [
            [
              136.96337697,
              37.39220792
            ],
            [
              136.96334046,
              37.40572451
            ],
            [
              136.98593215,
              37.4057612
            ],
            [
              136.98596461,
              37.39224459
            ],
            [
              136.96337697,
              37.39220792
            ]
          ]
        ]
      }
    },
    {
      "type": "Feature",
      "properties": {
        "code": "07ED854",
        "_color": "#ff0000",
        "_weight": 2,
        "_fillOpacity": 0,
        "_opacity": 0.8,
        "_fill": false,
        "_fillColor": "transparent"
      },
      "geometry": {
        "type": "Polygon",
        "coordinates": [
          [
            [
              136.96341346,
              37.3786913
            ],
            [
              136.96337697,
              37.39220792
            ],
            [
              136.98596461,
              37.39224459
            ],
            [
              136.98599704,
              37.37872795
            ],
            [
              136.96341346,
              37.3786913
            ]
          ]
        ]
      }
    },
    {
      "type": "Feature",
      "properties": {
        "code": "07ED853",
        "_color": "#ff0000",
        "_weight": 2,
        "_fillOpacity": 0,
        "_opacity": 0.8,
        "_fill": false,
        "_fillColor": "transparent"
      },
      "geometry": {
        "type": "Polygon",
        "coordinates": [
          [
            [
              136.94082992,
              37.37865033
            ],
            [
              136.94078938,
              37.39216693
            ],
            [
              136.96337697,
              37.39220792
            ],
            [
              136.96341346,
              37.3786913
            ],
            [
              136.94082992,
              37.37865033
            ]
          ]
        ]
      }
    },
    {
      "type": "Feature",
      "properties": {
        "code": "07ED951",
        "_color": "#ff0000",
        "_weight": 2,
        "_fillOpacity": 0,
        "_opacity": 0.8,
        "_fill": false,
        "_fillColor": "transparent"
      },
      "geometry": {
        "type": "Polygon",
        "coordinates": [
          [
            [
              136.94087044,
              37.3651337
            ],
            [
              136.94082992,
              37.37865033
            ],
            [
              136.96341346,
              37.3786913
            ],
            [
              136.96344992,
              37.36517465
            ],
            [
              136.94087044,
              37.3651337
            ]
          ]
        ]
      }
    },
    {
      "type": "Feature",
      "properties": {
        "code": "07ED953",
        "_color": "#ff0000",
        "_weight": 2,
        "_fillOpacity": 0,
        "_opacity": 0.8,
        "_fill": false,
        "_fillColor": "transparent"
      },
      "geometry": {
        "type": "Polygon",
        "coordinates": [
          [
            [
              136.94091093,
              37.35161703
            ],
            [
              136.94087044,
              37.3651337
            ],
            [
              136.96344992,
              37.36517465
            ],
            [
              136.96348636,
              37.35165796
            ],
            [
              136.94091093,
              37.35161703
            ]
          ]
        ]
      }
    },
    {
      "type": "Feature",
      "properties": {
        "code": "07FD051",
        "_color": "#ff0000",
        "_weight": 2,
        "_fillOpacity": 0,
        "_opacity": 0.8,
        "_fill": false,
        "_fillColor": "transparent"
      },
      "geometry": {
        "type": "Polygon",
        "coordinates": [
          [
            [
              136.94095139,
              37.33810034
            ],
            [
              136.94091093,
              37.35161703
            ],
            [
              136.96348636,
              37.35165796
            ],
            [
              136.96352278,
              37.33814125
            ],
            [
              136.94095139,
              37.33810034
            ]
          ]
        ]
      }
    },
    {
      "type": "Feature",
      "properties": {
        "code": "07FD052",
        "_color": "#ff0000",
        "_weight": 2,
        "_fillOpacity": 0,
        "_opacity": 0.8,
        "_fill": false,
        "_fillColor": "transparent"
      },
      "geometry": {
        "type": "Polygon",
        "coordinates": [
          [
            [
              136.96352278,
              37.33814125
            ],
            [
              136.96348636,
              37.35165796
            ],
            [
              136.98606184,
              37.35169458
            ],
            [
              136.98609421,
              37.33817785
            ],
            [
              136.96352278,
              37.33814125
            ]
          ]
        ]
      }
    },
    {
      "type": "Feature",
      "properties": {
        "code": "07ED952",
        "_color": "#ff0000",
        "_weight": 2,
        "_fillOpacity": 0,
        "_opacity": 0.8,
        "_fill": false,
        "_fillColor": "transparent"
      },
      "geometry": {
        "type": "Polygon",
        "coordinates": [
          [
            [
              136.96344992,
              37.36517465
            ],
            [
              136.96341346,
              37.3786913
            ],
            [
              136.98599704,
              37.37872795
            ],
            [
              136.98602945,
              37.36521128
            ],
            [
              136.96344992,
              37.36517465
            ]
          ]
        ]
      }
    },
    {
      "type": "Feature",
      "properties": {
        "code": "07ED961",
        "_color": "#ff0000",
        "_weight": 2,
        "_fillOpacity": 0,
        "_opacity": 0.8,
        "_fill": false,
        "_fillColor": "transparent"
      },
      "geometry": {
        "type": "Polygon",
        "coordinates": [
          [
            [
              136.98602945,
              37.36521128
            ],
            [
              136.98599704,
              37.37872795
            ],
            [
              137.00858066,
              37.3787603
            ],
            [
              137.00860902,
              37.36524361
            ],
            [
              136.98602945,
              37.36521128
            ]
          ]
        ]
      }
    },
    {
      "type": "Feature",
      "properties": {
        "code": "07ED963",
        "_color": "#ff0000",
        "_weight": 2,
        "_fillOpacity": 0,
        "_opacity": 0.8,
        "_fill": false,
        "_fillColor": "transparent"
      },
      "geometry": {
        "type": "Polygon",
        "coordinates": [
          [
            [
              136.98606184,
              37.35169458
            ],
            [
              136.98602945,
              37.36521128
            ],
            [
              137.00860902,
              37.36524361
            ],
            [
              137.00863736,
              37.3517269
            ],
            [
              136.98606184,
              37.35169458
            ]
          ]
        ]
      }
    },
    {
      "type": "Feature",
      "properties": {
        "code": "07FD061",
        "_color": "#ff0000",
        "_weight": 2,
        "_fillOpacity": 0,
        "_opacity": 0.8,
        "_fill": false,
        "_fillColor": "transparent"
      },
      "geometry": {
        "type": "Polygon",
        "coordinates": [
          [
            [
              136.98609421,
              37.33817785
            ],
            [
              136.98606184,
              37.35169458
            ],
            [
              137.00863736,
              37.3517269
            ],
            [
              137.00866569,
              37.33821015
            ],
            [
              136.98609421,
              37.33817785
            ]
          ]
        ]
      }
    },
    {
      "type": "Feature",
      "properties": {
        "code": "07ED964",
        "_color": "#ff0000",
        "_weight": 2,
        "_fillOpacity": 0,
        "_opacity": 0.8,
        "_fill": false,
        "_fillColor": "transparent"
      },
      "geometry": {
        "type": "Polygon",
        "coordinates": [
          [
            [
              137.00863736,
              37.3517269
            ],
            [
              137.00860902,
              37.36524361
            ],
            [
              137.03118862,
              37.36527163
            ],
            [
              137.03121292,
              37.3517549
            ],
            [
              137.00863736,
              37.3517269
            ]
          ]
        ]
      }
    },
    {
      "type": "Feature",
      "properties": {
        "code": "07ED962",
        "_color": "#ff0000",
        "_weight": 2,
        "_fillOpacity": 0,
        "_opacity": 0.8,
        "_fill": false,
        "_fillColor": "transparent"
      },
      "geometry": {
        "type": "Polygon",
        "coordinates": [
          [
            [
              137.00860902,
              37.36524361
            ],
            [
              137.00858066,
              37.3787603
            ],
            [
              137.03116431,
              37.37878833
            ],
            [
              137.03118862,
              37.36527163
            ],
            [
              137.00860902,
              37.36524361
            ]
          ]
        ]
      }
    },
    {
      "type": "Feature",
      "properties": {
        "code": "07ED864",
        "_color": "#ff0000",
        "_weight": 2,
        "_fillOpacity": 0,
        "_opacity": 0.8,
        "_fill": false,
        "_fillColor": "transparent"
      },
      "geometry": {
        "type": "Polygon",
        "coordinates": [
          [
            [
              137.00858066,
              37.3787603
            ],
            [
              137.00855228,
              37.39227695
            ],
            [
              137.03113999,
              37.392305
            ],
            [
              137.03116431,
              37.37878833
            ],
            [
              137.00858066,
              37.3787603
            ]
          ]
        ]
      }
    },
    {
      "type": "Feature",
      "properties": {
        "code": "07ED863",
        "_color": "#ff0000",
        "_weight": 2,
        "_fillOpacity": 0,
        "_opacity": 0.8,
        "_fill": false,
        "_fillColor": "transparent"
      },
      "geometry": {
        "type": "Polygon",
        "coordinates": [
          [
            [
              136.98599704,
              37.37872795
            ],
            [
              136.98596461,
              37.39224459
            ],
            [
              137.00855228,
              37.39227695
            ],
            [
              137.00858066,
              37.3787603
            ],
            [
              136.98599704,
              37.37872795
            ]
          ]
        ]
      }
    },
    {
      "type": "Feature",
      "properties": {
        "code": "07ED861",
        "_color": "#ff0000",
        "_weight": 2,
        "_fillOpacity": 0,
        "_opacity": 0.8,
        "_fill": false,
        "_fillColor": "transparent"
      },
      "geometry": {
        "type": "Polygon",
        "coordinates": [
          [
            [
              136.98596461,
              37.39224459
            ],
            [
              136.98593215,
              37.4057612
            ],
            [
              137.00852388,
              37.40579358
            ],
            [
              137.00855228,
              37.39227695
            ],
            [
              136.98596461,
              37.39224459
            ]
          ]
        ]
      }
    },
    {
      "type": "Feature",
      "properties": {
        "code": "07ED764",
        "_color": "#ff0000",
        "_weight": 2,
        "_fillOpacity": 0,
        "_opacity": 0.8,
        "_fill": false,
        "_fillColor": "transparent"
      },
      "geometry": {
        "type": "Polygon",
        "coordinates": [
          [
            [
              137.00852388,
              37.40579358
            ],
            [
              137.00849546,
              37.41931017
            ],
            [
              137.03109128,
              37.41933824
            ],
            [
              137.03111564,
              37.40582163
            ],
            [
              137.00852388,
              37.40579358
            ]
          ]
        ]
      }
    },
    {
      "type": "Feature",
      "properties": {
        "code": "07ED762",
        "_color": "#ff0000",
        "_weight": 2,
        "_fillOpacity": 0,
        "_opacity": 0.8,
        "_fill": false,
        "_fillColor": "transparent"
      },
      "geometry": {
        "type": "Polygon",
        "coordinates": [
          [
            [
              137.00849546,
              37.41931017
            ],
            [
              137.00846702,
              37.43282673
            ],
            [
              137.03106691,
              37.43285481
            ],
            [
              137.03109128,
              37.41933824
            ],
            [
              137.00849546,
              37.41931017
            ]
          ]
        ]
      }
    },
    {
      "type": "Feature",
      "properties": {
        "code": "07ED761",
        "_color": "#ff0000",
        "_weight": 2,
        "_fillOpacity": 0,
        "_opacity": 0.8,
        "_fill": false,
        "_fillColor": "transparent"
      },
      "geometry": {
        "type": "Polygon",
        "coordinates": [
          [
            [
              136.98589967,
              37.41927778
            ],
            [
              136.98586717,
              37.43279432
            ],
            [
              137.00846702,
              37.43282673
            ],
            [
              137.00849546,
              37.41931017
            ],
            [
              136.98589967,
              37.41927778
            ]
          ]
        ]
      }
    },
    {
      "type": "Feature",
      "properties": {
        "code": "07ED754",
        "_color": "#ff0000",
        "_weight": 2,
        "_fillOpacity": 0,
        "_opacity": 0.8,
        "_fill": false,
        "_fillColor": "transparent"
      },
      "geometry": {
        "type": "Polygon",
        "coordinates": [
          [
            [
              136.96334046,
              37.40572451
            ],
            [
              136.96330392,
              37.41924107
            ],
            [
              136.98589967,
              37.41927778
            ],
            [
              136.98593215,
              37.4057612
            ],
            [
              136.96334046,
              37.40572451
            ]
          ]
        ]
      }
    },
    {
      "type": "Feature",
      "properties": {
        "code": "07ED753",
        "_color": "#ff0000",
        "_weight": 2,
        "_fillOpacity": 0,
        "_opacity": 0.8,
        "_fill": false,
        "_fillColor": "transparent"
      },
      "geometry": {
        "type": "Polygon",
        "coordinates": [
          [
            [
              136.94074881,
              37.4056835
            ],
            [
              136.94070821,
              37.41920004
            ],
            [
              136.96330392,
              37.41924107
            ],
            [
              136.96334046,
              37.40572451
            ],
            [
              136.94074881,
              37.4056835
            ]
          ]
        ]
      }
    },
    {
      "type": "Feature",
      "properties": {
        "code": "07ED743",
        "_color": "#ff0000",
        "_weight": 2,
        "_fillOpacity": 0,
        "_opacity": 0.8,
        "_fill": false,
        "_fillColor": "transparent"
      },
      "geometry": {
        "type": "Polygon",
        "coordinates": [
          [
            [
              136.89556566,
              37.40558853
            ],
            [
              136.89551694,
              37.41910503
            ],
            [
              136.91811255,
              37.41915469
            ],
            [
              136.91815721,
              37.40563817
            ],
            [
              136.89556566,
              37.40558853
            ]
          ]
        ]
      }
    },
    {
      "type": "Feature",
      "properties": {
        "code": "07ED904",
        "_color": "#ff0000",
        "_weight": 2,
        "_fillOpacity": 0,
        "_opacity": 0.8,
        "_fill": false,
        "_fillColor": "transparent"
      },
      "geometry": {
        "type": "Polygon",
        "coordinates": [
          [
            [
              136.73773473,
              37.35105481
            ],
            [
              136.73765781,
              37.3645712
            ],
            [
              136.76023669,
              37.36465094
            ],
            [
              136.76030956,
              37.35113451
            ],
            [
              136.73773473,
              37.35105481
            ]
          ]
        ]
      }
    },
    {
      "type": "Feature",
      "properties": {
        "code": "07ED814",
        "_color": "#ff0000",
        "_weight": 2,
        "_fillOpacity": 0,
        "_opacity": 0.8,
        "_fill": false,
        "_fillColor": "transparent"
      },
      "geometry": {
        "type": "Polygon",
        "coordinates": [
          [
            [
              136.78274678,
              37.3782428
            ],
            [
              136.78267785,
              37.39175921
            ],
            [
              136.80526501,
              37.3918304
            ],
            [
              136.80532988,
              37.37831396
            ],
            [
              136.78274678,
              37.3782428
            ]
          ]
        ]
      }
    },
    {
      "type": "Feature",
      "properties": {
        "code": "07ED822",
        "_color": "#ff0000",
        "_weight": 2,
        "_fillOpacity": 0,
        "_opacity": 0.8,
        "_fill": false,
        "_fillColor": "transparent"
      },
      "geometry": {
        "type": "Polygon",
        "coordinates": [
          [
            [
              136.82785224,
              37.39189727
            ],
            [
              136.82779138,
              37.40541371
            ],
            [
              136.85038274,
              37.4054763
            ],
            [
              136.85043954,
              37.39195983
            ],
            [
              136.82785224,
              37.39189727
            ]
          ]
        ]
      }
    },
    {
      "type": "Feature",
      "properties": {
        "code": "07ED824",
        "_color": "#ff0000",
        "_weight": 2,
        "_fillOpacity": 0,
        "_opacity": 0.8,
        "_fill": false,
        "_fillColor": "transparent"
      },
      "geometry": {
        "type": "Polygon",
        "coordinates": [
          [
            [
              136.82791305,
              37.3783808
            ],
            [
              136.82785224,
              37.39189727
            ],
            [
              136.85043954,
              37.39195983
            ],
            [
              136.8504963,
              37.37844333
            ],
            [
              136.82791305,
              37.3783808
            ]
          ]
        ]
      }
    },
    {
      "type": "Feature",
      "properties": {
        "code": "07ED823",
        "_color": "#ff0000",
        "_weight": 2,
        "_fillOpacity": 0,
        "_opacity": 0.8,
        "_fill": false,
        "_fillColor": "transparent"
      },
      "geometry": {
        "type": "Polygon",
        "coordinates": [
          [
            [
              136.80532988,
              37.37831396
            ],
            [
              136.80526501,
              37.3918304
            ],
            [
              136.82785224,
              37.39189727
            ],
            [
              136.82791305,
              37.3783808
            ],
            [
              136.80532988,
              37.37831396
            ]
          ]
        ]
      }
    },
    {
      "type": "Feature",
      "properties": {
        "code": "07ED921",
        "_color": "#ff0000",
        "_weight": 2,
        "_fillOpacity": 0,
        "_opacity": 0.8,
        "_fill": false,
        "_fillColor": "transparent"
      },
      "geometry": {
        "type": "Polygon",
        "coordinates": [
          [
            [
              136.8053947,
              37.36479749
            ],
            [
              136.80532988,
              37.37831396
            ],
            [
              136.82791305,
              37.3783808
            ],
            [
              136.82797383,
              37.3648643
            ],
            [
              136.8053947,
              37.36479749
            ]
          ]
        ]
      }
    },
    {
      "type": "Feature",
      "properties": {
        "code": "07ED923",
        "_color": "#ff0000",
        "_weight": 2,
        "_fillOpacity": 0,
        "_opacity": 0.8,
        "_fill": false,
        "_fillColor": "transparent"
      },
      "geometry": {
        "type": "Polygon",
        "coordinates": [
          [
            [
              136.80545948,
              37.35128099
            ],
            [
              136.8053947,
              37.36479749
            ],
            [
              136.82797383,
              37.3648643
            ],
            [
              136.82803456,
              37.35134777
            ],
            [
              136.80545948,
              37.35128099
            ]
          ]
        ]
      }
    },
    {
      "type": "Feature",
      "properties": {
        "code": "07ED922",
        "_color": "#ff0000",
        "_weight": 2,
        "_fillOpacity": 0,
        "_opacity": 0.8,
        "_fill": false,
        "_fillColor": "transparent"
      },
      "geometry": {
        "type": "Polygon",
        "coordinates": [
          [
            [
              136.82797383,
              37.3648643
            ],
            [
              136.82791305,
              37.3783808
            ],
            [
              136.8504963,
              37.37844333
            ],
            [
              136.85055302,
              37.3649268
            ],
            [
              136.82797383,
              37.3648643
            ]
          ]
        ]
      }
    },
    {
      "type": "Feature",
      "properties": {
        "code": "07ED924",
        "_color": "#ff0000",
        "_weight": 2,
        "_fillOpacity": 0,
        "_opacity": 0.8,
        "_fill": false,
        "_fillColor": "transparent"
      },
      "geometry": {
        "type": "Polygon",
        "coordinates": [
          [
            [
              136.82803456,
              37.35134777
            ],
            [
              136.82797383,
              37.3648643
            ],
            [
              136.85055302,
              37.3649268
            ],
            [
              136.85060971,
              37.35141024
            ],
            [
              136.82803456,
              37.35134777
            ]
          ]
        ]
      }
    },
    {
      "type": "Feature",
      "properties": {
        "code": "07FD022",
        "_color": "#ff0000",
        "_weight": 2,
        "_fillOpacity": 0,
        "_opacity": 0.8,
        "_fill": false,
        "_fillColor": "transparent"
      },
      "geometry": {
        "type": "Polygon",
        "coordinates": [
          [
            [
              136.82809525,
              37.3378312
            ],
            [
              136.82803456,
              37.35134777
            ],
            [
              136.85060971,
              37.35141024
            ],
            [
              136.85066635,
              37.33789364
            ],
            [
              136.82809525,
              37.3378312
            ]
          ]
        ]
      }
    },
    {
      "type": "Feature",
      "properties": {
        "code": "07FD021",
        "_color": "#ff0000",
        "_weight": 2,
        "_fillOpacity": 0,
        "_opacity": 0.8,
        "_fill": false,
        "_fillColor": "transparent"
      },
      "geometry": {
        "type": "Polygon",
        "coordinates": [
          [
            [
              136.80552422,
              37.33776446
            ],
            [
              136.80545948,
              37.35128099
            ],
            [
              136.82803456,
              37.35134777
            ],
            [
              136.82809525,
              37.3378312
            ],
            [
              136.80552422,
              37.33776446
            ]
          ]
        ]
      }
    },
    {
      "type": "Feature",
      "properties": {
        "code": "07FD012",
        "_color": "#ff0000",
        "_weight": 2,
        "_fillOpacity": 0,
        "_opacity": 0.8,
        "_fill": false,
        "_fillColor": "transparent"
      },
      "geometry": {
        "type": "Polygon",
        "coordinates": [
          [
            [
              136.78295327,
              37.33769341
            ],
            [
              136.78288448,
              37.35120991
            ],
            [
              136.80545948,
              37.35128099
            ],
            [
              136.80552422,
              37.33776446
            ],
            [
              136.78295327,
              37.33769341
            ]
          ]
        ]
      }
    },
    {
      "type": "Feature",
      "properties": {
        "code": "07ED912",
        "_color": "#ff0000",
        "_weight": 2,
        "_fillOpacity": 0,
        "_opacity": 0.8,
        "_fill": false,
        "_fillColor": "transparent"
      },
      "geometry": {
        "type": "Polygon",
        "coordinates": [
          [
            [
              136.78281565,
              37.36472637
            ],
            [
              136.78274678,
              37.3782428
            ],
            [
              136.80532988,
              37.37831396
            ],
            [
              136.8053947,
              37.36479749
            ],
            [
              136.78281565,
              37.36472637
            ]
          ]
        ]
      }
    },
    {
      "type": "Feature",
      "properties": {
        "code": "07ED914",
        "_color": "#ff0000",
        "_weight": 2,
        "_fillOpacity": 0,
        "_opacity": 0.8,
        "_fill": false,
        "_fillColor": "transparent"
      },
      "geometry": {
        "type": "Polygon",
        "coordinates": [
          [
            [
              136.78288448,
              37.35120991
            ],
            [
              136.78281565,
              37.36472637
            ],
            [
              136.8053947,
              37.36479749
            ],
            [
              136.80545948,
              37.35128099
            ],
            [
              136.78288448,
              37.35120991
            ]
          ]
        ]
      }
    },
    {
      "type": "Feature",
      "properties": {
        "code": "07ED911",
        "_color": "#ff0000",
        "_weight": 2,
        "_fillOpacity": 0,
        "_opacity": 0.8,
        "_fill": false,
        "_fillColor": "transparent"
      },
      "geometry": {
        "type": "Polygon",
        "coordinates": [
          [
            [
              136.76023669,
              37.36465094
            ],
            [
              136.76016376,
              37.37816734
            ],
            [
              136.78274678,
              37.3782428
            ],
            [
              136.78281565,
              37.36472637
            ],
            [
              136.76023669,
              37.36465094
            ]
          ]
        ]
      }
    },
    {
      "type": "Feature",
      "properties": {
        "code": "07ED913",
        "_color": "#ff0000",
        "_weight": 2,
        "_fillOpacity": 0,
        "_opacity": 0.8,
        "_fill": false,
        "_fillColor": "transparent"
      },
      "geometry": {
        "type": "Polygon",
        "coordinates": [
          [
            [
              136.76030956,
              37.35113451
            ],
            [
              136.76023669,
              37.36465094
            ],
            [
              136.78281565,
              37.36472637
            ],
            [
              136.78288448,
              37.35120991
            ],
            [
              136.76030956,
              37.35113451
            ]
          ]
        ]
      }
    },
    {
      "type": "Feature",
      "properties": {
        "code": "07FD011",
        "_color": "#ff0000",
        "_weight": 2,
        "_fillOpacity": 0,
        "_opacity": 0.8,
        "_fill": false,
        "_fillColor": "transparent"
      },
      "geometry": {
        "type": "Polygon",
        "coordinates": [
          [
            [
              136.76038239,
              37.33761805
            ],
            [
              136.76030956,
              37.35113451
            ],
            [
              136.78288448,
              37.35120991
            ],
            [
              136.78295327,
              37.33769341
            ],
            [
              136.76038239,
              37.33761805
            ]
          ]
        ]
      }
    },
    {
      "type": "Feature",
      "properties": {
        "code": "07FD013",
        "_color": "#ff0000",
        "_weight": 2,
        "_fillOpacity": 0,
        "_opacity": 0.8,
        "_fill": false,
        "_fillColor": "transparent"
      },
      "geometry": {
        "type": "Polygon",
        "coordinates": [
          [
            [
              136.76045517,
              37.32410156
            ],
            [
              136.76038239,
              37.33761805
            ],
            [
              136.78295327,
              37.33769341
            ],
            [
              136.783022,
              37.32417688
            ],
            [
              136.76045517,
              37.32410156
            ]
          ]
        ]
      }
    },
    {
      "type": "Feature",
      "properties": {
        "code": "07FD111",
        "_color": "#ff0000",
        "_weight": 2,
        "_fillOpacity": 0,
        "_opacity": 0.8,
        "_fill": false,
        "_fillColor": "transparent"
      },
      "geometry": {
        "type": "Polygon",
        "coordinates": [
          [
            [
              136.76052791,
              37.31058504
            ],
            [
              136.76045517,
              37.32410156
            ],
            [
              136.783022,
              37.32417688
            ],
            [
              136.7830907,
              37.31066032
            ],
            [
              136.76052791,
              37.31058504
            ]
          ]
        ]
      }
    },
    {
      "type": "Feature",
      "properties": {
        "code": "07FD112",
        "_color": "#ff0000",
        "_weight": 2,
        "_fillOpacity": 0,
        "_opacity": 0.8,
        "_fill": false,
        "_fillColor": "transparent"
      },
      "geometry": {
        "type": "Polygon",
        "coordinates": [
          [
            [
              136.7830907,
              37.31066032
            ],
            [
              136.783022,
              37.32417688
            ],
            [
              136.80558891,
              37.3242479
            ],
            [
              136.80565357,
              37.31073131
            ],
            [
              136.7830907,
              37.31066032
            ]
          ]
        ]
      }
    },
    {
      "type": "Feature",
      "properties": {
        "code": "07FD014",
        "_color": "#ff0000",
        "_weight": 2,
        "_fillOpacity": 0,
        "_opacity": 0.8,
        "_fill": false,
        "_fillColor": "transparent"
      },
      "geometry": {
        "type": "Polygon",
        "coordinates": [
          [
            [
              136.783022,
              37.32417688
            ],
            [
              136.78295327,
              37.33769341
            ],
            [
              136.80552422,
              37.33776446
            ],
            [
              136.80558891,
              37.3242479
            ],
            [
              136.783022,
              37.32417688
            ]
          ]
        ]
      }
    },
    {
      "type": "Feature",
      "properties": {
        "code": "07FD023",
        "_color": "#ff0000",
        "_weight": 2,
        "_fillOpacity": 0,
        "_opacity": 0.8,
        "_fill": false,
        "_fillColor": "transparent"
      },
      "geometry": {
        "type": "Polygon",
        "coordinates": [
          [
            [
              136.80558891,
              37.3242479
            ],
            [
              136.80552422,
              37.33776446
            ],
            [
              136.82809525,
              37.3378312
            ],
            [
              136.8281559,
              37.32431461
            ],
            [
              136.80558891,
              37.3242479
            ]
          ]
        ]
      }
    },
    {
      "type": "Feature",
      "properties": {
        "code": "07FD024",
        "_color": "#ff0000",
        "_weight": 2,
        "_fillOpacity": 0,
        "_opacity": 0.8,
        "_fill": false,
        "_fillColor": "transparent"
      },
      "geometry": {
        "type": "Polygon",
        "coordinates": [
          [
            [
              136.8281559,
              37.32431461
            ],
            [
              136.82809525,
              37.3378312
            ],
            [
              136.85066635,
              37.33789364
            ],
            [
              136.85072296,
              37.32437702
            ],
            [
              136.8281559,
              37.32431461
            ]
          ]
        ]
      }
    },
    {
      "type": "Feature",
      "properties": {
        "code": "07FD122",
        "_color": "#ff0000",
        "_weight": 2,
        "_fillOpacity": 0,
        "_opacity": 0.8,
        "_fill": false,
        "_fillColor": "transparent"
      },
      "geometry": {
        "type": "Polygon",
        "coordinates": [
          [
            [
              136.82821651,
              37.31079799
            ],
            [
              136.8281559,
              37.32431461
            ],
            [
              136.85072296,
              37.32437702
            ],
            [
              136.85077953,
              37.31086036
            ],
            [
              136.82821651,
              37.31079799
            ]
          ]
        ]
      }
    },
    {
      "type": "Feature",
      "properties": {
        "code": "07FD121",
        "_color": "#ff0000",
        "_weight": 2,
        "_fillOpacity": 0,
        "_opacity": 0.8,
        "_fill": false,
        "_fillColor": "transparent"
      },
      "geometry": {
        "type": "Polygon",
        "coordinates": [
          [
            [
              136.80565357,
              37.31073131
            ],
            [
              136.80558891,
              37.3242479
            ],
            [
              136.8281559,
              37.32431461
            ],
            [
              136.82821651,
              37.31079799
            ],
            [
              136.80565357,
              37.31073131
            ]
          ]
        ]
      }
    },
    {
      "type": "Feature",
      "properties": {
        "code": "07FD123",
        "_color": "#ff0000",
        "_weight": 2,
        "_fillOpacity": 0,
        "_opacity": 0.8,
        "_fill": false,
        "_fillColor": "transparent"
      },
      "geometry": {
        "type": "Polygon",
        "coordinates": [
          [
            [
              136.80571817,
              37.29721468
            ],
            [
              136.80565357,
              37.31073131
            ],
            [
              136.82821651,
              37.31079799
            ],
            [
              136.82827708,
              37.29728133
            ],
            [
              136.80571817,
              37.29721468
            ]
          ]
        ]
      }
    },
    {
      "type": "Feature",
      "properties": {
        "code": "07FD221",
        "_color": "#ff0000",
        "_weight": 2,
        "_fillOpacity": 0,
        "_opacity": 0.8,
        "_fill": false,
        "_fillColor": "transparent"
      },
      "geometry": {
        "type": "Polygon",
        "coordinates": [
          [
            [
              136.80578274,
              37.28369803
            ],
            [
              136.80571817,
              37.29721468
            ],
            [
              136.82827708,
              37.29728133
            ],
            [
              136.82833761,
              37.28376464
            ],
            [
              136.80578274,
              37.28369803
            ]
          ]
        ]
      }
    },
    {
      "type": "Feature",
      "properties": {
        "code": "07FD124",
        "_color": "#ff0000",
        "_weight": 2,
        "_fillOpacity": 0,
        "_opacity": 0.8,
        "_fill": false,
        "_fillColor": "transparent"
      },
      "geometry": {
        "type": "Polygon",
        "coordinates": [
          [
            [
              136.82827708,
              37.29728133
            ],
            [
              136.82821651,
              37.31079799
            ],
            [
              136.85077953,
              37.31086036
            ],
            [
              136.85083606,
              37.29734368
            ],
            [
              136.82827708,
              37.29728133
            ]
          ]
        ]
      }
    },
    {
      "type": "Feature",
      "properties": {
        "code": "07FD222",
        "_color": "#ff0000",
        "_weight": 2,
        "_fillOpacity": 0,
        "_opacity": 0.8,
        "_fill": false,
        "_fillColor": "transparent"
      },
      "geometry": {
        "type": "Polygon",
        "coordinates": [
          [
            [
              136.82833761,
              37.28376464
            ],
            [
              136.82827708,
              37.29728133
            ],
            [
              136.85083606,
              37.29734368
            ],
            [
              136.85089256,
              37.28382696
            ],
            [
              136.82833761,
              37.28376464
            ]
          ]
        ]
      }
    },
    {
      "type": "Feature",
      "properties": {
        "code": "07FD224",
        "_color": "#ff0000",
        "_weight": 2,
        "_fillOpacity": 0,
        "_opacity": 0.8,
        "_fill": false,
        "_fillColor": "transparent"
      },
      "geometry": {
        "type": "Polygon",
        "coordinates": [
          [
            [
              136.8283981,
              37.27024792
            ],
            [
              136.82833761,
              37.28376464
            ],
            [
              136.85089256,
              37.28382696
            ],
            [
              136.85094902,
              37.27031021
            ],
            [
              136.8283981,
              37.27024792
            ]
          ]
        ]
      }
    },
    {
      "type": "Feature",
      "properties": {
        "code": "07FD214",
        "_color": "#ff0000",
        "_weight": 2,
        "_fillOpacity": 0,
        "_opacity": 0.8,
        "_fill": false,
        "_fillColor": "transparent"
      },
      "geometry": {
        "type": "Polygon",
        "coordinates": [
          [
            [
              136.7832965,
              37.27011046
            ],
            [
              136.78322794,
              37.28362711
            ],
            [
              136.80578274,
              37.28369803
            ],
            [
              136.80584726,
              37.27018134
            ],
            [
              136.7832965,
              37.27011046
            ]
          ]
        ]
      }
    },
    {
      "type": "Feature",
      "properties": {
        "code": "07FD114",
        "_color": "#ff0000",
        "_weight": 2,
        "_fillOpacity": 0,
        "_opacity": 0.8,
        "_fill": false,
        "_fillColor": "transparent"
      },
      "geometry": {
        "type": "Polygon",
        "coordinates": [
          [
            [
              136.78315934,
              37.29714373
            ],
            [
              136.7830907,
              37.31066032
            ],
            [
              136.80565357,
              37.31073131
            ],
            [
              136.80571817,
              37.29721468
            ],
            [
              136.78315934,
              37.29714373
            ]
          ]
        ]
      }
    },
    {
      "type": "Feature",
      "properties": {
        "code": "07FD212",
        "_color": "#ff0000",
        "_weight": 2,
        "_fillOpacity": 0,
        "_opacity": 0.8,
        "_fill": false,
        "_fillColor": "transparent"
      },
      "geometry": {
        "type": "Polygon",
        "coordinates": [
          [
            [
              136.78322794,
              37.28362711
            ],
            [
              136.78315934,
              37.29714373
            ],
            [
              136.80571817,
              37.29721468
            ],
            [
              136.80578274,
              37.28369803
            ],
            [
              136.78322794,
              37.28362711
            ]
          ]
        ]
      }
    },
    {
      "type": "Feature",
      "properties": {
        "code": "07FD113",
        "_color": "#ff0000",
        "_weight": 2,
        "_fillOpacity": 0,
        "_opacity": 0.8,
        "_fill": false,
        "_fillColor": "transparent"
      },
      "geometry": {
        "type": "Polygon",
        "coordinates": [
          [
            [
              136.76060059,
              37.29706849
            ],
            [
              136.76052791,
              37.31058504
            ],
            [
              136.7830907,
              37.31066032
            ],
            [
              136.78315934,
              37.29714373
            ],
            [
              136.76060059,
              37.29706849
            ]
          ]
        ]
      }
    },
    {
      "type": "Feature",
      "properties": {
        "code": "07FD211",
        "_color": "#ff0000",
        "_weight": 2,
        "_fillOpacity": 0,
        "_opacity": 0.8,
        "_fill": false,
        "_fillColor": "transparent"
      },
      "geometry": {
        "type": "Polygon",
        "coordinates": [
          [
            [
              136.76067322,
              37.2835519
            ],
            [
              136.76060059,
              37.29706849
            ],
            [
              136.78315934,
              37.29714373
            ],
            [
              136.78322794,
              37.28362711
            ],
            [
              136.76067322,
              37.2835519
            ]
          ]
        ]
      }
    },
    {
      "type": "Feature",
      "properties": {
        "code": "07FD213",
        "_color": "#ff0000",
        "_weight": 2,
        "_fillOpacity": 0,
        "_opacity": 0.8,
        "_fill": false,
        "_fillColor": "transparent"
      },
      "geometry": {
        "type": "Polygon",
        "coordinates": [
          [
            [
              136.76074581,
              37.27003529
            ],
            [
              136.76067322,
              37.2835519
            ],
            [
              136.78322794,
              37.28362711
            ],
            [
              136.7832965,
              37.27011046
            ],
            [
              136.76074581,
              37.27003529
            ]
          ]
        ]
      }
    },
    {
      "type": "Feature",
      "properties": {
        "code": "07FD204",
        "_color": "#ff0000",
        "_weight": 2,
        "_fillOpacity": 0,
        "_opacity": 0.8,
        "_fill": false,
        "_fillColor": "transparent"
      },
      "geometry": {
        "type": "Polygon",
        "coordinates": [
          [
            [
              136.73819521,
              37.26995582
            ],
            [
              136.73811859,
              37.2834724
            ],
            [
              136.76067322,
              37.2835519
            ],
            [
              136.76074581,
              37.27003529
            ],
            [
              136.73819521,
              37.26995582
            ]
          ]
        ]
      }
    },
    {
      "type": "Feature",
      "properties": {
        "code": "07FD201",
        "_color": "#ff0000",
        "_weight": 2,
        "_fillOpacity": 0,
        "_opacity": 0.8,
        "_fill": false,
        "_fillColor": "transparent"
      },
      "geometry": {
        "type": "Polygon",
        "coordinates": [
          [
            [
              136.71556406,
              37.28338859
            ],
            [
              136.71548335,
              37.2969051
            ],
            [
              136.73804192,
              37.29698894
            ],
            [
              136.73811859,
              37.2834724
            ],
            [
              136.71556406,
              37.28338859
            ]
          ]
        ]
      }
    },
    {
      "type": "Feature",
      "properties": {
        "code": "07FD103",
        "_color": "#ff0000",
        "_weight": 2,
        "_fillOpacity": 0,
        "_opacity": 0.8,
        "_fill": false,
        "_fillColor": "transparent"
      },
      "geometry": {
        "type": "Polygon",
        "coordinates": [
          [
            [
              136.71548335,
              37.2969051
            ],
            [
              136.71540259,
              37.31042157
            ],
            [
              136.7379652,
              37.31050546
            ],
            [
              136.73804192,
              37.29698894
            ],
            [
              136.71548335,
              37.2969051
            ]
          ]
        ]
      }
    },
    {
      "type": "Feature",
      "properties": {
        "code": "07FD104",
        "_color": "#ff0000",
        "_weight": 2,
        "_fillOpacity": 0,
        "_opacity": 0.8,
        "_fill": false,
        "_fillColor": "transparent"
      },
      "geometry": {
        "type": "Polygon",
        "coordinates": [
          [
            [
              136.73804192,
              37.29698894
            ],
            [
              136.7379652,
              37.31050546
            ],
            [
              136.76052791,
              37.31058504
            ],
            [
              136.76060059,
              37.29706849
            ],
            [
              136.73804192,
              37.29698894
            ]
          ]
        ]
      }
    },
    {
      "type": "Feature",
      "properties": {
        "code": "07FD202",
        "_color": "#ff0000",
        "_weight": 2,
        "_fillOpacity": 0,
        "_opacity": 0.8,
        "_fill": false,
        "_fillColor": "transparent"
      },
      "geometry": {
        "type": "Polygon",
        "coordinates": [
          [
            [
              136.73811859,
              37.2834724
            ],
            [
              136.73804192,
              37.29698894
            ],
            [
              136.76060059,
              37.29706849
            ],
            [
              136.76067322,
              37.2835519
            ],
            [
              136.73811859,
              37.2834724
            ]
          ]
        ]
      }
    },
    {
      "type": "Feature",
      "properties": {
        "code": "07FD102",
        "_color": "#ff0000",
        "_weight": 2,
        "_fillOpacity": 0,
        "_opacity": 0.8,
        "_fill": false,
        "_fillColor": "transparent"
      },
      "geometry": {
        "type": "Polygon",
        "coordinates": [
          [
            [
              136.7379652,
              37.31050546
            ],
            [
              136.73788843,
              37.32402194
            ],
            [
              136.76045517,
              37.32410156
            ],
            [
              136.76052791,
              37.31058504
            ],
            [
              136.7379652,
              37.31050546
            ]
          ]
        ]
      }
    },
    {
      "type": "Feature",
      "properties": {
        "code": "07FD004",
        "_color": "#ff0000",
        "_weight": 2,
        "_fillOpacity": 0,
        "_opacity": 0.8,
        "_fill": false,
        "_fillColor": "transparent"
      },
      "geometry": {
        "type": "Polygon",
        "coordinates": [
          [
            [
              136.73788843,
              37.32402194
            ],
            [
              136.73781161,
              37.33753839
            ],
            [
              136.76038239,
              37.33761805
            ],
            [
              136.76045517,
              37.32410156
            ],
            [
              136.73788843,
              37.32402194
            ]
          ]
        ]
      }
    },
    {
      "type": "Feature",
      "properties": {
        "code": "07FD003",
        "_color": "#ff0000",
        "_weight": 2,
        "_fillOpacity": 0,
        "_opacity": 0.8,
        "_fill": false,
        "_fillColor": "transparent"
      },
      "geometry": {
        "type": "Polygon",
        "coordinates": [
          [
            [
              136.71532178,
              37.32393801
            ],
            [
              136.71524091,
              37.33745442
            ],
            [
              136.73781161,
              37.33753839
            ],
            [
              136.73788843,
              37.32402194
            ],
            [
              136.71532178,
              37.32393801
            ]
          ]
        ]
      }
    },
    {
      "type": "Feature",
      "properties": {
        "code": "07FD101",
        "_color": "#ff0000",
        "_weight": 2,
        "_fillOpacity": 0,
        "_opacity": 0.8,
        "_fill": false,
        "_fillColor": "transparent"
      },
      "geometry": {
        "type": "Polygon",
        "coordinates": [
          [
            [
              136.71540259,
              37.31042157
            ],
            [
              136.71532178,
              37.32393801
            ],
            [
              136.73788843,
              37.32402194
            ],
            [
              136.7379652,
              37.31050546
            ],
            [
              136.71540259,
              37.31042157
            ]
          ]
        ]
      }
    },
    {
      "type": "Feature",
      "properties": {
        "code": "07FC394",
        "_color": "#ff0000",
        "_weight": 2,
        "_fillOpacity": 0,
        "_opacity": 0.8,
        "_fill": false,
        "_fillColor": "transparent"
      },
      "geometry": {
        "type": "Polygon",
        "coordinates": [
          [
            [
              136.69326349,
              37.24275092
            ],
            [
              136.69317892,
              37.25626747
            ],
            [
              136.7157253,
              37.25635549
            ],
            [
              136.71580585,
              37.24283889
            ],
            [
              136.69326349,
              37.24275092
            ]
          ]
        ]
      }
    },
    {
      "type": "Feature",
      "properties": {
        "code": "07FD302",
        "_color": "#ff0000",
        "_weight": 2,
        "_fillOpacity": 0,
        "_opacity": 0.8,
        "_fill": false,
        "_fillColor": "transparent"
      },
      "geometry": {
        "type": "Polygon",
        "coordinates": [
          [
            [
              136.73827178,
              37.25643921
            ],
            [
              136.73819521,
              37.26995582
            ],
            [
              136.76074581,
              37.27003529
            ],
            [
              136.76081835,
              37.25651864
            ],
            [
              136.73827178,
              37.25643921
            ]
          ]
        ]
      }
    },
    {
      "type": "Feature",
      "properties": {
        "code": "07FD304",
        "_color": "#ff0000",
        "_weight": 2,
        "_fillOpacity": 0,
        "_opacity": 0.8,
        "_fill": false,
        "_fillColor": "transparent"
      },
      "geometry": {
        "type": "Polygon",
        "coordinates": [
          [
            [
              136.7383483,
              37.24292257
            ],
            [
              136.73827178,
              37.25643921
            ],
            [
              136.76081835,
              37.25651864
            ],
            [
              136.76089084,
              37.24300197
            ],
            [
              136.7383483,
              37.24292257
            ]
          ]
        ]
      }
    },
    {
      "type": "Feature",
      "properties": {
        "code": "07FD303",
        "_color": "#ff0000",
        "_weight": 2,
        "_fillOpacity": 0,
        "_opacity": 0.8,
        "_fill": false,
        "_fillColor": "transparent"
      },
      "geometry": {
        "type": "Polygon",
        "coordinates": [
          [
            [
              136.71580585,
              37.24283889
            ],
            [
              136.7157253,
              37.25635549
            ],
            [
              136.73827178,
              37.25643921
            ],
            [
              136.7383483,
              37.24292257
            ],
            [
              136.71580585,
              37.24283889
            ]
          ]
        ]
      }
    },
    {
      "type": "Feature",
      "properties": {
        "code": "07FD403",
        "_color": "#ff0000",
        "_weight": 2,
        "_fillOpacity": 0,
        "_opacity": 0.8,
        "_fill": false,
        "_fillColor": "transparent"
      },
      "geometry": {
        "type": "Polygon",
        "coordinates": [
          [
            [
              136.71596677,
              37.2158056
            ],
            [
              136.71588634,
              37.22932226
            ],
            [
              136.73842476,
              37.22940591
            ],
            [
              136.73850118,
              37.2158892
            ],
            [
              136.71596677,
              37.2158056
            ]
          ]
        ]
      }
    },
    {
      "type": "Feature",
      "properties": {
        "code": "07FD402",
        "_color": "#ff0000",
        "_weight": 2,
        "_fillOpacity": 0,
        "_opacity": 0.8,
        "_fill": false,
        "_fillColor": "transparent"
      },
      "geometry": {
        "type": "Polygon",
        "coordinates": [
          [
            [
              136.73842476,
              37.22940591
            ],
            [
              136.7383483,
              37.24292257
            ],
            [
              136.76089084,
              37.24300197
            ],
            [
              136.76096328,
              37.22948526
            ],
            [
              136.73842476,
              37.22940591
            ]
          ]
        ]
      }
    },
    {
      "type": "Feature",
      "properties": {
        "code": "07FD404",
        "_color": "#ff0000",
        "_weight": 2,
        "_fillOpacity": 0,
        "_opacity": 0.8,
        "_fill": false,
        "_fillColor": "transparent"
      },
      "geometry": {
        "type": "Polygon",
        "coordinates": [
          [
            [
              136.73850118,
              37.2158892
            ],
            [
              136.73842476,
              37.22940591
            ],
            [
              136.76096328,
              37.22948526
            ],
            [
              136.76103567,
              37.21596852
            ],
            [
              136.73850118,
              37.2158892
            ]
          ]
        ]
      }
    },
    {
      "type": "Feature",
      "properties": {
        "code": "07FD502",
        "_color": "#ff0000",
        "_weight": 2,
        "_fillOpacity": 0,
        "_opacity": 0.8,
        "_fill": false,
        "_fillColor": "transparent"
      },
      "geometry": {
        "type": "Polygon",
        "coordinates": [
          [
            [
              136.73857754,
              37.20237247
            ],
            [
              136.73850118,
              37.2158892
            ],
            [
              136.76103567,
              37.21596852
            ],
            [
              136.76110802,
              37.20245175
            ],
            [
              136.73857754,
              37.20237247
            ]
          ]
        ]
      }
    },
    {
      "type": "Feature",
      "properties": {
        "code": "07FC592",
        "_color": "#ff0000",
        "_weight": 2,
        "_fillOpacity": 0,
        "_opacity": 0.8,
        "_fill": false,
        "_fillColor": "transparent"
      },
      "geometry": {
        "type": "Polygon",
        "coordinates": [
          [
            [
              136.69351686,
              37.20220107
            ],
            [
              136.69343246,
              37.21571772
            ],
            [
              136.71596677,
              37.2158056
            ],
            [
              136.71604716,
              37.20228891
            ],
            [
              136.69351686,
              37.20220107
            ]
          ]
        ]
      }
    },
    {
      "type": "Feature",
      "properties": {
        "code": "07FC494",
        "_color": "#ff0000",
        "_weight": 2,
        "_fillOpacity": 0,
        "_opacity": 0.8,
        "_fill": false,
        "_fillColor": "transparent"
      },
      "geometry": {
        "type": "Polygon",
        "coordinates": [
          [
            [
              136.69343246,
              37.21571772
            ],
            [
              136.69334801,
              37.22923433
            ],
            [
              136.71588634,
              37.22932226
            ],
            [
              136.71596677,
              37.2158056
            ],
            [
              136.69343246,
              37.21571772
            ]
          ]
        ]
      }
    },
    {
      "type": "Feature",
      "properties": {
        "code": "07FC591",
        "_color": "#ff0000",
        "_weight": 2,
        "_fillOpacity": 0,
        "_opacity": 0.8,
        "_fill": false,
        "_fillColor": "transparent"
      },
      "geometry": {
        "type": "Polygon",
        "coordinates": [
          [
            [
              136.67098667,
              37.20210894
            ],
            [
              136.67089825,
              37.21562554
            ],
            [
              136.69343246,
              37.21571772
            ],
            [
              136.69351686,
              37.20220107
            ],
            [
              136.67098667,
              37.20210894
            ]
          ]
        ]
      }
    },
    {
      "type": "Feature",
      "properties": {
        "code": "07FC593",
        "_color": "#ff0000",
        "_weight": 2,
        "_fillOpacity": 0,
        "_opacity": 0.8,
        "_fill": false,
        "_fillColor": "transparent"
      },
      "geometry": {
        "type": "Polygon",
        "coordinates": [
          [
            [
              136.67107503,
              37.1885923
            ],
            [
              136.67098667,
              37.20210894
            ],
            [
              136.69351686,
              37.20220107
            ],
            [
              136.69360121,
              37.18868439
            ],
            [
              136.67107503,
              37.1885923
            ]
          ]
        ]
      }
    },
    {
      "type": "Feature",
      "properties": {
        "code": "07FC594",
        "_color": "#ff0000",
        "_weight": 2,
        "_fillOpacity": 0,
        "_opacity": 0.8,
        "_fill": false,
        "_fillColor": "transparent"
      },
      "geometry": {
        "type": "Polygon",
        "coordinates": [
          [
            [
              136.69360121,
              37.18868439
            ],
            [
              136.69351686,
              37.20220107
            ],
            [
              136.71604716,
              37.20228891
            ],
            [
              136.71612748,
              37.18877219
            ],
            [
              136.69360121,
              37.18868439
            ]
          ]
        ]
      }
    },
    {
      "type": "Feature",
      "properties": {
        "code": "07FC691",
        "_color": "#ff0000",
        "_weight": 2,
        "_fillOpacity": 0,
        "_opacity": 0.8,
        "_fill": false,
        "_fillColor": "transparent"
      },
      "geometry": {
        "type": "Polygon",
        "coordinates": [
          [
            [
              136.67116333,
              37.17507564
            ],
            [
              136.67107503,
              37.1885923
            ],
            [
              136.69360121,
              37.18868439
            ],
            [
              136.6936855,
              37.17516768
            ],
            [
              136.67116333,
              37.17507564
            ]
          ]
        ]
      }
    },
    {
      "type": "Feature",
      "properties": {
        "code": "07FD603",
        "_color": "#ff0000",
        "_weight": 2,
        "_fillOpacity": 0,
        "_opacity": 0.8,
        "_fill": false,
        "_fillColor": "transparent"
      },
      "geometry": {
        "type": "Polygon",
        "coordinates": [
          [
            [
              136.71628798,
              37.16173865
            ],
            [
              136.71620776,
              37.17525544
            ],
            [
              136.73873012,
              37.17533892
            ],
            [
              136.73880633,
              37.16182209
            ],
            [
              136.71628798,
              37.16173865
            ]
          ]
        ]
      }
    },
    {
      "type": "Feature",
      "properties": {
        "code": "07FD602",
        "_color": "#ff0000",
        "_weight": 2,
        "_fillOpacity": 0,
        "_opacity": 0.8,
        "_fill": false,
        "_fillColor": "transparent"
      },
      "geometry": {
        "type": "Polygon",
        "coordinates": [
          [
            [
              136.73873012,
              37.17533892
            ],
            [
              136.73865385,
              37.18885571
            ],
            [
              136.76118032,
              37.18893495
            ],
            [
              136.76125256,
              37.17541812
            ],
            [
              136.73873012,
              37.17533892
            ]
          ]
        ]
      }
    },
    {
      "type": "Feature",
      "properties": {
        "code": "07FD601",
        "_color": "#ff0000",
        "_weight": 2,
        "_fillOpacity": 0,
        "_opacity": 0.8,
        "_fill": false,
        "_fillColor": "transparent"
      },
      "geometry": {
        "type": "Polygon",
        "coordinates": [
          [
            [
              136.71620776,
              37.17525544
            ],
            [
              136.71612748,
              37.18877219
            ],
            [
              136.73865385,
              37.18885571
            ],
            [
              136.73873012,
              37.17533892
            ],
            [
              136.71620776,
              37.17525544
            ]
          ]
        ]
      }
    },
    {
      "type": "Feature",
      "properties": {
        "code": "07FD503",
        "_color": "#ff0000",
        "_weight": 2,
        "_fillOpacity": 0,
        "_opacity": 0.8,
        "_fill": false,
        "_fillColor": "transparent"
      },
      "geometry": {
        "type": "Polygon",
        "coordinates": [
          [
            [
              136.71612748,
              37.18877219
            ],
            [
              136.71604716,
              37.20228891
            ],
            [
              136.73857754,
              37.20237247
            ],
            [
              136.73865385,
              37.18885571
            ],
            [
              136.71612748,
              37.18877219
            ]
          ]
        ]
      }
    },
    {
      "type": "Feature",
      "properties": {
        "code": "07FD504",
        "_color": "#ff0000",
        "_weight": 2,
        "_fillOpacity": 0,
        "_opacity": 0.8,
        "_fill": false,
        "_fillColor": "transparent"
      },
      "geometry": {
        "type": "Polygon",
        "coordinates": [
          [
            [
              136.73865385,
              37.18885571
            ],
            [
              136.73857754,
              37.20237247
            ],
            [
              136.76110802,
              37.20245175
            ],
            [
              136.76118032,
              37.18893495
            ],
            [
              136.73865385,
              37.18885571
            ]
          ]
        ]
      }
    },
    {
      "type": "Feature",
      "properties": {
        "code": "07FD513",
        "_color": "#ff0000",
        "_weight": 2,
        "_fillOpacity": 0,
        "_opacity": 0.8,
        "_fill": false,
        "_fillColor": "transparent"
      },
      "geometry": {
        "type": "Polygon",
        "coordinates": [
          [
            [
              136.76118032,
              37.18893495
            ],
            [
              136.76110802,
              37.20245175
            ],
            [
              136.78363858,
              37.20252674
            ],
            [
              136.78370686,
              37.1890099
            ],
            [
              136.76118032,
              37.18893495
            ]
          ]
        ]
      }
    },
    {
      "type": "Feature",
      "properties": {
        "code": "07FD514",
        "_color": "#ff0000",
        "_weight": 2,
        "_fillOpacity": 0,
        "_opacity": 0.8,
        "_fill": false,
        "_fillColor": "transparent"
      },
      "geometry": {
        "type": "Polygon",
        "coordinates": [
          [
            [
              136.78370686,
              37.1890099
            ],
            [
              136.78363858,
              37.20252674
            ],
            [
              136.80616923,
              37.20259745
            ],
            [
              136.80623349,
              37.18908057
            ],
            [
              136.78370686,
              37.1890099
            ]
          ]
        ]
      }
    },
    {
      "type": "Feature",
      "properties": {
        "code": "07FD612",
        "_color": "#ff0000",
        "_weight": 2,
        "_fillOpacity": 0,
        "_opacity": 0.8,
        "_fill": false,
        "_fillColor": "transparent"
      },
      "geometry": {
        "type": "Polygon",
        "coordinates": [
          [
            [
              136.7837751,
              37.17549303
            ],
            [
              136.78370686,
              37.1890099
            ],
            [
              136.80623349,
              37.18908057
            ],
            [
              136.80629771,
              37.17556367
            ],
            [
              136.7837751,
              37.17549303
            ]
          ]
        ]
      }
    },
    {
      "type": "Feature",
      "properties": {
        "code": "07FD623",
        "_color": "#ff0000",
        "_weight": 2,
        "_fillOpacity": 0,
        "_opacity": 0.8,
        "_fill": false,
        "_fillColor": "transparent"
      },
      "geometry": {
        "type": "Polygon",
        "coordinates": [
          [
            [
              136.80636189,
              37.16204674
            ],
            [
              136.80629771,
              37.17556367
            ],
            [
              136.8288204,
              37.17563003
            ],
            [
              136.82888057,
              37.16211306
            ],
            [
              136.80636189,
              37.16204674
            ]
          ]
        ]
      }
    },
    {
      "type": "Feature",
      "properties": {
        "code": "07FD721",
        "_color": "#ff0000",
        "_weight": 2,
        "_fillOpacity": 0,
        "_opacity": 0.8,
        "_fill": false,
        "_fillColor": "transparent"
      },
      "geometry": {
        "type": "Polygon",
        "coordinates": [
          [
            [
              136.80642603,
              37.14852977
            ],
            [
              136.80636189,
              37.16204674
            ],
            [
              136.82888057,
              37.16211306
            ],
            [
              136.8289407,
              37.14859606
            ],
            [
              136.80642603,
              37.14852977
            ]
          ]
        ]
      }
    },
    {
      "type": "Feature",
      "properties": {
        "code": "07FD724",
        "_color": "#ff0000",
        "_weight": 2,
        "_fillOpacity": 0,
        "_opacity": 0.8,
        "_fill": false,
        "_fillColor": "transparent"
      },
      "geometry": {
        "type": "Polygon",
        "coordinates": [
          [
            [
              136.82900079,
              37.13507904
            ],
            [
              136.8289407,
              37.14859606
            ],
            [
              136.85145544,
              37.14865808
            ],
            [
              136.85151152,
              37.13514102
            ],
            [
              136.82900079,
              37.13507904
            ]
          ]
        ]
      }
    },
    {
      "type": "Feature",
      "properties": {
        "code": "07FD722",
        "_color": "#ff0000",
        "_weight": 2,
        "_fillOpacity": 0,
        "_opacity": 0.8,
        "_fill": false,
        "_fillColor": "transparent"
      },
      "geometry": {
        "type": "Polygon",
        "coordinates": [
          [
            [
              136.8289407,
              37.14859606
            ],
            [
              136.82888057,
              37.16211306
            ],
            [
              136.85139932,
              37.16217511
            ],
            [
              136.85145544,
              37.14865808
            ],
            [
              136.8289407,
              37.14859606
            ]
          ]
        ]
      }
    },
    {
      "type": "Feature",
      "properties": {
        "code": "07FD622",
        "_color": "#ff0000",
        "_weight": 2,
        "_fillOpacity": 0,
        "_opacity": 0.8,
        "_fill": false,
        "_fillColor": "transparent"
      },
      "geometry": {
        "type": "Polygon",
        "coordinates": [
          [
            [
              136.8288204,
              37.17563003
            ],
            [
              136.8287602,
              37.18914696
            ],
            [
              136.85128697,
              37.18920907
            ],
            [
              136.85134317,
              37.1756921
            ],
            [
              136.8288204,
              37.17563003
            ]
          ]
        ]
      }
    },
    {
      "type": "Feature",
      "properties": {
        "code": "07FD621",
        "_color": "#ff0000",
        "_weight": 2,
        "_fillOpacity": 0,
        "_opacity": 0.8,
        "_fill": false,
        "_fillColor": "transparent"
      },
      "geometry": {
        "type": "Polygon",
        "coordinates": [
          [
            [
              136.80629771,
              37.17556367
            ],
            [
              136.80623349,
              37.18908057
            ],
            [
              136.8287602,
              37.18914696
            ],
            [
              136.8288204,
              37.17563003
            ],
            [
              136.80629771,
              37.17556367
            ]
          ]
        ]
      }
    },
    {
      "type": "Feature",
      "properties": {
        "code": "07FD523",
        "_color": "#ff0000",
        "_weight": 2,
        "_fillOpacity": 0,
        "_opacity": 0.8,
        "_fill": false,
        "_fillColor": "transparent"
      },
      "geometry": {
        "type": "Polygon",
        "coordinates": [
          [
            [
              136.80623349,
              37.18908057
            ],
            [
              136.80616923,
              37.20259745
            ],
            [
              136.82869995,
              37.20266387
            ],
            [
              136.8287602,
              37.18914696
            ],
            [
              136.80623349,
              37.18908057
            ]
          ]
        ]
      }
    },
    {
      "type": "Feature",
      "properties": {
        "code": "07FD522",
        "_color": "#ff0000",
        "_weight": 2,
        "_fillOpacity": 0,
        "_opacity": 0.8,
        "_fill": false,
        "_fillColor": "transparent"
      },
      "geometry": {
        "type": "Polygon",
        "coordinates": [
          [
            [
              136.82869995,
              37.20266387
            ],
            [
              136.82863966,
              37.21618074
            ],
            [
              136.85117447,
              37.21624291
            ],
            [
              136.85123074,
              37.202726
            ],
            [
              136.82869995,
              37.20266387
            ]
          ]
        ]
      }
    },
    {
      "type": "Feature",
      "properties": {
        "code": "07FD422",
        "_color": "#ff0000",
        "_weight": 2,
        "_fillOpacity": 0,
        "_opacity": 0.8,
        "_fill": false,
        "_fillColor": "transparent"
      },
      "geometry": {
        "type": "Polygon",
        "coordinates": [
          [
            [
              136.82857933,
              37.22969758
            ],
            [
              136.82851896,
              37.24321439
            ],
            [
              136.85106182,
              37.24327662
            ],
            [
              136.85111816,
              37.22975978
            ],
            [
              136.82857933,
              37.22969758
            ]
          ]
        ]
      }
    },
    {
      "type": "Feature",
      "properties": {
        "code": "07FD421",
        "_color": "#ff0000",
        "_weight": 2,
        "_fillOpacity": 0,
        "_opacity": 0.8,
        "_fill": false,
        "_fillColor": "transparent"
      },
      "geometry": {
        "type": "Polygon",
        "coordinates": [
          [
            [
              136.80604057,
              37.2296311
            ],
            [
              136.80597618,
              37.24314788
            ],
            [
              136.82851896,
              37.24321439
            ],
            [
              136.82857933,
              37.22969758
            ],
            [
              136.80604057,
              37.2296311
            ]
          ]
        ]
      }
    },
    {
      "type": "Feature",
      "properties": {
        "code": "07FD423",
        "_color": "#ff0000",
        "_weight": 2,
        "_fillOpacity": 0,
        "_opacity": 0.8,
        "_fill": false,
        "_fillColor": "transparent"
      },
      "geometry": {
        "type": "Polygon",
        "coordinates": [
          [
            [
              136.80610492,
              37.21611429
            ],
            [
              136.80604057,
              37.2296311
            ],
            [
              136.82857933,
              37.22969758
            ],
            [
              136.82863966,
              37.21618074
            ],
            [
              136.80610492,
              37.21611429
            ]
          ]
        ]
      }
    },
    {
      "type": "Feature",
      "properties": {
        "code": "07FD521",
        "_color": "#ff0000",
        "_weight": 2,
        "_fillOpacity": 0,
        "_opacity": 0.8,
        "_fill": false,
        "_fillColor": "transparent"
      },
      "geometry": {
        "type": "Polygon",
        "coordinates": [
          [
            [
              136.80616923,
              37.20259745
            ],
            [
              136.80610492,
              37.21611429
            ],
            [
              136.82863966,
              37.21618074
            ],
            [
              136.82869995,
              37.20266387
            ],
            [
              136.80616923,
              37.20259745
            ]
          ]
        ]
      }
    },
    {
      "type": "Feature",
      "properties": {
        "code": "07FD512",
        "_color": "#ff0000",
        "_weight": 2,
        "_fillOpacity": 0,
        "_opacity": 0.8,
        "_fill": false,
        "_fillColor": "transparent"
      },
      "geometry": {
        "type": "Polygon",
        "coordinates": [
          [
            [
              136.78363858,
              37.20252674
            ],
            [
              136.78357026,
              37.21604355
            ],
            [
              136.80610492,
              37.21611429
            ],
            [
              136.80616923,
              37.20259745
            ],
            [
              136.78363858,
              37.20252674
            ]
          ]
        ]
      }
    },
    {
      "type": "Feature",
      "properties": {
        "code": "07FD413",
        "_color": "#ff0000",
        "_weight": 2,
        "_fillOpacity": 0,
        "_opacity": 0.8,
        "_fill": false,
        "_fillColor": "transparent"
      },
      "geometry": {
        "type": "Polygon",
        "coordinates": [
          [
            [
              136.76103567,
              37.21596852
            ],
            [
              136.76096328,
              37.22948526
            ],
            [
              136.78350188,
              37.22956032
            ],
            [
              136.78357026,
              37.21604355
            ],
            [
              136.76103567,
              37.21596852
            ]
          ]
        ]
      }
    },
    {
      "type": "Feature",
      "properties": {
        "code": "07FD411",
        "_color": "#ff0000",
        "_weight": 2,
        "_fillOpacity": 0,
        "_opacity": 0.8,
        "_fill": false,
        "_fillColor": "transparent"
      },
      "geometry": {
        "type": "Polygon",
        "coordinates": [
          [
            [
              136.76096328,
              37.22948526
            ],
            [
              136.76089084,
              37.24300197
            ],
            [
              136.78343347,
              37.24307707
            ],
            [
              136.78350188,
              37.22956032
            ],
            [
              136.76096328,
              37.22948526
            ]
          ]
        ]
      }
    },
    {
      "type": "Feature",
      "properties": {
        "code": "07FD412",
        "_color": "#ff0000",
        "_weight": 2,
        "_fillOpacity": 0,
        "_opacity": 0.8,
        "_fill": false,
        "_fillColor": "transparent"
      },
      "geometry": {
        "type": "Polygon",
        "coordinates": [
          [
            [
              136.78350188,
              37.22956032
            ],
            [
              136.78343347,
              37.24307707
            ],
            [
              136.80597618,
              37.24314788
            ],
            [
              136.80604057,
              37.2296311
            ],
            [
              136.78350188,
              37.22956032
            ]
          ]
        ]
      }
    },
    {
      "type": "Feature",
      "properties": {
        "code": "07FD414",
        "_color": "#ff0000",
        "_weight": 2,
        "_fillOpacity": 0,
        "_opacity": 0.8,
        "_fill": false,
        "_fillColor": "transparent"
      },
      "geometry": {
        "type": "Polygon",
        "coordinates": [
          [
            [
              136.78357026,
              37.21604355
            ],
            [
              136.78350188,
              37.22956032
            ],
            [
              136.80604057,
              37.2296311
            ],
            [
              136.80610492,
              37.21611429
            ],
            [
              136.78357026,
              37.21604355
            ]
          ]
        ]
      }
    },
    {
      "type": "Feature",
      "properties": {
        "code": "07FD314",
        "_color": "#ff0000",
        "_weight": 2,
        "_fillOpacity": 0,
        "_opacity": 0.8,
        "_fill": false,
        "_fillColor": "transparent"
      },
      "geometry": {
        "type": "Polygon",
        "coordinates": [
          [
            [
              136.78343347,
              37.24307707
            ],
            [
              136.783365,
              37.25659378
            ],
            [
              136.80591174,
              37.25666462
            ],
            [
              136.80597618,
              37.24314788
            ],
            [
              136.78343347,
              37.24307707
            ]
          ]
        ]
      }
    },
    {
      "type": "Feature",
      "properties": {
        "code": "07FD313",
        "_color": "#ff0000",
        "_weight": 2,
        "_fillOpacity": 0,
        "_opacity": 0.8,
        "_fill": false,
        "_fillColor": "transparent"
      },
      "geometry": {
        "type": "Polygon",
        "coordinates": [
          [
            [
              136.76089084,
              37.24300197
            ],
            [
              136.76081835,
              37.25651864
            ],
            [
              136.783365,
              37.25659378
            ],
            [
              136.78343347,
              37.24307707
            ],
            [
              136.76089084,
              37.24300197
            ]
          ]
        ]
      }
    },
    {
      "type": "Feature",
      "properties": {
        "code": "07FD311",
        "_color": "#ff0000",
        "_weight": 2,
        "_fillOpacity": 0,
        "_opacity": 0.8,
        "_fill": false,
        "_fillColor": "transparent"
      },
      "geometry": {
        "type": "Polygon",
        "coordinates": [
          [
            [
              136.76081835,
              37.25651864
            ],
            [
              136.76074581,
              37.27003529
            ],
            [
              136.7832965,
              37.27011046
            ],
            [
              136.783365,
              37.25659378
            ],
            [
              136.76081835,
              37.25651864
            ]
          ]
        ]
      }
    },
    {
      "type": "Feature",
      "properties": {
        "code": "07FD321",
        "_color": "#ff0000",
        "_weight": 2,
        "_fillOpacity": 0,
        "_opacity": 0.8,
        "_fill": false,
        "_fillColor": "transparent"
      },
      "geometry": {
        "type": "Polygon",
        "coordinates": [
          [
            [
              136.80591174,
              37.25666462
            ],
            [
              136.80584726,
              37.27018134
            ],
            [
              136.8283981,
              37.27024792
            ],
            [
              136.82845855,
              37.25673117
            ],
            [
              136.80591174,
              37.25666462
            ]
          ]
        ]
      }
    },
    {
      "type": "Feature",
      "properties": {
        "code": "07FD323",
        "_color": "#ff0000",
        "_weight": 2,
        "_fillOpacity": 0,
        "_opacity": 0.8,
        "_fill": false,
        "_fillColor": "transparent"
      },
      "geometry": {
        "type": "Polygon",
        "coordinates": [
          [
            [
              136.80597618,
              37.24314788
            ],
            [
              136.80591174,
              37.25666462
            ],
            [
              136.82845855,
              37.25673117
            ],
            [
              136.82851896,
              37.24321439
            ],
            [
              136.80597618,
              37.24314788
            ]
          ]
        ]
      }
    },
    {
      "type": "Feature",
      "properties": {
        "code": "07FD324",
        "_color": "#ff0000",
        "_weight": 2,
        "_fillOpacity": 0,
        "_opacity": 0.8,
        "_fill": false,
        "_fillColor": "transparent"
      },
      "geometry": {
        "type": "Polygon",
        "coordinates": [
          [
            [
              136.82851896,
              37.24321439
            ],
            [
              136.82845855,
              37.25673117
            ],
            [
              136.85100544,
              37.25679343
            ],
            [
              136.85106182,
              37.24327662
            ],
            [
              136.82851896,
              37.24321439
            ]
          ]
        ]
      }
    },
    {
      "type": "Feature",
      "properties": {
        "code": "07FD322",
        "_color": "#ff0000",
        "_weight": 2,
        "_fillOpacity": 0,
        "_opacity": 0.8,
        "_fill": false,
        "_fillColor": "transparent"
      },
      "geometry": {
        "type": "Polygon",
        "coordinates": [
          [
            [
              136.82845855,
              37.25673117
            ],
            [
              136.8283981,
              37.27024792
            ],
            [
              136.85094902,
              37.27031021
            ],
            [
              136.85100544,
              37.25679343
            ],
            [
              136.82845855,
              37.25673117
            ]
          ]
        ]
      }
    },
    {
      "type": "Feature",
      "properties": {
        "code": "07FD331",
        "_color": "#ff0000",
        "_weight": 2,
        "_fillOpacity": 0,
        "_opacity": 0.8,
        "_fill": false,
        "_fillColor": "transparent"
      },
      "geometry": {
        "type": "Polygon",
        "coordinates": [
          [
            [
              136.85100544,
              37.25679343
            ],
            [
              136.85094902,
              37.27031021
            ],
            [
              136.8735,
              37.2703682
            ],
            [
              136.87355239,
              37.2568514
            ],
            [
              136.85100544,
              37.25679343
            ]
          ]
        ]
      }
    },
    {
      "type": "Feature",
      "properties": {
        "code": "07FD332",
        "_color": "#ff0000",
        "_weight": 2,
        "_fillOpacity": 0,
        "_opacity": 0.8,
        "_fill": false,
        "_fillColor": "transparent"
      },
      "geometry": {
        "type": "Polygon",
        "coordinates": [
          [
            [
              136.87355239,
              37.2568514
            ],
            [
              136.8735,
              37.2703682
            ],
            [
              136.89605104,
              37.2704219
            ],
            [
              136.8960994,
              37.25690507
            ],
            [
              136.87355239,
              37.2568514
            ]
          ]
        ]
      }
    },
    {
      "type": "Feature",
      "properties": {
        "code": "07FD334",
        "_color": "#ff0000",
        "_weight": 2,
        "_fillOpacity": 0,
        "_opacity": 0.8,
        "_fill": false,
        "_fillColor": "transparent"
      },
      "geometry": {
        "type": "Polygon",
        "coordinates": [
          [
            [
              136.87360474,
              37.24333456
            ],
            [
              136.87355239,
              37.2568514
            ],
            [
              136.8960994,
              37.25690507
            ],
            [
              136.89614773,
              37.2433882
            ],
            [
              136.87360474,
              37.24333456
            ]
          ]
        ]
      }
    },
    {
      "type": "Feature",
      "properties": {
        "code": "07FD333",
        "_color": "#ff0000",
        "_weight": 2,
        "_fillOpacity": 0,
        "_opacity": 0.8,
        "_fill": false,
        "_fillColor": "transparent"
      },
      "geometry": {
        "type": "Polygon",
        "coordinates": [
          [
            [
              136.85106182,
              37.24327662
            ],
            [
              136.85100544,
              37.25679343
            ],
            [
              136.87355239,
              37.2568514
            ],
            [
              136.87360474,
              37.24333456
            ],
            [
              136.85106182,
              37.24327662
            ]
          ]
        ]
      }
    },
    {
      "type": "Feature",
      "properties": {
        "code": "07FD433",
        "_color": "#ff0000",
        "_weight": 2,
        "_fillOpacity": 0,
        "_opacity": 0.8,
        "_fill": false,
        "_fillColor": "transparent"
      },
      "geometry": {
        "type": "Polygon",
        "coordinates": [
          [
            [
              136.85117447,
              37.21624291
            ],
            [
              136.85111816,
              37.22975978
            ],
            [
              136.87365706,
              37.22981769
            ],
            [
              136.87370935,
              37.21630079
            ],
            [
              136.85117447,
              37.21624291
            ]
          ]
        ]
      }
    },
    {
      "type": "Feature",
      "properties": {
        "code": "07FD531",
        "_color": "#ff0000",
        "_weight": 2,
        "_fillOpacity": 0,
        "_opacity": 0.8,
        "_fill": false,
        "_fillColor": "transparent"
      },
      "geometry": {
        "type": "Polygon",
        "coordinates": [
          [
            [
              136.85123074,
              37.202726
            ],
            [
              136.85117447,
              37.21624291
            ],
            [
              136.87370935,
              37.21630079
            ],
            [
              136.8737616,
              37.20278385
            ],
            [
              136.85123074,
              37.202726
            ]
          ]
        ]
      }
    },
    {
      "type": "Feature",
      "properties": {
        "code": "07FD434",
        "_color": "#ff0000",
        "_weight": 2,
        "_fillOpacity": 0,
        "_opacity": 0.8,
        "_fill": false,
        "_fillColor": "transparent"
      },
      "geometry": {
        "type": "Polygon",
        "coordinates": [
          [
            [
              136.87370935,
              37.21630079
            ],
            [
              136.87365706,
              37.22981769
            ],
            [
              136.89619602,
              37.2298713
            ],
            [
              136.89624429,
              37.21635438
            ],
            [
              136.87370935,
              37.21630079
            ]
          ]
        ]
      }
    },
    {
      "type": "Feature",
      "properties": {
        "code": "07FD432",
        "_color": "#ff0000",
        "_weight": 2,
        "_fillOpacity": 0,
        "_opacity": 0.8,
        "_fill": false,
        "_fillColor": "transparent"
      },
      "geometry": {
        "type": "Polygon",
        "coordinates": [
          [
            [
              136.87365706,
              37.22981769
            ],
            [
              136.87360474,
              37.24333456
            ],
            [
              136.89614773,
              37.2433882
            ],
            [
              136.89619602,
              37.2298713
            ],
            [
              136.87365706,
              37.22981769
            ]
          ]
        ]
      }
    },
    {
      "type": "Feature",
      "properties": {
        "code": "07FD441",
        "_color": "#ff0000",
        "_weight": 2,
        "_fillOpacity": 0,
        "_opacity": 0.8,
        "_fill": false,
        "_fillColor": "transparent"
      },
      "geometry": {
        "type": "Polygon",
        "coordinates": [
          [
            [
              136.89619602,
              37.2298713
            ],
            [
              136.89614773,
              37.2433882
            ],
            [
              136.91869077,
              37.24343755
            ],
            [
              136.91873504,
              37.22992063
            ],
            [
              136.89619602,
              37.2298713
            ]
          ]
        ]
      }
    },
    {
      "type": "Feature",
      "properties": {
        "code": "07FD443",
        "_color": "#ff0000",
        "_weight": 2,
        "_fillOpacity": 0,
        "_opacity": 0.8,
        "_fill": false,
        "_fillColor": "transparent"
      },
      "geometry": {
        "type": "Polygon",
        "coordinates": [
          [
            [
              136.89624429,
              37.21635438
            ],
            [
              136.89619602,
              37.2298713
            ],
            [
              136.91873504,
              37.22992063
            ],
            [
              136.91877928,
              37.21640368
            ],
            [
              136.89624429,
              37.21635438
            ]
          ]
        ]
      }
    },
    {
      "type": "Feature",
      "properties": {
        "code": "07FD541",
        "_color": "#ff0000",
        "_weight": 2,
        "_fillOpacity": 0,
        "_opacity": 0.8,
        "_fill": false,
        "_fillColor": "transparent"
      },
      "geometry": {
        "type": "Polygon",
        "coordinates": [
          [
            [
              136.89629252,
              37.20283742
            ],
            [
              136.89624429,
              37.21635438
            ],
            [
              136.91877928,
              37.21640368
            ],
            [
              136.9188235,
              37.2028867
            ],
            [
              136.89629252,
              37.20283742
            ]
          ]
        ]
      }
    },
    {
      "type": "Feature",
      "properties": {
        "code": "07FD444",
        "_color": "#ff0000",
        "_weight": 2,
        "_fillOpacity": 0,
        "_opacity": 0.8,
        "_fill": false,
        "_fillColor": "transparent"
      },
      "geometry": {
        "type": "Polygon",
        "coordinates": [
          [
            [
              136.91877928,
              37.21640368
            ],
            [
              136.91873504,
              37.22992063
            ],
            [
              136.94127411,
              37.22996567
            ],
            [
              136.94131433,
              37.2164487
            ],
            [
              136.91877928,
              37.21640368
            ]
          ]
        ]
      }
    },
    {
      "type": "Feature",
      "properties": {
        "code": "07FD442",
        "_color": "#ff0000",
        "_weight": 2,
        "_fillOpacity": 0,
        "_opacity": 0.8,
        "_fill": false,
        "_fillColor": "transparent"
      },
      "geometry": {
        "type": "Polygon",
        "coordinates": [
          [
            [
              136.91873504,
              37.22992063
            ],
            [
              136.91869077,
              37.24343755
            ],
            [
              136.94123387,
              37.24348261
            ],
            [
              136.94127411,
              37.22996567
            ],
            [
              136.91873504,
              37.22992063
            ]
          ]
        ]
      }
    },
    {
      "type": "Feature",
      "properties": {
        "code": "07FD343",
        "_color": "#ff0000",
        "_weight": 2,
        "_fillOpacity": 0,
        "_opacity": 0.8,
        "_fill": false,
        "_fillColor": "transparent"
      },
      "geometry": {
        "type": "Polygon",
        "coordinates": [
          [
            [
              136.89614773,
              37.2433882
            ],
            [
              136.8960994,
              37.25690507
            ],
            [
              136.91864647,
              37.25695444
            ],
            [
              136.91869077,
              37.24343755
            ],
            [
              136.89614773,
              37.2433882
            ]
          ]
        ]
      }
    },
    {
      "type": "Feature",
      "properties": {
        "code": "07FD341",
        "_color": "#ff0000",
        "_weight": 2,
        "_fillOpacity": 0,
        "_opacity": 0.8,
        "_fill": false,
        "_fillColor": "transparent"
      },
      "geometry": {
        "type": "Polygon",
        "coordinates": [
          [
            [
              136.8960994,
              37.25690507
            ],
            [
              136.89605104,
              37.2704219
            ],
            [
              136.91860214,
              37.2704713
            ],
            [
              136.91864647,
              37.25695444
            ],
            [
              136.8960994,
              37.25690507
            ]
          ]
        ]
      }
    },
    {
      "type": "Feature",
      "properties": {
        "code": "07FD342",
        "_color": "#ff0000",
        "_weight": 2,
        "_fillOpacity": 0,
        "_opacity": 0.8,
        "_fill": false,
        "_fillColor": "transparent"
      },
      "geometry": {
        "type": "Polygon",
        "coordinates": [
          [
            [
              136.91864647,
              37.25695444
            ],
            [
              136.91860214,
              37.2704713
            ],
            [
              136.94115329,
              37.27051641
            ],
            [
              136.94119359,
              37.25699953
            ],
            [
              136.91864647,
              37.25695444
            ]
          ]
        ]
      }
    },
    {
      "type": "Feature",
      "properties": {
        "code": "07FD351",
        "_color": "#ff0000",
        "_weight": 2,
        "_fillOpacity": 0,
        "_opacity": 0.8,
        "_fill": false,
        "_fillColor": "transparent"
      },
      "geometry": {
        "type": "Polygon",
        "coordinates": [
          [
            [
              136.94119359,
              37.25699953
            ],
            [
              136.94115329,
              37.27051641
            ],
            [
              136.9637045,
              37.27055721
            ],
            [
              136.96374077,
              37.25704032
            ],
            [
              136.94119359,
              37.25699953
            ]
          ]
        ]
      }
    },
    {
      "type": "Feature",
      "properties": {
        "code": "07FD353",
        "_color": "#ff0000",
        "_weight": 2,
        "_fillOpacity": 0,
        "_opacity": 0.8,
        "_fill": false,
        "_fillColor": "transparent"
      },
      "geometry": {
        "type": "Polygon",
        "coordinates": [
          [
            [
              136.94123387,
              37.24348261
            ],
            [
              136.94119359,
              37.25699953
            ],
            [
              136.96374077,
              37.25704032
            ],
            [
              136.96377701,
              37.24352338
            ],
            [
              136.94123387,
              37.24348261
            ]
          ]
        ]
      }
    },
    {
      "type": "Feature",
      "properties": {
        "code": "07FD352",
        "_color": "#ff0000",
        "_weight": 2,
        "_fillOpacity": 0,
        "_opacity": 0.8,
        "_fill": false,
        "_fillColor": "transparent"
      },
      "geometry": {
        "type": "Polygon",
        "coordinates": [
          [
            [
              136.96374077,
              37.25704032
            ],
            [
              136.9637045,
              37.27055721
            ],
            [
              136.98625574,
              37.27059373
            ],
            [
              136.98628798,
              37.25707681
            ],
            [
              136.96374077,
              37.25704032
            ]
          ]
        ]
      }
    },
    {
      "type": "Feature",
      "properties": {
        "code": "07FD461",
        "_color": "#ff0000",
        "_weight": 2,
        "_fillOpacity": 0,
        "_opacity": 0.8,
        "_fill": false,
        "_fillColor": "transparent"
      },
      "geometry": {
        "type": "Polygon",
        "coordinates": [
          [
            [
              136.9863524,
              37.23004288
            ],
            [
              136.9863202,
              37.24355986
            ],
            [
              137.00886342,
              37.24359205
            ],
            [
              137.0088916,
              37.23007505
            ],
            [
              136.9863524,
              37.23004288
            ]
          ]
        ]
      }
    },
    {
      "type": "Feature",
      "properties": {
        "code": "07FD552",
        "_color": "#ff0000",
        "_weight": 2,
        "_fillOpacity": 0,
        "_opacity": 0.8,
        "_fill": false,
        "_fillColor": "transparent"
      },
      "geometry": {
        "type": "Polygon",
        "coordinates": [
          [
            [
              136.96388561,
              37.20297241
            ],
            [
              136.96384943,
              37.21648943
            ],
            [
              136.98638457,
              37.21652587
            ],
            [
              136.98641673,
              37.20300883
            ],
            [
              136.96388561,
              37.20297241
            ]
          ]
        ]
      }
    },
    {
      "type": "Feature",
      "properties": {
        "code": "07FD452",
        "_color": "#ff0000",
        "_weight": 2,
        "_fillOpacity": 0,
        "_opacity": 0.8,
        "_fill": false,
        "_fillColor": "transparent"
      },
      "geometry": {
        "type": "Polygon",
        "coordinates": [
          [
            [
              136.96381323,
              37.23000642
            ],
            [
              136.96377701,
              37.24352338
            ],
            [
              136.9863202,
              37.24355986
            ],
            [
              136.9863524,
              37.23004288
            ],
            [
              136.96381323,
              37.23000642
            ]
          ]
        ]
      }
    },
    {
      "type": "Feature",
      "properties": {
        "code": "07FD451",
        "_color": "#ff0000",
        "_weight": 2,
        "_fillOpacity": 0,
        "_opacity": 0.8,
        "_fill": false,
        "_fillColor": "transparent"
      },
      "geometry": {
        "type": "Polygon",
        "coordinates": [
          [
            [
              136.94127411,
              37.22996567
            ],
            [
              136.94123387,
              37.24348261
            ],
            [
              136.96377701,
              37.24352338
            ],
            [
              136.96381323,
              37.23000642
            ],
            [
              136.94127411,
              37.22996567
            ]
          ]
        ]
      }
    },
    {
      "type": "Feature",
      "properties": {
        "code": "07FD453",
        "_color": "#ff0000",
        "_weight": 2,
        "_fillOpacity": 0,
        "_opacity": 0.8,
        "_fill": false,
        "_fillColor": "transparent"
      },
      "geometry": {
        "type": "Polygon",
        "coordinates": [
          [
            [
              136.94131433,
              37.2164487
            ],
            [
              136.94127411,
              37.22996567
            ],
            [
              136.96381323,
              37.23000642
            ],
            [
              136.96384943,
              37.21648943
            ],
            [
              136.94131433,
              37.2164487
            ]
          ]
        ]
      }
    },
    {
      "type": "Feature",
      "properties": {
        "code": "07FD564",
        "_color": "#ff0000",
        "_weight": 2,
        "_fillOpacity": 0,
        "_opacity": 0.8,
        "_fill": false,
        "_fillColor": "transparent"
      },
      "geometry": {
        "type": "Polygon",
        "coordinates": [
          [
            [
              137.008976,
              37.18952388
            ],
            [
              137.00894789,
              37.20304097
            ],
            [
              137.03147908,
              37.20306883
            ],
            [
              137.03150318,
              37.18955172
            ],
            [
              137.008976,
              37.18952388
            ]
          ]
        ]
      }
    },
    {
      "type": "Feature",
      "properties": {
        "code": "07FD753",
        "_color": "#ff0000",
        "_weight": 2,
        "_fillOpacity": 0,
        "_opacity": 0.8,
        "_fill": false,
        "_fillColor": "transparent"
      },
      "geometry": {
        "type": "Polygon",
        "coordinates": [
          [
            [
              136.94155509,
              37.13534621
            ],
            [
              136.94151503,
              37.14886337
            ],
            [
              136.96403006,
              37.148904
            ],
            [
              136.96406611,
              37.13538682
            ],
            [
              136.94155509,
              37.13534621
            ]
          ]
        ]
      }
    },
    {
      "type": "Feature",
      "properties": {
        "code": "07FD741",
        "_color": "#ff0000",
        "_weight": 2,
        "_fillOpacity": 0,
        "_opacity": 0.8,
        "_fill": false,
        "_fillColor": "transparent"
      },
      "geometry": {
        "type": "Polygon",
        "coordinates": [
          [
            [
              136.89648512,
              37.14876928
            ],
            [
              136.89643702,
              37.16228636
            ],
            [
              136.91895596,
              37.16233557
            ],
            [
              136.91900005,
              37.14881846
            ],
            [
              136.89648512,
              37.14876928
            ]
          ]
        ]
      }
    },
    {
      "type": "Feature",
      "properties": {
        "code": "07FD543",
        "_color": "#ff0000",
        "_weight": 2,
        "_fillOpacity": 0,
        "_opacity": 0.8,
        "_fill": false,
        "_fillColor": "transparent"
      },
      "geometry": {
        "type": "Polygon",
        "coordinates": [
          [
            [
              136.89634072,
              37.18932043
            ],
            [
              136.89629252,
              37.20283742
            ],
            [
              136.9188235,
              37.2028867
            ],
            [
              136.91886768,
              37.18936969
            ],
            [
              136.89634072,
              37.18932043
            ]
          ]
        ]
      }
    },
    {
      "type": "Feature",
      "properties": {
        "code": "07FD641",
        "_color": "#ff0000",
        "_weight": 2,
        "_fillOpacity": 0,
        "_opacity": 0.8,
        "_fill": false,
        "_fillColor": "transparent"
      },
      "geometry": {
        "type": "Polygon",
        "coordinates": [
          [
            [
              136.89638888,
              37.17580341
            ],
            [
              136.89634072,
              37.18932043
            ],
            [
              136.91886768,
              37.18936969
            ],
            [
              136.91891183,
              37.17585264
            ],
            [
              136.89638888,
              37.17580341
            ]
          ]
        ]
      }
    },
    {
      "type": "Feature",
      "properties": {
        "code": "07FD534",
        "_color": "#ff0000",
        "_weight": 2,
        "_fillOpacity": 0,
        "_opacity": 0.8,
        "_fill": false,
        "_fillColor": "transparent"
      },
      "geometry": {
        "type": "Polygon",
        "coordinates": [
          [
            [
              136.87381381,
              37.18926689
            ],
            [
              136.8737616,
              37.20278385
            ],
            [
              136.89629252,
              37.20283742
            ],
            [
              136.89634072,
              37.18932043
            ],
            [
              136.87381381,
              37.18926689
            ]
          ]
        ]
      }
    },
    {
      "type": "Feature",
      "properties": {
        "code": "07FD533",
        "_color": "#ff0000",
        "_weight": 2,
        "_fillOpacity": 0,
        "_opacity": 0.8,
        "_fill": false,
        "_fillColor": "transparent"
      },
      "geometry": {
        "type": "Polygon",
        "coordinates": [
          [
            [
              136.85128697,
              37.18920907
            ],
            [
              136.85123074,
              37.202726
            ],
            [
              136.8737616,
              37.20278385
            ],
            [
              136.87381381,
              37.18926689
            ],
            [
              136.85128697,
              37.18920907
            ]
          ]
        ]
      }
    },
    {
      "type": "Feature",
      "properties": {
        "code": "07FD631",
        "_color": "#ff0000",
        "_weight": 2,
        "_fillOpacity": 0,
        "_opacity": 0.8,
        "_fill": false,
        "_fillColor": "transparent"
      },
      "geometry": {
        "type": "Polygon",
        "coordinates": [
          [
            [
              136.85134317,
              37.1756921
            ],
            [
              136.85128697,
              37.18920907
            ],
            [
              136.87381381,
              37.18926689
            ],
            [
              136.87386599,
              37.1757499
            ],
            [
              136.85134317,
              37.1756921
            ]
          ]
        ]
      }
    },
    {
      "type": "Feature",
      "properties": {
        "code": "07FD633",
        "_color": "#ff0000",
        "_weight": 2,
        "_fillOpacity": 0,
        "_opacity": 0.8,
        "_fill": false,
        "_fillColor": "transparent"
      },
      "geometry": {
        "type": "Polygon",
        "coordinates": [
          [
            [
              136.85139932,
              37.16217511
            ],
            [
              136.85134317,
              37.1756921
            ],
            [
              136.87386599,
              37.1757499
            ],
            [
              136.87391814,
              37.16223287
            ],
            [
              136.85139932,
              37.16217511
            ]
          ]
        ]
      }
    },
    {
      "type": "Feature",
      "properties": {
        "code": "07FD731",
        "_color": "#ff0000",
        "_weight": 2,
        "_fillOpacity": 0,
        "_opacity": 0.8,
        "_fill": false,
        "_fillColor": "transparent"
      },
      "geometry": {
        "type": "Polygon",
        "coordinates": [
          [
            [
              136.85145544,
              37.14865808
            ],
            [
              136.85139932,
              37.16217511
            ],
            [
              136.87391814,
              37.16223287
            ],
            [
              136.87397025,
              37.14871582
            ],
            [
              136.85145544,
              37.14865808
            ]
          ]
        ]
      }
    },
    {
      "type": "Feature",
      "properties": {
        "code": "07FD733",
        "_color": "#ff0000",
        "_weight": 2,
        "_fillOpacity": 0,
        "_opacity": 0.8,
        "_fill": false,
        "_fillColor": "transparent"
      },
      "geometry": {
        "type": "Polygon",
        "coordinates": [
          [
            [
              136.85151152,
              37.13514102
            ],
            [
              136.85145544,
              37.14865808
            ],
            [
              136.87397025,
              37.14871582
            ],
            [
              136.87402233,
              37.13519873
            ],
            [
              136.85151152,
              37.13514102
            ]
          ]
        ]
      }
    },
    {
      "type": "Feature",
      "properties": {
        "code": "07FD831",
        "_color": "#ff0000",
        "_weight": 2,
        "_fillOpacity": 0,
        "_opacity": 0.8,
        "_fill": false,
        "_fillColor": "transparent"
      },
      "geometry": {
        "type": "Polygon",
        "coordinates": [
          [
            [
              136.85156757,
              37.12162393
            ],
            [
              136.85151152,
              37.13514102
            ],
            [
              136.87402233,
              37.13519873
            ],
            [
              136.87407437,
              37.12168161
            ],
            [
              136.85156757,
              37.12162393
            ]
          ]
        ]
      }
    },
    {
      "type": "Feature",
      "properties": {
        "code": "07FD832",
        "_color": "#ff0000",
        "_weight": 2,
        "_fillOpacity": 0,
        "_opacity": 0.8,
        "_fill": false,
        "_fillColor": "transparent"
      },
      "geometry": {
        "type": "Polygon",
        "coordinates": [
          [
            [
              136.87407437,
              37.12168161
            ],
            [
              136.87402233,
              37.13519873
            ],
            [
              136.89653319,
              37.13525217
            ],
            [
              136.89658123,
              37.12173502
            ],
            [
              136.87407437,
              37.12168161
            ]
          ]
        ]
      }
    },
    {
      "type": "Feature",
      "properties": {
        "code": "07FD834",
        "_color": "#ff0000",
        "_weight": 2,
        "_fillOpacity": 0,
        "_opacity": 0.8,
        "_fill": false,
        "_fillColor": "transparent"
      },
      "geometry": {
        "type": "Polygon",
        "coordinates": [
          [
            [
              136.87412637,
              37.10816446
            ],
            [
              136.87407437,
              37.12168161
            ],
            [
              136.89658123,
              37.12173502
            ],
            [
              136.89662924,
              37.10821785
            ],
            [
              136.87412637,
              37.10816446
            ]
          ]
        ]
      }
    },
    {
      "type": "Feature",
      "properties": {
        "code": "07FD943",
        "_color": "#ff0000",
        "_weight": 2,
        "_fillOpacity": 0,
        "_opacity": 0.8,
        "_fill": false,
        "_fillColor": "transparent"
      },
      "geometry": {
        "type": "Polygon",
        "coordinates": [
          [
            [
              136.89672515,
              37.08118341
            ],
            [
              136.89667721,
              37.09470064
            ],
            [
              136.91917613,
              37.09474973
            ],
            [
              136.91922008,
              37.08123247
            ],
            [
              136.89672515,
              37.08118341
            ]
          ]
        ]
      }
    },
    {
      "type": "Feature",
      "properties": {
        "code": "07GD041",
        "_color": "#ff0000",
        "_weight": 2,
        "_fillOpacity": 0,
        "_opacity": 0.8,
        "_fill": false,
        "_fillColor": "transparent"
      },
      "geometry": {
        "type": "Polygon",
        "coordinates": [
          [
            [
              136.89677306,
              37.06766614
            ],
            [
              136.89672515,
              37.08118341
            ],
            [
              136.91922008,
              37.08123247
            ],
            [
              136.919264,
              37.06771518
            ],
            [
              136.89677306,
              37.06766614
            ]
          ]
        ]
      }
    },
    {
      "type": "Feature",
      "properties": {
        "code": "07GD042",
        "_color": "#ff0000",
        "_weight": 2,
        "_fillOpacity": 0,
        "_opacity": 0.8,
        "_fill": false,
        "_fillColor": "transparent"
      },
      "geometry": {
        "type": "Polygon",
        "coordinates": [
          [
            [
              136.919264,
              37.06771518
            ],
            [
              136.91922008,
              37.08123247
            ],
            [
              136.94171506,
              37.08127727
            ],
            [
              136.94175498,
              37.06775996
            ],
            [
              136.919264,
              37.06771518
            ]
          ]
        ]
      }
    },
    {
      "type": "Feature",
      "properties": {
        "code": "07FD851",
        "_color": "#ff0000",
        "_weight": 2,
        "_fillOpacity": 0,
        "_opacity": 0.8,
        "_fill": false,
        "_fillColor": "transparent"
      },
      "geometry": {
        "type": "Polygon",
        "coordinates": [
          [
            [
              136.94159512,
              37.12182902
            ],
            [
              136.94155509,
              37.13534621
            ],
            [
              136.96406611,
              37.13538682
            ],
            [
              136.96410214,
              37.12186962
            ],
            [
              136.94159512,
              37.12182902
            ]
          ]
        ]
      }
    },
    {
      "type": "Feature",
      "properties": {
        "code": "07FD853",
        "_color": "#ff0000",
        "_weight": 2,
        "_fillOpacity": 0,
        "_opacity": 0.8,
        "_fill": false,
        "_fillColor": "transparent"
      },
      "geometry": {
        "type": "Polygon",
        "coordinates": [
          [
            [
              136.94163513,
              37.1083118
            ],
            [
              136.94159512,
              37.12182902
            ],
            [
              136.96410214,
              37.12186962
            ],
            [
              136.96413815,
              37.10835238
            ],
            [
              136.94163513,
              37.1083118
            ]
          ]
        ]
      }
    },
    {
      "type": "Feature",
      "properties": {
        "code": "07FD862",
        "_color": "#ff0000",
        "_weight": 2,
        "_fillOpacity": 0,
        "_opacity": 0.8,
        "_fill": false,
        "_fillColor": "transparent"
      },
      "geometry": {
        "type": "Polygon",
        "coordinates": [
          [
            [
              137.0091163,
              37.12193798
            ],
            [
              137.00908828,
              37.13545522
            ],
            [
              137.03159942,
              37.13548301
            ],
            [
              137.03162344,
              37.12196575
            ],
            [
              137.0091163,
              37.12193798
            ]
          ]
        ]
      }
    },
    {
      "type": "Feature",
      "properties": {
        "code": "07FD864",
        "_color": "#ff0000",
        "_weight": 2,
        "_fillOpacity": 0,
        "_opacity": 0.8,
        "_fill": false,
        "_fillColor": "transparent"
      },
      "geometry": {
        "type": "Polygon",
        "coordinates": [
          [
            [
              137.00914431,
              37.10842071
            ],
            [
              137.0091163,
              37.12193798
            ],
            [
              137.03162344,
              37.12196575
            ],
            [
              137.03164744,
              37.10844847
            ],
            [
              137.00914431,
              37.10842071
            ]
          ]
        ]
      }
    },
    {
      "type": "Feature",
      "properties": {
        "code": "07FD863",
        "_color": "#ff0000",
        "_weight": 2,
        "_fillOpacity": 0,
        "_opacity": 0.8,
        "_fill": false,
        "_fillColor": "transparent"
      },
      "geometry": {
        "type": "Polygon",
        "coordinates": [
          [
            [
              136.98664121,
              37.10838868
            ],
            [
              136.9866092,
              37.12190593
            ],
            [
              137.0091163,
              37.12193798
            ],
            [
              137.00914431,
              37.10842071
            ],
            [
              136.98664121,
              37.10838868
            ]
          ]
        ]
      }
    },
    {
      "type": "Feature",
      "properties": {
        "code": "07FD951",
        "_color": "#ff0000",
        "_weight": 2,
        "_fillOpacity": 0,
        "_opacity": 0.8,
        "_fill": false,
        "_fillColor": "transparent"
      },
      "geometry": {
        "type": "Polygon",
        "coordinates": [
          [
            [
              136.94167511,
              37.09479455
            ],
            [
              136.94163513,
              37.1083118
            ],
            [
              136.96413815,
              37.10835238
            ],
            [
              136.96417413,
              37.0948351
            ],
            [
              136.94167511,
              37.09479455
            ]
          ]
        ]
      }
    },
    {
      "type": "Feature",
      "properties": {
        "code": "07FD953",
        "_color": "#ff0000",
        "_weight": 2,
        "_fillOpacity": 0,
        "_opacity": 0.8,
        "_fill": false,
        "_fillColor": "transparent"
      },
      "geometry": {
        "type": "Polygon",
        "coordinates": [
          [
            [
              136.94171506,
              37.08127727
            ],
            [
              136.94167511,
              37.09479455
            ],
            [
              136.96417413,
              37.0948351
            ],
            [
              136.96421008,
              37.0813178
            ],
            [
              136.94171506,
              37.08127727
            ]
          ]
        ]
      }
    },
    {
      "type": "Feature",
      "properties": {
        "code": "07GD053",
        "_color": "#ff0000",
        "_weight": 2,
        "_fillOpacity": 0,
        "_opacity": 0.8,
        "_fill": false,
        "_fillColor": "transparent"
      },
      "geometry": {
        "type": "Polygon",
        "coordinates": [
          [
            [
              136.94179488,
              37.05424261
            ],
            [
              136.94175498,
              37.06775996
            ],
            [
              136.96424602,
              37.06780047
            ],
            [
              136.96428193,
              37.05428311
            ],
            [
              136.94179488,
              37.05424261
            ]
          ]
        ]
      }
    },
    {
      "type": "Feature",
      "properties": {
        "code": "07GD144",
        "_color": "#ff0000",
        "_weight": 2,
        "_fillOpacity": 0,
        "_opacity": 0.8,
        "_fill": false,
        "_fillColor": "transparent"
      },
      "geometry": {
        "type": "Polygon",
        "coordinates": [
          [
            [
              136.91939558,
              37.02716312
            ],
            [
              136.91935175,
              37.0406805
            ],
            [
              136.94183475,
              37.04072524
            ],
            [
              136.9418746,
              37.02720783
            ],
            [
              136.91939558,
              37.02716312
            ]
          ]
        ]
      }
    },
    {
      "type": "Feature",
      "properties": {
        "code": "07GD044",
        "_color": "#ff0000",
        "_weight": 2,
        "_fillOpacity": 0,
        "_opacity": 0.8,
        "_fill": false,
        "_fillColor": "transparent"
      },
      "geometry": {
        "type": "Polygon",
        "coordinates": [
          [
            [
              136.91930789,
              37.05419786
            ],
            [
              136.919264,
              37.06771518
            ],
            [
              136.94175498,
              37.06775996
            ],
            [
              136.94179488,
              37.05424261
            ],
            [
              136.91930789,
              37.05419786
            ]
          ]
        ]
      }
    },
    {
      "type": "Feature",
      "properties": {
        "code": "07GD043",
        "_color": "#ff0000",
        "_weight": 2,
        "_fillOpacity": 0,
        "_opacity": 0.8,
        "_fill": false,
        "_fillColor": "transparent"
      },
      "geometry": {
        "type": "Polygon",
        "coordinates": [
          [
            [
              136.89682094,
              37.05414884
            ],
            [
              136.89677306,
              37.06766614
            ],
            [
              136.919264,
              37.06771518
            ],
            [
              136.91930789,
              37.05419786
            ],
            [
              136.89682094,
              37.05414884
            ]
          ]
        ]
      }
    },
    {
      "type": "Feature",
      "properties": {
        "code": "07GD214",
        "_color": "#ff0000",
        "_weight": 2,
        "_fillOpacity": 0,
        "_opacity": 0.8,
        "_fill": false,
        "_fillColor": "transparent"
      },
      "geometry": {
        "type": "Polygon",
        "coordinates": [
          [
            [
              136.78465802,
              36.99977092
            ],
            [
              136.78459038,
              37.01328819
            ],
            [
              136.80706504,
              37.01335842
            ],
            [
              136.8071287,
              36.99984111
            ],
            [
              136.78465802,
              36.99977092
            ]
          ]
        ]
      }
    },
    {
      "type": "Feature",
      "properties": {
        "code": "07GD212",
        "_color": "#ff0000",
        "_weight": 2,
        "_fillOpacity": 0,
        "_opacity": 0.8,
        "_fill": false,
        "_fillColor": "transparent"
      },
      "geometry": {
        "type": "Polygon",
        "coordinates": [
          [
            [
              136.78459038,
              37.01328819
            ],
            [
              136.78452268,
              37.02680543
            ],
            [
              136.80700133,
              37.02687569
            ],
            [
              136.80706504,
              37.01335842
            ],
            [
              136.78459038,
              37.01328819
            ]
          ]
        ]
      }
    },
    {
      "type": "Feature",
      "properties": {
        "code": "07GD021",
        "_color": "#ff0000",
        "_weight": 2,
        "_fillOpacity": 0,
        "_opacity": 0.8,
        "_fill": false,
        "_fillColor": "transparent"
      },
      "geometry": {
        "type": "Polygon",
        "coordinates": [
          [
            [
              136.80680994,
              37.06742733
            ],
            [
              136.80674606,
              37.08094448
            ],
            [
              136.82924073,
              37.08101061
            ],
            [
              136.82930062,
              37.06749343
            ],
            [
              136.80680994,
              37.06742733
            ]
          ]
        ]
      }
    },
    {
      "type": "Feature",
      "properties": {
        "code": "07FD921",
        "_color": "#ff0000",
        "_weight": 2,
        "_fillOpacity": 0,
        "_opacity": 0.8,
        "_fill": false,
        "_fillColor": "transparent"
      },
      "geometry": {
        "type": "Polygon",
        "coordinates": [
          [
            [
              136.80668214,
              37.0944616
            ],
            [
              136.80661818,
              37.10797869
            ],
            [
              136.82912084,
              37.10804489
            ],
            [
              136.82918081,
              37.09452776
            ],
            [
              136.80668214,
              37.0944616
            ]
          ]
        ]
      }
    },
    {
      "type": "Feature",
      "properties": {
        "code": "07FD922",
        "_color": "#ff0000",
        "_weight": 2,
        "_fillOpacity": 0,
        "_opacity": 0.8,
        "_fill": false,
        "_fillColor": "transparent"
      },
      "geometry": {
        "type": "Polygon",
        "coordinates": [
          [
            [
              136.82918081,
              37.09452776
            ],
            [
              136.82912084,
              37.10804489
            ],
            [
              136.85162357,
              37.10810681
            ],
            [
              136.85167954,
              37.09458966
            ],
            [
              136.82918081,
              37.09452776
            ]
          ]
        ]
      }
    },
    {
      "type": "Feature",
      "properties": {
        "code": "07FD822",
        "_color": "#ff0000",
        "_weight": 2,
        "_fillOpacity": 0,
        "_opacity": 0.8,
        "_fill": false,
        "_fillColor": "transparent"
      },
      "geometry": {
        "type": "Polygon",
        "coordinates": [
          [
            [
              136.82906083,
              37.12156198
            ],
            [
              136.82900079,
              37.13507904
            ],
            [
              136.85151152,
              37.13514102
            ],
            [
              136.85156757,
              37.12162393
            ],
            [
              136.82906083,
              37.12156198
            ]
          ]
        ]
      }
    },
    {
      "type": "Feature",
      "properties": {
        "code": "07FD821",
        "_color": "#ff0000",
        "_weight": 2,
        "_fillOpacity": 0,
        "_opacity": 0.8,
        "_fill": false,
        "_fillColor": "transparent"
      },
      "geometry": {
        "type": "Polygon",
        "coordinates": [
          [
            [
              136.80655417,
              37.12149575
            ],
            [
              136.80649012,
              37.13501278
            ],
            [
              136.82900079,
              37.13507904
            ],
            [
              136.82906083,
              37.12156198
            ],
            [
              136.80655417,
              37.12149575
            ]
          ]
        ]
      }
    },
    {
      "type": "Feature",
      "properties": {
        "code": "07FD812",
        "_color": "#ff0000",
        "_weight": 2,
        "_fillOpacity": 0,
        "_opacity": 0.8,
        "_fill": false,
        "_fillColor": "transparent"
      },
      "geometry": {
        "type": "Polygon",
        "coordinates": [
          [
            [
              136.78404758,
              37.12142525
            ],
            [
              136.78397953,
              37.13494224
            ],
            [
              136.80649012,
              37.13501278
            ],
            [
              136.80655417,
              37.12149575
            ],
            [
              136.78404758,
              37.12142525
            ]
          ]
        ]
      }
    },
    {
      "type": "Feature",
      "properties": {
        "code": "07FD912",
        "_color": "#ff0000",
        "_weight": 2,
        "_fillOpacity": 0,
        "_opacity": 0.8,
        "_fill": false,
        "_fillColor": "transparent"
      },
      "geometry": {
        "type": "Polygon",
        "coordinates": [
          [
            [
              136.78418355,
              37.09439117
            ],
            [
              136.78411559,
              37.10790823
            ],
            [
              136.80661818,
              37.10797869
            ],
            [
              136.80668214,
              37.0944616
            ],
            [
              136.78418355,
              37.09439117
            ]
          ]
        ]
      }
    },
    {
      "type": "Feature",
      "properties": {
        "code": "07FD914",
        "_color": "#ff0000",
        "_weight": 2,
        "_fillOpacity": 0,
        "_opacity": 0.8,
        "_fill": false,
        "_fillColor": "transparent"
      },
      "geometry": {
        "type": "Polygon",
        "coordinates": [
          [
            [
              136.78425147,
              37.08087409
            ],
            [
              136.78418355,
              37.09439117
            ],
            [
              136.80668214,
              37.0944616
            ],
            [
              136.80674606,
              37.08094448
            ],
            [
              136.78425147,
              37.08087409
            ]
          ]
        ]
      }
    },
    {
      "type": "Feature",
      "properties": {
        "code": "07FD801",
        "_color": "#ff0000",
        "_weight": 2,
        "_fillOpacity": 0,
        "_opacity": 0.8,
        "_fill": false,
        "_fillColor": "transparent"
      },
      "geometry": {
        "type": "Polygon",
        "coordinates": [
          [
            [
              136.71652832,
              37.12118812
            ],
            [
              136.71644826,
              37.13470499
            ],
            [
              136.7389586,
              37.13478835
            ],
            [
              136.73903466,
              37.12127143
            ],
            [
              136.71652832,
              37.12118812
            ]
          ]
        ]
      }
    }
  ]
}