{
  "type": "FeatureCollection",
  "name": "noto_2500_wgs84_labels",
  "crs": {
    "type": "name",
    "properties": {
      "name": "urn:ogc:def:crs:OGC:1.3:CRS84"
    }
  },
  "features": [
    {
      "type": "Feature",
      "properties": {
        "code": "07GD073",
        "_markerType": "DivIcon",
        "_html": "<div style='font-size: 10px; color: #ff0000; font-weight: bold; text-shadow: 1px 1px 2px white, -1px -1px 2px white, 1px -1px 2px white, -1px 1px 2px white; white-space: nowrap;'>07GD073</div>",
        "_iconSize": [
          60,
          20
        ],
        "_iconAnchor": [
          30,
          10
        ]
      },
      "geometry": {
        "type": "Point",
        "coordinates": [
          137.0429759125,
          37.06114944
        ]
      }
    },
    {
      "type": "Feature",
      "properties": {
        "code": "07FD973",
        "_markerType": "DivIcon",
        "_html": "<div style='font-size: 10px; color: #ff0000; font-weight: bold; text-shadow: 1px 1px 2px white, -1px -1px 2px white, 1px -1px 2px white, -1px 1px 2px white; white-space: nowrap;'>07FD973</div>",
        "_iconSize": [
          60,
          20
        ],
        "_iconAnchor": [
          30,
          10
        ]
      },
      "geometry": {
        "type": "Point",
        "coordinates": [
          137.04293199749998,
          37.0881842125
        ]
      }
    },
    {
      "type": "Feature",
      "properties": {
        "code": "07FD972",
        "_markerType": "DivIcon",
        "_html": "<div style='font-size: 10px; color: #ff0000; font-weight: bold; text-shadow: 1px 1px 2px white, -1px -1px 2px white, 1px -1px 2px white, -1px 1px 2px white; white-space: nowrap;'>07FD972</div>",
        "_iconSize": [
          60,
          20
        ],
        "_iconAnchor": [
          30,
          10
        ]
      },
      "geometry": {
        "type": "Point",
        "coordinates": [
          137.06541119,
          37.1017229
        ]
      }
    },
    {
      "type": "Feature",
      "properties": {
        "code": "07FD871",
        "_markerType": "DivIcon",
        "_html": "<div style='font-size: 10px; color: #ff0000; font-weight: bold; text-shadow: 1px 1px 2px white, -1px -1px 2px white, 1px -1px 2px white, -1px 1px 2px white; white-space: nowrap;'>07FD871</div>",
        "_iconSize": [
          60,
          20
        ],
        "_iconAnchor": [
          30,
          10
        ]
      },
      "geometry": {
        "type": "Point",
        "coordinates": [
          137.04286601,
          37.128736132499995
        ]
      }
    },
    {
      "type": "Feature",
      "properties": {
        "code": "07FD371",
        "_markerType": "DivIcon",
        "_html": "<div style='font-size: 10px; color: #ff0000; font-weight: bold; text-shadow: 1px 1px 2px white, -1px -1px 2px white, 1px -1px 2px white, -1px 1px 2px white; white-space: nowrap;'>07FD371</div>",
        "_iconSize": [
          60,
          20
        ],
        "_iconAnchor": [
          30,
          10
        ]
      },
      "geometry": {
        "type": "Point",
        "coordinates": [
          137.04264509249998,
          37.2639072075
        ]
      }
    },
    {
      "type": "Feature",
      "properties": {
        "code": "07FD372",
        "_markerType": "DivIcon",
        "_html": "<div style='font-size: 10px; color: #ff0000; font-weight: bold; text-shadow: 1px 1px 2px white, -1px -1px 2px white, 1px -1px 2px white, -1px 1px 2px white; white-space: nowrap;'>07FD372</div>",
        "_iconSize": [
          60,
          20
        ],
        "_iconAnchor": [
          30,
          10
        ]
      },
      "geometry": {
        "type": "Point",
        "coordinates": [
          137.0651944325,
          37.2639286825
        ]
      }
    },
    {
      "type": "Feature",
      "properties": {
        "code": "07FD381",
        "_markerType": "DivIcon",
        "_html": "<div style='font-size: 10px; color: #ff0000; font-weight: bold; text-shadow: 1px 1px 2px white, -1px -1px 2px white, 1px -1px 2px white, -1px 1px 2px white; white-space: nowrap;'>07FD381</div>",
        "_iconSize": [
          60,
          20
        ],
        "_iconAnchor": [
          30,
          10
        ]
      },
      "geometry": {
        "type": "Point",
        "coordinates": [
          137.08774379750002,
          37.26394586
        ]
      }
    },
    {
      "type": "Feature",
      "properties": {
        "code": "07FE113",
        "_markerType": "DivIcon",
        "_html": "<div style='font-size: 10px; color: #ff0000; font-weight: bold; text-shadow: 1px 1px 2px white, -1px -1px 2px white, 1px -1px 2px white, -1px 1px 2px white; white-space: nowrap;'>07FE113</div>",
        "_iconSize": [
          60,
          20
        ],
        "_iconAnchor": [
          30,
          10
        ]
      },
      "geometry": {
        "type": "Point",
        "coordinates": [
          137.223070415,
          37.304509537499996
        ]
      }
    },
    {
      "type": "Feature",
      "properties": {
        "code": "07FE112",
        "_markerType": "DivIcon",
        "_html": "<div style='font-size: 10px; color: #ff0000; font-weight: bold; text-shadow: 1px 1px 2px white, -1px -1px 2px white, 1px -1px 2px white, -1px 1px 2px white; white-space: nowrap;'>07FE112</div>",
        "_iconSize": [
          60,
          20
        ],
        "_iconAnchor": [
          30,
          10
        ]
      },
      "geometry": {
        "type": "Point",
        "coordinates": [
          137.245646035,
          37.318013495
        ]
      }
    },
    {
      "type": "Feature",
      "properties": {
        "code": "07FE111",
        "_markerType": "DivIcon",
        "_html": "<div style='font-size: 10px; color: #ff0000; font-weight: bold; text-shadow: 1px 1px 2px white, -1px -1px 2px white, 1px -1px 2px white, -1px 1px 2px white; white-space: nowrap;'>07FE111</div>",
        "_iconSize": [
          60,
          20
        ],
        "_iconAnchor": [
          30,
          10
        ]
      },
      "geometry": {
        "type": "Point",
        "coordinates": [
          137.223080515,
          37.318026405
        ]
      }
    },
    {
      "type": "Feature",
      "properties": {
        "code": "07FE013",
        "_markerType": "DivIcon",
        "_html": "<div style='font-size: 10px; color: #ff0000; font-weight: bold; text-shadow: 1px 1px 2px white, -1px -1px 2px white, 1px -1px 2px white, -1px 1px 2px white; white-space: nowrap;'>07FE013</div>",
        "_iconSize": [
          60,
          20
        ],
        "_iconAnchor": [
          30,
          10
        ]
      },
      "geometry": {
        "type": "Point",
        "coordinates": [
          137.22309062,
          37.3315432425
        ]
      }
    },
    {
      "type": "Feature",
      "properties": {
        "code": "07FE011",
        "_markerType": "DivIcon",
        "_html": "<div style='font-size: 10px; color: #ff0000; font-weight: bold; text-shadow: 1px 1px 2px white, -1px -1px 2px white, 1px -1px 2px white, -1px 1px 2px white; white-space: nowrap;'>07FE011</div>",
        "_iconSize": [
          60,
          20
        ],
        "_iconAnchor": [
          30,
          10
        ]
      },
      "geometry": {
        "type": "Point",
        "coordinates": [
          137.2231007325,
          37.34506005
        ]
      }
    },
    {
      "type": "Feature",
      "properties": {
        "code": "07EE913",
        "_markerType": "DivIcon",
        "_html": "<div style='font-size: 10px; color: #ff0000; font-weight: bold; text-shadow: 1px 1px 2px white, -1px -1px 2px white, 1px -1px 2px white, -1px 1px 2px white; white-space: nowrap;'>07EE913</div>",
        "_iconSize": [
          60,
          20
        ],
        "_iconAnchor": [
          30,
          10
        ]
      },
      "geometry": {
        "type": "Point",
        "coordinates": [
          137.22311085,
          37.3585768275
        ]
      }
    },
    {
      "type": "Feature",
      "properties": {
        "code": "07EE912",
        "_markerType": "DivIcon",
        "_html": "<div style='font-size: 10px; color: #ff0000; font-weight: bold; text-shadow: 1px 1px 2px white, -1px -1px 2px white, 1px -1px 2px white, -1px 1px 2px white; white-space: nowrap;'>07EE912</div>",
        "_iconSize": [
          60,
          20
        ],
        "_iconAnchor": [
          30,
          10
        ]
      },
      "geometry": {
        "type": "Point",
        "coordinates": [
          137.24570268,
          37.3720806375
        ]
      }
    },
    {
      "type": "Feature",
      "properties": {
        "code": "07EE914",
        "_markerType": "DivIcon",
        "_html": "<div style='font-size: 10px; color: #ff0000; font-weight: bold; text-shadow: 1px 1px 2px white, -1px -1px 2px white, 1px -1px 2px white, -1px 1px 2px white; white-space: nowrap;'>07EE914</div>",
        "_iconSize": [
          60,
          20
        ],
        "_iconAnchor": [
          30,
          10
        ]
      },
      "geometry": {
        "type": "Point",
        "coordinates": [
          137.245688505,
          37.358563897500005
        ]
      }
    },
    {
      "type": "Feature",
      "properties": {
        "code": "07EE813",
        "_markerType": "DivIcon",
        "_html": "<div style='font-size: 10px; color: #ff0000; font-weight: bold; text-shadow: 1px 1px 2px white, -1px -1px 2px white, 1px -1px 2px white, -1px 1px 2px white; white-space: nowrap;'>07EE813</div>",
        "_iconSize": [
          60,
          20
        ],
        "_iconAnchor": [
          30,
          10
        ]
      },
      "geometry": {
        "type": "Point",
        "coordinates": [
          137.22313110750002,
          37.3856102875
        ]
      }
    },
    {
      "type": "Feature",
      "properties": {
        "code": "07EE811",
        "_markerType": "DivIcon",
        "_html": "<div style='font-size: 10px; color: #ff0000; font-weight: bold; text-shadow: 1px 1px 2px white, -1px -1px 2px white, 1px -1px 2px white, -1px 1px 2px white; white-space: nowrap;'>07EE811</div>",
        "_iconSize": [
          60,
          20
        ],
        "_iconAnchor": [
          30,
          10
        ]
      },
      "geometry": {
        "type": "Point",
        "coordinates": [
          137.22314124500002,
          37.399126970000005
        ]
      }
    },
    {
      "type": "Feature",
      "properties": {
        "code": "07EE812",
        "_markerType": "DivIcon",
        "_html": "<div style='font-size: 10px; color: #ff0000; font-weight: bold; text-shadow: 1px 1px 2px white, -1px -1px 2px white, 1px -1px 2px white, -1px 1px 2px white; white-space: nowrap;'>07EE812</div>",
        "_iconSize": [
          60,
          20
        ],
        "_iconAnchor": [
          30,
          10
        ]
      },
      "geometry": {
        "type": "Point",
        "coordinates": [
          137.24573106,
          37.3991140225
        ]
      }
    },
    {
      "type": "Feature",
      "properties": {
        "code": "07EE633",
        "_markerType": "DivIcon",
        "_html": "<div style='font-size: 10px; color: #ff0000; font-weight: bold; text-shadow: 1px 1px 2px white, -1px -1px 2px white, 1px -1px 2px white, -1px 1px 2px white; white-space: nowrap;'>07EE633</div>",
        "_iconSize": [
          60,
          20
        ],
        "_iconAnchor": [
          30,
          10
        ]
      },
      "geometry": {
        "type": "Point",
        "coordinates": [
          137.31357957749998,
          37.439599040000004
        ]
      }
    },
    {
      "type": "Feature",
      "properties": {
        "code": "07EE632",
        "_markerType": "DivIcon",
        "_html": "<div style='font-size: 10px; color: #ff0000; font-weight: bold; text-shadow: 1px 1px 2px white, -1px -1px 2px white, 1px -1px 2px white, -1px 1px 2px white; white-space: nowrap;'>07EE632</div>",
        "_iconSize": [
          60,
          20
        ],
        "_iconAnchor": [
          30,
          10
        ]
      },
      "geometry": {
        "type": "Point",
        "coordinates": [
          137.33621197999997,
          37.453085295
        ]
      }
    },
    {
      "type": "Feature",
      "properties": {
        "code": "07EE631",
        "_markerType": "DivIcon",
        "_html": "<div style='font-size: 10px; color: #ff0000; font-weight: bold; text-shadow: 1px 1px 2px white, -1px -1px 2px white, 1px -1px 2px white, -1px 1px 2px white; white-space: nowrap;'>07EE631</div>",
        "_iconSize": [
          60,
          20
        ],
        "_iconAnchor": [
          30,
          10
        ]
      },
      "geometry": {
        "type": "Point",
        "coordinates": [
          137.31360601,
          37.4531155625
        ]
      }
    },
    {
      "type": "Feature",
      "properties": {
        "code": "07EE543",
        "_markerType": "DivIcon",
        "_html": "<div style='font-size: 10px; color: #ff0000; font-weight: bold; text-shadow: 1px 1px 2px white, -1px -1px 2px white, 1px -1px 2px white, -1px 1px 2px white; white-space: nowrap;'>07EE543</div>",
        "_iconSize": [
          60,
          20
        ],
        "_iconAnchor": [
          30,
          10
        ]
      },
      "geometry": {
        "type": "Point",
        "coordinates": [
          137.3588525,
          37.46656716
        ]
      }
    },
    {
      "type": "Feature",
      "properties": {
        "code": "07EE441",
        "_markerType": "DivIcon",
        "_html": "<div style='font-size: 10px; color: #ff0000; font-weight: bold; text-shadow: 1px 1px 2px white, -1px -1px 2px white, 1px -1px 2px white, -1px 1px 2px white; white-space: nowrap;'>07EE441</div>",
        "_iconSize": [
          60,
          20
        ],
        "_iconAnchor": [
          30,
          10
        ]
      },
      "geometry": {
        "type": "Point",
        "coordinates": [
          137.35895640500001,
          37.507116352500006
        ]
      }
    },
    {
      "type": "Feature",
      "properties": {
        "code": "07EE334",
        "_markerType": "DivIcon",
        "_html": "<div style='font-size: 10px; color: #ff0000; font-weight: bold; text-shadow: 1px 1px 2px white, -1px -1px 2px white, 1px -1px 2px white, -1px 1px 2px white; white-space: nowrap;'>07EE334</div>",
        "_iconSize": [
          60,
          20
        ],
        "_iconAnchor": [
          30,
          10
        ]
      },
      "geometry": {
        "type": "Point",
        "coordinates": [
          137.33636478,
          37.5206673625
        ]
      }
    },
    {
      "type": "Feature",
      "properties": {
        "code": "07EE331",
        "_markerType": "DivIcon",
        "_html": "<div style='font-size: 10px; color: #ff0000; font-weight: bold; text-shadow: 1px 1px 2px white, -1px -1px 2px white, 1px -1px 2px white, -1px 1px 2px white; white-space: nowrap;'>07EE331</div>",
        "_iconSize": [
          60,
          20
        ],
        "_iconAnchor": [
          30,
          10
        ]
      },
      "geometry": {
        "type": "Point",
        "coordinates": [
          137.313764975,
          37.534214039999995
        ]
      }
    },
    {
      "type": "Feature",
      "properties": {
        "code": "07EE333",
        "_markerType": "DivIcon",
        "_html": "<div style='font-size: 10px; color: #ff0000; font-weight: bold; text-shadow: 1px 1px 2px white, -1px -1px 2px white, 1px -1px 2px white, -1px 1px 2px white; white-space: nowrap;'>07EE333</div>",
        "_iconSize": [
          60,
          20
        ],
        "_iconAnchor": [
          30,
          10
        ]
      },
      "geometry": {
        "type": "Point",
        "coordinates": [
          137.3137384375,
          37.520697705
        ]
      }
    },
    {
      "type": "Feature",
      "properties": {
        "code": "07EE431",
        "_markerType": "DivIcon",
        "_html": "<div style='font-size: 10px; color: #ff0000; font-weight: bold; text-shadow: 1px 1px 2px white, -1px -1px 2px white, 1px -1px 2px white, -1px 1px 2px white; white-space: nowrap;'>07EE431</div>",
        "_iconSize": [
          60,
          20
        ],
        "_iconAnchor": [
          30,
          10
        ]
      },
      "geometry": {
        "type": "Point",
        "coordinates": [
          137.3137119175,
          37.5071813375
        ]
      }
    },
    {
      "type": "Feature",
      "properties": {
        "code": "07EE432",
        "_markerType": "DivIcon",
        "_html": "<div style='font-size: 10px; color: #ff0000; font-weight: bold; text-shadow: 1px 1px 2px white, -1px -1px 2px white, 1px -1px 2px white, -1px 1px 2px white; white-space: nowrap;'>07EE432</div>",
        "_iconSize": [
          60,
          20
        ],
        "_iconAnchor": [
          30,
          10
        ]
      },
      "geometry": {
        "type": "Point",
        "coordinates": [
          137.33633418,
          37.5071510125
        ]
      }
    },
    {
      "type": "Feature",
      "properties": {
        "code": "07EE532",
        "_markerType": "DivIcon",
        "_html": "<div style='font-size: 10px; color: #ff0000; font-weight: bold; text-shadow: 1px 1px 2px white, -1px -1px 2px white, 1px -1px 2px white, -1px 1px 2px white; white-space: nowrap;'>07EE532</div>",
        "_iconSize": [
          60,
          20
        ],
        "_iconAnchor": [
          30,
          10
        ]
      },
      "geometry": {
        "type": "Point",
        "coordinates": [
          137.33627304,
          37.4801182125
        ]
      }
    },
    {
      "type": "Feature",
      "properties": {
        "code": "07EE531",
        "_markerType": "DivIcon",
        "_html": "<div style='font-size: 10px; color: #ff0000; font-weight: bold; text-shadow: 1px 1px 2px white, -1px -1px 2px white, 1px -1px 2px white, -1px 1px 2px white; white-space: nowrap;'>07EE531</div>",
        "_iconSize": [
          60,
          20
        ],
        "_iconAnchor": [
          30,
          10
        ]
      },
      "geometry": {
        "type": "Point",
        "coordinates": [
          137.3136589325,
          37.48014851000001
        ]
      }
    },
    {
      "type": "Feature",
      "properties": {
        "code": "07EE522",
        "_markerType": "DivIcon",
        "_html": "<div style='font-size: 10px; color: #ff0000; font-weight: bold; text-shadow: 1px 1px 2px white, -1px -1px 2px white, 1px -1px 2px white, -1px 1px 2px white; white-space: nowrap;'>07EE522</div>",
        "_iconSize": [
          60,
          20
        ],
        "_iconAnchor": [
          30,
          10
        ]
      },
      "geometry": {
        "type": "Point",
        "coordinates": [
          137.29104479,
          37.48017448
        ]
      }
    },
    {
      "type": "Feature",
      "properties": {
        "code": "07EE423",
        "_markerType": "DivIcon",
        "_html": "<div style='font-size: 10px; color: #ff0000; font-weight: bold; text-shadow: 1px 1px 2px white, -1px -1px 2px white, 1px -1px 2px white, -1px 1px 2px white; white-space: nowrap;'>07EE423</div>",
        "_iconSize": [
          60,
          20
        ],
        "_iconAnchor": [
          30,
          10
        ]
      },
      "geometry": {
        "type": "Point",
        "coordinates": [
          137.268448955,
          37.493712577500006
        ]
      }
    },
    {
      "type": "Feature",
      "properties": {
        "code": "07EE421",
        "_markerType": "DivIcon",
        "_html": "<div style='font-size: 10px; color: #ff0000; font-weight: bold; text-shadow: 1px 1px 2px white, -1px -1px 2px white, 1px -1px 2px white, -1px 1px 2px white; white-space: nowrap;'>07EE421</div>",
        "_iconSize": [
          60,
          20
        ],
        "_iconAnchor": [
          30,
          10
        ]
      },
      "geometry": {
        "type": "Point",
        "coordinates": [
          137.268467305,
          37.50722899749999
        ]
      }
    },
    {
      "type": "Feature",
      "properties": {
        "code": "07EE422",
        "_markerType": "DivIcon",
        "_html": "<div style='font-size: 10px; color: #ff0000; font-weight: bold; text-shadow: 1px 1px 2px white, -1px -1px 2px white, 1px -1px 2px white, -1px 1px 2px white; white-space: nowrap;'>07EE422</div>",
        "_iconSize": [
          60,
          20
        ],
        "_iconAnchor": [
          30,
          10
        ]
      },
      "geometry": {
        "type": "Point",
        "coordinates": [
          137.291089625,
          37.5072073325
        ]
      }
    },
    {
      "type": "Feature",
      "properties": {
        "code": "07EE424",
        "_markerType": "DivIcon",
        "_html": "<div style='font-size: 10px; color: #ff0000; font-weight: bold; text-shadow: 1px 1px 2px white, -1px -1px 2px white, 1px -1px 2px white, -1px 1px 2px white; white-space: nowrap;'>07EE424</div>",
        "_iconSize": [
          60,
          20
        ],
        "_iconAnchor": [
          30,
          10
        ]
      },
      "geometry": {
        "type": "Point",
        "coordinates": [
          137.2910671975,
          37.4936909225
        ]
      }
    },
    {
      "type": "Feature",
      "properties": {
        "code": "07EE324",
        "_markerType": "DivIcon",
        "_html": "<div style='font-size: 10px; color: #ff0000; font-weight: bold; text-shadow: 1px 1px 2px white, -1px -1px 2px white, 1px -1px 2px white, -1px 1px 2px white; white-space: nowrap;'>07EE324</div>",
        "_iconSize": [
          60,
          20
        ],
        "_iconAnchor": [
          30,
          10
        ]
      },
      "geometry": {
        "type": "Point",
        "coordinates": [
          137.2911120675,
          37.5207237125
        ]
      }
    },
    {
      "type": "Feature",
      "properties": {
        "code": "07EE322",
        "_markerType": "DivIcon",
        "_html": "<div style='font-size: 10px; color: #ff0000; font-weight: bold; text-shadow: 1px 1px 2px white, -1px -1px 2px white, 1px -1px 2px white, -1px 1px 2px white; white-space: nowrap;'>07EE322</div>",
        "_iconSize": [
          60,
          20
        ],
        "_iconAnchor": [
          30,
          10
        ]
      },
      "geometry": {
        "type": "Point",
        "coordinates": [
          137.2911345225,
          37.534240062500004
        ]
      }
    },
    {
      "type": "Feature",
      "properties": {
        "code": "07EE321",
        "_markerType": "DivIcon",
        "_html": "<div style='font-size: 10px; color: #ff0000; font-weight: bold; text-shadow: 1px 1px 2px white, -1px -1px 2px white, 1px -1px 2px white, -1px 1px 2px white; white-space: nowrap;'>07EE321</div>",
        "_iconSize": [
          60,
          20
        ],
        "_iconAnchor": [
          30,
          10
        ]
      },
      "geometry": {
        "type": "Point",
        "coordinates": [
          137.26850403999998,
          37.5342617475
        ]
      }
    },
    {
      "type": "Feature",
      "properties": {
        "code": "07EE323",
        "_markerType": "DivIcon",
        "_html": "<div style='font-size: 10px; color: #ff0000; font-weight: bold; text-shadow: 1px 1px 2px white, -1px -1px 2px white, 1px -1px 2px white, -1px 1px 2px white; white-space: nowrap;'>07EE323</div>",
        "_iconSize": [
          60,
          20
        ],
        "_iconAnchor": [
          30,
          10
        ]
      },
      "geometry": {
        "type": "Point",
        "coordinates": [
          137.2684856675,
          37.5207453875
        ]
      }
    },
    {
      "type": "Feature",
      "properties": {
        "code": "07EE314",
        "_markerType": "DivIcon",
        "_html": "<div style='font-size: 10px; color: #ff0000; font-weight: bold; text-shadow: 1px 1px 2px white, -1px -1px 2px white, 1px -1px 2px white, -1px 1px 2px white; white-space: nowrap;'>07EE314</div>",
        "_iconSize": [
          60,
          20
        ],
        "_iconAnchor": [
          30,
          10
        ]
      },
      "geometry": {
        "type": "Point",
        "coordinates": [
          137.245859245,
          37.520762725000004
        ]
      }
    },
    {
      "type": "Feature",
      "properties": {
        "code": "07EE411",
        "_markerType": "DivIcon",
        "_html": "<div style='font-size: 10px; color: #ff0000; font-weight: bold; text-shadow: 1px 1px 2px white, -1px -1px 2px white, 1px -1px 2px white, -1px 1px 2px white; white-space: nowrap;'>07EE411</div>",
        "_iconSize": [
          60,
          20
        ],
        "_iconAnchor": [
          30,
          10
        ]
      },
      "geometry": {
        "type": "Point",
        "coordinates": [
          137.22322260500002,
          37.50725932499999
        ]
      }
    },
    {
      "type": "Feature",
      "properties": {
        "code": "07EE413",
        "_markerType": "DivIcon",
        "_html": "<div style='font-size: 10px; color: #ff0000; font-weight: bold; text-shadow: 1px 1px 2px white, -1px -1px 2px white, 1px -1px 2px white, -1px 1px 2px white; white-space: nowrap;'>07EE413</div>",
        "_iconSize": [
          60,
          20
        ],
        "_iconAnchor": [
          30,
          10
        ]
      },
      "geometry": {
        "type": "Point",
        "coordinates": [
          137.22321241,
          37.4937428875
        ]
      }
    },
    {
      "type": "Feature",
      "properties": {
        "code": "07EE412",
        "_markerType": "DivIcon",
        "_html": "<div style='font-size: 10px; color: #ff0000; font-weight: bold; text-shadow: 1px 1px 2px white, -1px -1px 2px white, 1px -1px 2px white, -1px 1px 2px white; white-space: nowrap;'>07EE412</div>",
        "_iconSize": [
          60,
          20
        ],
        "_iconAnchor": [
          30,
          10
        ]
      },
      "geometry": {
        "type": "Point",
        "coordinates": [
          137.245844965,
          37.5072463275
        ]
      }
    },
    {
      "type": "Feature",
      "properties": {
        "code": "07EE414",
        "_markerType": "DivIcon",
        "_html": "<div style='font-size: 10px; color: #ff0000; font-weight: bold; text-shadow: 1px 1px 2px white, -1px -1px 2px white, 1px -1px 2px white, -1px 1px 2px white; white-space: nowrap;'>07EE414</div>",
        "_iconSize": [
          60,
          20
        ],
        "_iconAnchor": [
          30,
          10
        ]
      },
      "geometry": {
        "type": "Point",
        "coordinates": [
          137.24583069250002,
          37.4937298975
        ]
      }
    },
    {
      "type": "Feature",
      "properties": {
        "code": "07EE512",
        "_markerType": "DivIcon",
        "_html": "<div style='font-size: 10px; color: #ff0000; font-weight: bold; text-shadow: 1px 1px 2px white, -1px -1px 2px white, 1px -1px 2px white, -1px 1px 2px white; white-space: nowrap;'>07EE512</div>",
        "_iconSize": [
          60,
          20
        ],
        "_iconAnchor": [
          30,
          10
        ]
      },
      "geometry": {
        "type": "Point",
        "coordinates": [
          137.24581643,
          37.4802134375
        ]
      }
    },
    {
      "type": "Feature",
      "properties": {
        "code": "07EE511",
        "_markerType": "DivIcon",
        "_html": "<div style='font-size: 10px; color: #ff0000; font-weight: bold; text-shadow: 1px 1px 2px white, -1px -1px 2px white, 1px -1px 2px white, -1px 1px 2px white; white-space: nowrap;'>07EE511</div>",
        "_iconSize": [
          60,
          20
        ],
        "_iconAnchor": [
          30,
          10
        ]
      },
      "geometry": {
        "type": "Point",
        "coordinates": [
          137.2232022225,
          37.480226419999994
        ]
      }
    },
    {
      "type": "Feature",
      "properties": {
        "code": "07EE611",
        "_markerType": "DivIcon",
        "_html": "<div style='font-size: 10px; color: #ff0000; font-weight: bold; text-shadow: 1px 1px 2px white, -1px -1px 2px white, 1px -1px 2px white, -1px 1px 2px white; white-space: nowrap;'>07EE611</div>",
        "_iconSize": [
          60,
          20
        ],
        "_iconAnchor": [
          30,
          10
        ]
      },
      "geometry": {
        "type": "Point",
        "coordinates": [
          137.2231818725,
          37.453193395
        ]
      }
    },
    {
      "type": "Feature",
      "properties": {
        "code": "07EE612",
        "_markerType": "DivIcon",
        "_html": "<div style='font-size: 10px; color: #ff0000; font-weight: bold; text-shadow: 1px 1px 2px white, -1px -1px 2px white, 1px -1px 2px white, -1px 1px 2px white; white-space: nowrap;'>07EE612</div>",
        "_iconSize": [
          60,
          20
        ],
        "_iconAnchor": [
          30,
          10
        ]
      },
      "geometry": {
        "type": "Point",
        "coordinates": [
          137.24578793749998,
          37.4531804225
        ]
      }
    },
    {
      "type": "Feature",
      "properties": {
        "code": "07EE514",
        "_markerType": "DivIcon",
        "_html": "<div style='font-size: 10px; color: #ff0000; font-weight: bold; text-shadow: 1px 1px 2px white, -1px -1px 2px white, 1px -1px 2px white, -1px 1px 2px white; white-space: nowrap;'>07EE514</div>",
        "_iconSize": [
          60,
          20
        ],
        "_iconAnchor": [
          30,
          10
        ]
      },
      "geometry": {
        "type": "Point",
        "coordinates": [
          137.2458021775,
          37.466696945
        ]
      }
    },
    {
      "type": "Feature",
      "properties": {
        "code": "07EE523",
        "_markerType": "DivIcon",
        "_html": "<div style='font-size: 10px; color: #ff0000; font-weight: bold; text-shadow: 1px 1px 2px white, -1px -1px 2px white, 1px -1px 2px white, -1px 1px 2px white; white-space: nowrap;'>07EE523</div>",
        "_iconSize": [
          60,
          20
        ],
        "_iconAnchor": [
          30,
          10
        ]
      },
      "geometry": {
        "type": "Point",
        "coordinates": [
          137.268412295,
          37.466679639999995
        ]
      }
    },
    {
      "type": "Feature",
      "properties": {
        "code": "07EE524",
        "_markerType": "DivIcon",
        "_html": "<div style='font-size: 10px; color: #ff0000; font-weight: bold; text-shadow: 1px 1px 2px white, -1px -1px 2px white, 1px -1px 2px white, -1px 1px 2px white; white-space: nowrap;'>07EE524</div>",
        "_iconSize": [
          60,
          20
        ],
        "_iconAnchor": [
          30,
          10
        ]
      },
      "geometry": {
        "type": "Point",
        "coordinates": [
          137.2910223925,
          37.4666580075
        ]
      }
    },
    {
      "type": "Feature",
      "properties": {
        "code": "07EE622",
        "_markerType": "DivIcon",
        "_html": "<div style='font-size: 10px; color: #ff0000; font-weight: bold; text-shadow: 1px 1px 2px white, -1px -1px 2px white, 1px -1px 2px white, -1px 1px 2px white; white-space: nowrap;'>07EE622</div>",
        "_iconSize": [
          60,
          20
        ],
        "_iconAnchor": [
          30,
          10
        ]
      },
      "geometry": {
        "type": "Point",
        "coordinates": [
          137.29100000749997,
          37.45314150750001
        ]
      }
    },
    {
      "type": "Feature",
      "properties": {
        "code": "07EE621",
        "_markerType": "DivIcon",
        "_html": "<div style='font-size: 10px; color: #ff0000; font-weight: bold; text-shadow: 1px 1px 2px white, -1px -1px 2px white, 1px -1px 2px white, -1px 1px 2px white; white-space: nowrap;'>07EE621</div>",
        "_iconSize": [
          60,
          20
        ],
        "_iconAnchor": [
          30,
          10
        ]
      },
      "geometry": {
        "type": "Point",
        "coordinates": [
          137.26839398250002,
          37.453163127500005
        ]
      }
    },
    {
      "type": "Feature",
      "properties": {
        "code": "07EE624",
        "_markerType": "DivIcon",
        "_html": "<div style='font-size: 10px; color: #ff0000; font-weight: bold; text-shadow: 1px 1px 2px white, -1px -1px 2px white, 1px -1px 2px white, -1px 1px 2px white; white-space: nowrap;'>07EE624</div>",
        "_iconSize": [
          60,
          20
        ],
        "_iconAnchor": [
          30,
          10
        ]
      },
      "geometry": {
        "type": "Point",
        "coordinates": [
          137.2909776425,
          37.4396249725
        ]
      }
    },
    {
      "type": "Feature",
      "properties": {
        "code": "07EE614",
        "_markerType": "DivIcon",
        "_html": "<div style='font-size: 10px; color: #ff0000; font-weight: bold; text-shadow: 1px 1px 2px white, -1px -1px 2px white, 1px -1px 2px white, -1px 1px 2px white; white-space: nowrap;'>07EE614</div>",
        "_iconSize": [
          60,
          20
        ],
        "_iconAnchor": [
          30,
          10
        ]
      },
      "geometry": {
        "type": "Point",
        "coordinates": [
          137.245773705,
          37.43966387
        ]
      }
    },
    {
      "type": "Feature",
      "properties": {
        "code": "07EE712",
        "_markerType": "DivIcon",
        "_html": "<div style='font-size: 10px; color: #ff0000; font-weight: bold; text-shadow: 1px 1px 2px white, -1px -1px 2px white, 1px -1px 2px white, -1px 1px 2px white; white-space: nowrap;'>07EE712</div>",
        "_iconSize": [
          60,
          20
        ],
        "_iconAnchor": [
          30,
          10
        ]
      },
      "geometry": {
        "type": "Point",
        "coordinates": [
          137.24575948,
          37.426147285
        ]
      }
    },
    {
      "type": "Feature",
      "properties": {
        "code": "07EE613",
        "_markerType": "DivIcon",
        "_html": "<div style='font-size: 10px; color: #ff0000; font-weight: bold; text-shadow: 1px 1px 2px white, -1px -1px 2px white, 1px -1px 2px white, -1px 1px 2px white; white-space: nowrap;'>07EE613</div>",
        "_iconSize": [
          60,
          20
        ],
        "_iconAnchor": [
          30,
          10
        ]
      },
      "geometry": {
        "type": "Point",
        "coordinates": [
          137.22317170750003,
          37.439676837499995
        ]
      }
    },
    {
      "type": "Feature",
      "properties": {
        "code": "07EE711",
        "_markerType": "DivIcon",
        "_html": "<div style='font-size: 10px; color: #ff0000; font-weight: bold; text-shadow: 1px 1px 2px white, -1px -1px 2px white, 1px -1px 2px white, -1px 1px 2px white; white-space: nowrap;'>07EE711</div>",
        "_iconSize": [
          60,
          20
        ],
        "_iconAnchor": [
          30,
          10
        ]
      },
      "geometry": {
        "type": "Point",
        "coordinates": [
          137.223161545,
          37.426160245
        ]
      }
    },
    {
      "type": "Feature",
      "properties": {
        "code": "07EE713",
        "_markerType": "DivIcon",
        "_html": "<div style='font-size: 10px; color: #ff0000; font-weight: bold; text-shadow: 1px 1px 2px white, -1px -1px 2px white, 1px -1px 2px white, -1px 1px 2px white; white-space: nowrap;'>07EE713</div>",
        "_iconSize": [
          60,
          20
        ],
        "_iconAnchor": [
          30,
          10
        ]
      },
      "geometry": {
        "type": "Point",
        "coordinates": [
          137.22315139,
          37.412643622500006
        ]
      }
    },
    {
      "type": "Feature",
      "properties": {
        "code": "07EE704",
        "_markerType": "DivIcon",
        "_html": "<div style='font-size: 10px; color: #ff0000; font-weight: bold; text-shadow: 1px 1px 2px white, -1px -1px 2px white, 1px -1px 2px white, -1px 1px 2px white; white-space: nowrap;'>07EE704</div>",
        "_iconSize": [
          60,
          20
        ],
        "_iconAnchor": [
          30,
          10
        ]
      },
      "geometry": {
        "type": "Point",
        "coordinates": [
          137.200557505,
          37.41265226
        ]
      }
    },
    {
      "type": "Feature",
      "properties": {
        "code": "07EE604",
        "_markerType": "DivIcon",
        "_html": "<div style='font-size: 10px; color: #ff0000; font-weight: bold; text-shadow: 1px 1px 2px white, -1px -1px 2px white, 1px -1px 2px white, -1px 1px 2px white; white-space: nowrap;'>07EE604</div>",
        "_iconSize": [
          60,
          20
        ],
        "_iconAnchor": [
          30,
          10
        ]
      },
      "geometry": {
        "type": "Point",
        "coordinates": [
          137.200569695,
          37.43968548
        ]
      }
    },
    {
      "type": "Feature",
      "properties": {
        "code": "07EE702",
        "_markerType": "DivIcon",
        "_html": "<div style='font-size: 10px; color: #ff0000; font-weight: bold; text-shadow: 1px 1px 2px white, -1px -1px 2px white, 1px -1px 2px white, -1px 1px 2px white; white-space: nowrap;'>07EE702</div>",
        "_iconSize": [
          60,
          20
        ],
        "_iconAnchor": [
          30,
          10
        ]
      },
      "geometry": {
        "type": "Point",
        "coordinates": [
          137.20056359750004,
          37.426168885
        ]
      }
    },
    {
      "type": "Feature",
      "properties": {
        "code": "07EE603",
        "_markerType": "DivIcon",
        "_html": "<div style='font-size: 10px; color: #ff0000; font-weight: bold; text-shadow: 1px 1px 2px white, -1px -1px 2px white, 1px -1px 2px white, -1px 1px 2px white; white-space: nowrap;'>07EE603</div>",
        "_iconSize": [
          60,
          20
        ],
        "_iconAnchor": [
          30,
          10
        ]
      },
      "geometry": {
        "type": "Point",
        "coordinates": [
          137.17796767750002,
          37.4396898
        ]
      }
    },
    {
      "type": "Feature",
      "properties": {
        "code": "07EE701",
        "_markerType": "DivIcon",
        "_html": "<div style='font-size: 10px; color: #ff0000; font-weight: bold; text-shadow: 1px 1px 2px white, -1px -1px 2px white, 1px -1px 2px white, -1px 1px 2px white; white-space: nowrap;'>07EE701</div>",
        "_iconSize": [
          60,
          20
        ],
        "_iconAnchor": [
          30,
          10
        ]
      },
      "geometry": {
        "type": "Point",
        "coordinates": [
          137.177965645,
          37.426173205
        ]
      }
    },
    {
      "type": "Feature",
      "properties": {
        "code": "07EE703",
        "_markerType": "DivIcon",
        "_html": "<div style='font-size: 10px; color: #ff0000; font-weight: bold; text-shadow: 1px 1px 2px white, -1px -1px 2px white, 1px -1px 2px white, -1px 1px 2px white; white-space: nowrap;'>07EE703</div>",
        "_iconSize": [
          60,
          20
        ],
        "_iconAnchor": [
          30,
          10
        ]
      },
      "geometry": {
        "type": "Point",
        "coordinates": [
          137.177963615,
          37.4126565775
        ]
      }
    },
    {
      "type": "Feature",
      "properties": {
        "code": "07ED794",
        "_markerType": "DivIcon",
        "_html": "<div style='font-size: 10px; color: #ff0000; font-weight: bold; text-shadow: 1px 1px 2px white, -1px -1px 2px white, 1px -1px 2px white, -1px 1px 2px white; white-space: nowrap;'>07ED794</div>",
        "_iconSize": [
          60,
          20
        ],
        "_iconAnchor": [
          30,
          10
        ]
      },
      "geometry": {
        "type": "Point",
        "coordinates": [
          137.15536972,
          37.4126565775
        ]
      }
    },
    {
      "type": "Feature",
      "properties": {
        "code": "07ED793",
        "_markerType": "DivIcon",
        "_html": "<div style='font-size: 10px; color: #ff0000; font-weight: bold; text-shadow: 1px 1px 2px white, -1px -1px 2px white, 1px -1px 2px white, -1px 1px 2px white; white-space: nowrap;'>07ED793</div>",
        "_iconSize": [
          60,
          20
        ],
        "_iconAnchor": [
          30,
          10
        ]
      },
      "geometry": {
        "type": "Point",
        "coordinates": [
          137.13277582499998,
          37.41265226
        ]
      }
    },
    {
      "type": "Feature",
      "properties": {
        "code": "07ED791",
        "_markerType": "DivIcon",
        "_html": "<div style='font-size: 10px; color: #ff0000; font-weight: bold; text-shadow: 1px 1px 2px white, -1px -1px 2px white, 1px -1px 2px white, -1px 1px 2px white; white-space: nowrap;'>07ED791</div>",
        "_iconSize": [
          60,
          20
        ],
        "_iconAnchor": [
          30,
          10
        ]
      },
      "geometry": {
        "type": "Point",
        "coordinates": [
          137.132769735,
          37.426168884999996
        ]
      }
    },
    {
      "type": "Feature",
      "properties": {
        "code": "07ED693",
        "_markerType": "DivIcon",
        "_html": "<div style='font-size: 10px; color: #ff0000; font-weight: bold; text-shadow: 1px 1px 2px white, -1px -1px 2px white, 1px -1px 2px white, -1px 1px 2px white; white-space: nowrap;'>07ED693</div>",
        "_iconSize": [
          60,
          20
        ],
        "_iconAnchor": [
          30,
          10
        ]
      },
      "geometry": {
        "type": "Point",
        "coordinates": [
          137.13276364,
          37.439685479999994
        ]
      }
    },
    {
      "type": "Feature",
      "properties": {
        "code": "07ED694",
        "_markerType": "DivIcon",
        "_html": "<div style='font-size: 10px; color: #ff0000; font-weight: bold; text-shadow: 1px 1px 2px white, -1px -1px 2px white, 1px -1px 2px white, -1px 1px 2px white; white-space: nowrap;'>07ED694</div>",
        "_iconSize": [
          60,
          20
        ],
        "_iconAnchor": [
          30,
          10
        ]
      },
      "geometry": {
        "type": "Point",
        "coordinates": [
          137.15536565750003,
          37.439689800000004
        ]
      }
    },
    {
      "type": "Feature",
      "properties": {
        "code": "07ED792",
        "_markerType": "DivIcon",
        "_html": "<div style='font-size: 10px; color: #ff0000; font-weight: bold; text-shadow: 1px 1px 2px white, -1px -1px 2px white, 1px -1px 2px white, -1px 1px 2px white; white-space: nowrap;'>07ED792</div>",
        "_iconSize": [
          60,
          20
        ],
        "_iconAnchor": [
          30,
          10
        ]
      },
      "geometry": {
        "type": "Point",
        "coordinates": [
          137.15536769000002,
          37.426173205
        ]
      }
    },
    {
      "type": "Feature",
      "properties": {
        "code": "07ED692",
        "_markerType": "DivIcon",
        "_html": "<div style='font-size: 10px; color: #ff0000; font-weight: bold; text-shadow: 1px 1px 2px white, -1px -1px 2px white, 1px -1px 2px white, -1px 1px 2px white; white-space: nowrap;'>07ED692</div>",
        "_iconSize": [
          60,
          20
        ],
        "_iconAnchor": [
          30,
          10
        ]
      },
      "geometry": {
        "type": "Point",
        "coordinates": [
          137.155363625,
          37.453206365
        ]
      }
    },
    {
      "type": "Feature",
      "properties": {
        "code": "07ED691",
        "_markerType": "DivIcon",
        "_html": "<div style='font-size: 10px; color: #ff0000; font-weight: bold; text-shadow: 1px 1px 2px white, -1px -1px 2px white, 1px -1px 2px white, -1px 1px 2px white; white-space: nowrap;'>07ED691</div>",
        "_iconSize": [
          60,
          20
        ],
        "_iconAnchor": [
          30,
          10
        ]
      },
      "geometry": {
        "type": "Point",
        "coordinates": [
          137.13275754,
          37.453202042499996
        ]
      }
    },
    {
      "type": "Feature",
      "properties": {
        "code": "07ED593",
        "_markerType": "DivIcon",
        "_html": "<div style='font-size: 10px; color: #ff0000; font-weight: bold; text-shadow: 1px 1px 2px white, -1px -1px 2px white, 1px -1px 2px white, -1px 1px 2px white; white-space: nowrap;'>07ED593</div>",
        "_iconSize": [
          60,
          20
        ],
        "_iconAnchor": [
          30,
          10
        ]
      },
      "geometry": {
        "type": "Point",
        "coordinates": [
          137.13275143750002,
          37.466718575
        ]
      }
    },
    {
      "type": "Feature",
      "properties": {
        "code": "07ED594",
        "_markerType": "DivIcon",
        "_html": "<div style='font-size: 10px; color: #ff0000; font-weight: bold; text-shadow: 1px 1px 2px white, -1px -1px 2px white, 1px -1px 2px white, -1px 1px 2px white; white-space: nowrap;'>07ED594</div>",
        "_iconSize": [
          60,
          20
        ],
        "_iconAnchor": [
          30,
          10
        ]
      },
      "geometry": {
        "type": "Point",
        "coordinates": [
          137.15536159250001,
          37.46672290000001
        ]
      }
    },
    {
      "type": "Feature",
      "properties": {
        "code": "07EE503",
        "_markerType": "DivIcon",
        "_html": "<div style='font-size: 10px; color: #ff0000; font-weight: bold; text-shadow: 1px 1px 2px white, -1px -1px 2px white, 1px -1px 2px white, -1px 1px 2px white; white-space: nowrap;'>07EE503</div>",
        "_iconSize": [
          60,
          20
        ],
        "_iconAnchor": [
          30,
          10
        ]
      },
      "geometry": {
        "type": "Point",
        "coordinates": [
          137.1779717475,
          37.4667229
        ]
      }
    },
    {
      "type": "Feature",
      "properties": {
        "code": "07EE601",
        "_markerType": "DivIcon",
        "_html": "<div style='font-size: 10px; color: #ff0000; font-weight: bold; text-shadow: 1px 1px 2px white, -1px -1px 2px white, 1px -1px 2px white, -1px 1px 2px white; white-space: nowrap;'>07EE601</div>",
        "_iconSize": [
          60,
          20
        ],
        "_iconAnchor": [
          30,
          10
        ]
      },
      "geometry": {
        "type": "Point",
        "coordinates": [
          137.17796971250002,
          37.453206365
        ]
      }
    },
    {
      "type": "Feature",
      "properties": {
        "code": "07EE602",
        "_markerType": "DivIcon",
        "_html": "<div style='font-size: 10px; color: #ff0000; font-weight: bold; text-shadow: 1px 1px 2px white, -1px -1px 2px white, 1px -1px 2px white, -1px 1px 2px white; white-space: nowrap;'>07EE602</div>",
        "_iconSize": [
          60,
          20
        ],
        "_iconAnchor": [
          30,
          10
        ]
      },
      "geometry": {
        "type": "Point",
        "coordinates": [
          137.200575795,
          37.453202042499996
        ]
      }
    },
    {
      "type": "Feature",
      "properties": {
        "code": "07EE504",
        "_markerType": "DivIcon",
        "_html": "<div style='font-size: 10px; color: #ff0000; font-weight: bold; text-shadow: 1px 1px 2px white, -1px -1px 2px white, 1px -1px 2px white, -1px 1px 2px white; white-space: nowrap;'>07EE504</div>",
        "_iconSize": [
          60,
          20
        ],
        "_iconAnchor": [
          30,
          10
        ]
      },
      "geometry": {
        "type": "Point",
        "coordinates": [
          137.2005818975,
          37.466718575
        ]
      }
    },
    {
      "type": "Feature",
      "properties": {
        "code": "07EE502",
        "_markerType": "DivIcon",
        "_html": "<div style='font-size: 10px; color: #ff0000; font-weight: bold; text-shadow: 1px 1px 2px white, -1px -1px 2px white, 1px -1px 2px white, -1px 1px 2px white; white-space: nowrap;'>07EE502</div>",
        "_iconSize": [
          60,
          20
        ],
        "_iconAnchor": [
          30,
          10
        ]
      },
      "geometry": {
        "type": "Point",
        "coordinates": [
          137.200588005,
          37.4802350775
        ]
      }
    },
    {
      "type": "Feature",
      "properties": {
        "code": "07EE501",
        "_markerType": "DivIcon",
        "_html": "<div style='font-size: 10px; color: #ff0000; font-weight: bold; text-shadow: 1px 1px 2px white, -1px -1px 2px white, 1px -1px 2px white, -1px 1px 2px white; white-space: nowrap;'>07EE501</div>",
        "_iconSize": [
          60,
          20
        ],
        "_iconAnchor": [
          30,
          10
        ]
      },
      "geometry": {
        "type": "Point",
        "coordinates": [
          137.1779737825,
          37.480239405000006
        ]
      }
    },
    {
      "type": "Feature",
      "properties": {
        "code": "07EE403",
        "_markerType": "DivIcon",
        "_html": "<div style='font-size: 10px; color: #ff0000; font-weight: bold; text-shadow: 1px 1px 2px white, -1px -1px 2px white, 1px -1px 2px white, -1px 1px 2px white; white-space: nowrap;'>07EE403</div>",
        "_iconSize": [
          60,
          20
        ],
        "_iconAnchor": [
          30,
          10
        ]
      },
      "geometry": {
        "type": "Point",
        "coordinates": [
          137.17797582,
          37.4937558775
        ]
      }
    },
    {
      "type": "Feature",
      "properties": {
        "code": "07EE401",
        "_markerType": "DivIcon",
        "_html": "<div style='font-size: 10px; color: #ff0000; font-weight: bold; text-shadow: 1px 1px 2px white, -1px -1px 2px white, 1px -1px 2px white, -1px 1px 2px white; white-space: nowrap;'>07EE401</div>",
        "_iconSize": [
          60,
          20
        ],
        "_iconAnchor": [
          30,
          10
        ]
      },
      "geometry": {
        "type": "Point",
        "coordinates": [
          137.17797786,
          37.50727232
        ]
      }
    },
    {
      "type": "Feature",
      "properties": {
        "code": "07EE404",
        "_markerType": "DivIcon",
        "_html": "<div style='font-size: 10px; color: #ff0000; font-weight: bold; text-shadow: 1px 1px 2px white, -1px -1px 2px white, 1px -1px 2px white, -1px 1px 2px white; white-space: nowrap;'>07EE404</div>",
        "_iconSize": [
          60,
          20
        ],
        "_iconAnchor": [
          30,
          10
        ]
      },
      "geometry": {
        "type": "Point",
        "coordinates": [
          137.20059411749997,
          37.4937515475
        ]
      }
    },
    {
      "type": "Feature",
      "properties": {
        "code": "07ED494",
        "_markerType": "DivIcon",
        "_html": "<div style='font-size: 10px; color: #ff0000; font-weight: bold; text-shadow: 1px 1px 2px white, -1px -1px 2px white, 1px -1px 2px white, -1px 1px 2px white; white-space: nowrap;'>07ED494</div>",
        "_iconSize": [
          60,
          20
        ],
        "_iconAnchor": [
          30,
          10
        ]
      },
      "geometry": {
        "type": "Point",
        "coordinates": [
          137.15535751750002,
          37.4937558775
        ]
      }
    },
    {
      "type": "Feature",
      "properties": {
        "code": "07ED592",
        "_markerType": "DivIcon",
        "_html": "<div style='font-size: 10px; color: #ff0000; font-weight: bold; text-shadow: 1px 1px 2px white, -1px -1px 2px white, 1px -1px 2px white, -1px 1px 2px white; white-space: nowrap;'>07ED592</div>",
        "_iconSize": [
          60,
          20
        ],
        "_iconAnchor": [
          30,
          10
        ]
      },
      "geometry": {
        "type": "Point",
        "coordinates": [
          137.15535955500002,
          37.480239405000006
        ]
      }
    },
    {
      "type": "Feature",
      "properties": {
        "code": "07ED591",
        "_markerType": "DivIcon",
        "_html": "<div style='font-size: 10px; color: #ff0000; font-weight: bold; text-shadow: 1px 1px 2px white, -1px -1px 2px white, 1px -1px 2px white, -1px 1px 2px white; white-space: nowrap;'>07ED591</div>",
        "_iconSize": [
          60,
          20
        ],
        "_iconAnchor": [
          30,
          10
        ]
      },
      "geometry": {
        "type": "Point",
        "coordinates": [
          137.1327453275,
          37.4802350775
        ]
      }
    },
    {
      "type": "Feature",
      "properties": {
        "code": "07ED582",
        "_markerType": "DivIcon",
        "_html": "<div style='font-size: 10px; color: #ff0000; font-weight: bold; text-shadow: 1px 1px 2px white, -1px -1px 2px white, 1px -1px 2px white, -1px 1px 2px white; white-space: nowrap;'>07ED582</div>",
        "_iconSize": [
          60,
          20
        ],
        "_iconAnchor": [
          30,
          10
        ]
      },
      "geometry": {
        "type": "Point",
        "coordinates": [
          137.1101311075,
          37.480226419999994
        ]
      }
    },
    {
      "type": "Feature",
      "properties": {
        "code": "07ED581",
        "_markerType": "DivIcon",
        "_html": "<div style='font-size: 10px; color: #ff0000; font-weight: bold; text-shadow: 1px 1px 2px white, -1px -1px 2px white, 1px -1px 2px white, -1px 1px 2px white; white-space: nowrap;'>07ED581</div>",
        "_iconSize": [
          60,
          20
        ],
        "_iconAnchor": [
          30,
          10
        ]
      },
      "geometry": {
        "type": "Point",
        "coordinates": [
          137.0875169025,
          37.4802134375
        ]
      }
    },
    {
      "type": "Feature",
      "properties": {
        "code": "07ED671",
        "_markerType": "DivIcon",
        "_html": "<div style='font-size: 10px; color: #ff0000; font-weight: bold; text-shadow: 1px 1px 2px white, -1px -1px 2px white, 1px -1px 2px white, -1px 1px 2px white; white-space: nowrap;'>07ED671</div>",
        "_iconSize": [
          60,
          20
        ],
        "_iconAnchor": [
          30,
          10
        ]
      },
      "geometry": {
        "type": "Point",
        "coordinates": [
          137.0423333225,
          37.4531415075
        ]
      }
    },
    {
      "type": "Feature",
      "properties": {
        "code": "07ED672",
        "_markerType": "DivIcon",
        "_html": "<div style='font-size: 10px; color: #ff0000; font-weight: bold; text-shadow: 1px 1px 2px white, -1px -1px 2px white, 1px -1px 2px white, -1px 1px 2px white; white-space: nowrap;'>07ED672</div>",
        "_iconSize": [
          60,
          20
        ],
        "_iconAnchor": [
          30,
          10
        ]
      },
      "geometry": {
        "type": "Point",
        "coordinates": [
          137.0649393475,
          37.453163127500005
        ]
      }
    },
    {
      "type": "Feature",
      "properties": {
        "code": "07ED583",
        "_markerType": "DivIcon",
        "_html": "<div style='font-size: 10px; color: #ff0000; font-weight: bold; text-shadow: 1px 1px 2px white, -1px -1px 2px white, 1px -1px 2px white, -1px 1px 2px white; white-space: nowrap;'>07ED583</div>",
        "_iconSize": [
          60,
          20
        ],
        "_iconAnchor": [
          30,
          10
        ]
      },
      "geometry": {
        "type": "Point",
        "coordinates": [
          137.0875311525,
          37.466696945
        ]
      }
    },
    {
      "type": "Feature",
      "properties": {
        "code": "07ED584",
        "_markerType": "DivIcon",
        "_html": "<div style='font-size: 10px; color: #ff0000; font-weight: bold; text-shadow: 1px 1px 2px white, -1px -1px 2px white, 1px -1px 2px white, -1px 1px 2px white; white-space: nowrap;'>07ED584</div>",
        "_iconSize": [
          60,
          20
        ],
        "_iconAnchor": [
          30,
          10
        ]
      },
      "geometry": {
        "type": "Point",
        "coordinates": [
          137.1101412875,
          37.4667099225
        ]
      }
    },
    {
      "type": "Feature",
      "properties": {
        "code": "07ED682",
        "_markerType": "DivIcon",
        "_html": "<div style='font-size: 10px; color: #ff0000; font-weight: bold; text-shadow: 1px 1px 2px white, -1px -1px 2px white, 1px -1px 2px white, -1px 1px 2px white; white-space: nowrap;'>07ED682</div>",
        "_iconSize": [
          60,
          20
        ],
        "_iconAnchor": [
          30,
          10
        ]
      },
      "geometry": {
        "type": "Point",
        "coordinates": [
          137.1101514625,
          37.453193395
        ]
      }
    },
    {
      "type": "Feature",
      "properties": {
        "code": "07ED681",
        "_markerType": "DivIcon",
        "_html": "<div style='font-size: 10px; color: #ff0000; font-weight: bold; text-shadow: 1px 1px 2px white, -1px -1px 2px white, 1px -1px 2px white, -1px 1px 2px white; white-space: nowrap;'>07ED681</div>",
        "_iconSize": [
          60,
          20
        ],
        "_iconAnchor": [
          30,
          10
        ]
      },
      "geometry": {
        "type": "Point",
        "coordinates": [
          137.087545395,
          37.453180422500004
        ]
      }
    },
    {
      "type": "Feature",
      "properties": {
        "code": "07ED683",
        "_markerType": "DivIcon",
        "_html": "<div style='font-size: 10px; color: #ff0000; font-weight: bold; text-shadow: 1px 1px 2px white, -1px -1px 2px white, 1px -1px 2px white, -1px 1px 2px white; white-space: nowrap;'>07ED683</div>",
        "_iconSize": [
          60,
          20
        ],
        "_iconAnchor": [
          30,
          10
        ]
      },
      "geometry": {
        "type": "Point",
        "coordinates": [
          137.0875596275,
          37.43966387
        ]
      }
    },
    {
      "type": "Feature",
      "properties": {
        "code": "07ED781",
        "_markerType": "DivIcon",
        "_html": "<div style='font-size: 10px; color: #ff0000; font-weight: bold; text-shadow: 1px 1px 2px white, -1px -1px 2px white, 1px -1px 2px white, -1px 1px 2px white; white-space: nowrap;'>07ED781</div>",
        "_iconSize": [
          60,
          20
        ],
        "_iconAnchor": [
          30,
          10
        ]
      },
      "geometry": {
        "type": "Point",
        "coordinates": [
          137.08757385,
          37.426147285
        ]
      }
    },
    {
      "type": "Feature",
      "properties": {
        "code": "07ED684",
        "_markerType": "DivIcon",
        "_html": "<div style='font-size: 10px; color: #ff0000; font-weight: bold; text-shadow: 1px 1px 2px white, -1px -1px 2px white, 1px -1px 2px white, -1px 1px 2px white; white-space: nowrap;'>07ED684</div>",
        "_iconSize": [
          60,
          20
        ],
        "_iconAnchor": [
          30,
          10
        ]
      },
      "geometry": {
        "type": "Point",
        "coordinates": [
          137.11016163,
          37.439676837499995
        ]
      }
    },
    {
      "type": "Feature",
      "properties": {
        "code": "07ED782",
        "_markerType": "DivIcon",
        "_html": "<div style='font-size: 10px; color: #ff0000; font-weight: bold; text-shadow: 1px 1px 2px white, -1px -1px 2px white, 1px -1px 2px white, -1px 1px 2px white; white-space: nowrap;'>07ED782</div>",
        "_iconSize": [
          60,
          20
        ],
        "_iconAnchor": [
          30,
          10
        ]
      },
      "geometry": {
        "type": "Point",
        "coordinates": [
          137.1101717875,
          37.426160245
        ]
      }
    },
    {
      "type": "Feature",
      "properties": {
        "code": "07ED784",
        "_markerType": "DivIcon",
        "_html": "<div style='font-size: 10px; color: #ff0000; font-weight: bold; text-shadow: 1px 1px 2px white, -1px -1px 2px white, 1px -1px 2px white, -1px 1px 2px white; white-space: nowrap;'>07ED784</div>",
        "_iconSize": [
          60,
          20
        ],
        "_iconAnchor": [
          30,
          10
        ]
      },
      "geometry": {
        "type": "Point",
        "coordinates": [
          137.11018194,
          37.4126436225
        ]
      }
    },
    {
      "type": "Feature",
      "properties": {
        "code": "07ED783",
        "_markerType": "DivIcon",
        "_html": "<div style='font-size: 10px; color: #ff0000; font-weight: bold; text-shadow: 1px 1px 2px white, -1px -1px 2px white, 1px -1px 2px white, -1px 1px 2px white; white-space: nowrap;'>07ED783</div>",
        "_iconSize": [
          60,
          20
        ],
        "_iconAnchor": [
          30,
          10
        ]
      },
      "geometry": {
        "type": "Point",
        "coordinates": [
          137.087588065,
          37.412630670000006
        ]
      }
    },
    {
      "type": "Feature",
      "properties": {
        "code": "07ED774",
        "_markerType": "DivIcon",
        "_html": "<div style='font-size: 10px; color: #ff0000; font-weight: bold; text-shadow: 1px 1px 2px white, -1px -1px 2px white, 1px -1px 2px white, -1px 1px 2px white; white-space: nowrap;'>07ED774</div>",
        "_iconSize": [
          60,
          20
        ],
        "_iconAnchor": [
          30,
          10
        ]
      },
      "geometry": {
        "type": "Point",
        "coordinates": [
          137.06499421,
          37.4126134
        ]
      }
    },
    {
      "type": "Feature",
      "properties": {
        "code": "07ED674",
        "_markerType": "DivIcon",
        "_html": "<div style='font-size: 10px; color: #ff0000; font-weight: bold; text-shadow: 1px 1px 2px white, -1px -1px 2px white, 1px -1px 2px white, -1px 1px 2px white; white-space: nowrap;'>07ED674</div>",
        "_iconSize": [
          60,
          20
        ],
        "_iconAnchor": [
          30,
          10
        ]
      },
      "geometry": {
        "type": "Point",
        "coordinates": [
          137.064957645,
          37.4396465825
        ]
      }
    },
    {
      "type": "Feature",
      "properties": {
        "code": "07ED772",
        "_markerType": "DivIcon",
        "_html": "<div style='font-size: 10px; color: #ff0000; font-weight: bold; text-shadow: 1px 1px 2px white, -1px -1px 2px white, 1px -1px 2px white, -1px 1px 2px white; white-space: nowrap;'>07ED772</div>",
        "_iconSize": [
          60,
          20
        ],
        "_iconAnchor": [
          30,
          10
        ]
      },
      "geometry": {
        "type": "Point",
        "coordinates": [
          137.06497593249998,
          37.426130005000005
        ]
      }
    },
    {
      "type": "Feature",
      "properties": {
        "code": "07ED673",
        "_markerType": "DivIcon",
        "_html": "<div style='font-size: 10px; color: #ff0000; font-weight: bold; text-shadow: 1px 1px 2px white, -1px -1px 2px white, 1px -1px 2px white, -1px 1px 2px white; white-space: nowrap;'>07ED673</div>",
        "_iconSize": [
          60,
          20
        ],
        "_iconAnchor": [
          30,
          10
        ]
      },
      "geometry": {
        "type": "Point",
        "coordinates": [
          137.0423556875,
          37.4396249725
        ]
      }
    },
    {
      "type": "Feature",
      "properties": {
        "code": "07ED771",
        "_markerType": "DivIcon",
        "_html": "<div style='font-size: 10px; color: #ff0000; font-weight: bold; text-shadow: 1px 1px 2px white, -1px -1px 2px white, 1px -1px 2px white, -1px 1px 2px white; white-space: nowrap;'>07ED771</div>",
        "_iconSize": [
          60,
          20
        ],
        "_iconAnchor": [
          30,
          10
        ]
      },
      "geometry": {
        "type": "Point",
        "coordinates": [
          137.0423780375,
          37.426108405
        ]
      }
    },
    {
      "type": "Feature",
      "properties": {
        "code": "07ED773",
        "_markerType": "DivIcon",
        "_html": "<div style='font-size: 10px; color: #ff0000; font-weight: bold; text-shadow: 1px 1px 2px white, -1px -1px 2px white, 1px -1px 2px white, -1px 1px 2px white; white-space: nowrap;'>07ED773</div>",
        "_iconSize": [
          60,
          20
        ],
        "_iconAnchor": [
          30,
          10
        ]
      },
      "geometry": {
        "type": "Point",
        "coordinates": [
          137.042400375,
          37.412591809999995
        ]
      }
    },
    {
      "type": "Feature",
      "properties": {
        "code": "07ED871",
        "_markerType": "DivIcon",
        "_html": "<div style='font-size: 10px; color: #ff0000; font-weight: bold; text-shadow: 1px 1px 2px white, -1px -1px 2px white, 1px -1px 2px white, -1px 1px 2px white; white-space: nowrap;'>07ED871</div>",
        "_iconSize": [
          60,
          20
        ],
        "_iconAnchor": [
          30,
          10
        ]
      },
      "geometry": {
        "type": "Point",
        "coordinates": [
          137.0424226975,
          37.399075185
        ]
      }
    },
    {
      "type": "Feature",
      "properties": {
        "code": "07ED872",
        "_markerType": "DivIcon",
        "_html": "<div style='font-size: 10px; color: #ff0000; font-weight: bold; text-shadow: 1px 1px 2px white, -1px -1px 2px white, 1px -1px 2px white, -1px 1px 2px white; white-space: nowrap;'>07ED872</div>",
        "_iconSize": [
          60,
          20
        ],
        "_iconAnchor": [
          30,
          10
        ]
      },
      "geometry": {
        "type": "Point",
        "coordinates": [
          137.06501247250003,
          37.3990967625
        ]
      }
    },
    {
      "type": "Feature",
      "properties": {
        "code": "07ED874",
        "_markerType": "DivIcon",
        "_html": "<div style='font-size: 10px; color: #ff0000; font-weight: bold; text-shadow: 1px 1px 2px white, -1px -1px 2px white, 1px -1px 2px white, -1px 1px 2px white; white-space: nowrap;'>07ED874</div>",
        "_iconSize": [
          60,
          20
        ],
        "_iconAnchor": [
          30,
          10
        ]
      },
      "geometry": {
        "type": "Point",
        "coordinates": [
          137.0650307225,
          37.3855800925
        ]
      }
    },
    {
      "type": "Feature",
      "properties": {
        "code": "07ED873",
        "_markerType": "DivIcon",
        "_html": "<div style='font-size: 10px; color: #ff0000; font-weight: bold; text-shadow: 1px 1px 2px white, -1px -1px 2px white, 1px -1px 2px white, -1px 1px 2px white; white-space: nowrap;'>07ED873</div>",
        "_iconSize": [
          60,
          20
        ],
        "_iconAnchor": [
          30,
          10
        ]
      },
      "geometry": {
        "type": "Point",
        "coordinates": [
          137.04244500250002,
          37.3855585275
        ]
      }
    },
    {
      "type": "Feature",
      "properties": {
        "code": "07ED971",
        "_markerType": "DivIcon",
        "_html": "<div style='font-size: 10px; color: #ff0000; font-weight: bold; text-shadow: 1px 1px 2px white, -1px -1px 2px white, 1px -1px 2px white, -1px 1px 2px white; white-space: nowrap;'>07ED971</div>",
        "_iconSize": [
          60,
          20
        ],
        "_iconAnchor": [
          30,
          10
        ]
      },
      "geometry": {
        "type": "Point",
        "coordinates": [
          137.0424672925,
          37.37204183750001
        ]
      }
    },
    {
      "type": "Feature",
      "properties": {
        "code": "07ED973",
        "_markerType": "DivIcon",
        "_html": "<div style='font-size: 10px; color: #ff0000; font-weight: bold; text-shadow: 1px 1px 2px white, -1px -1px 2px white, 1px -1px 2px white, -1px 1px 2px white; white-space: nowrap;'>07ED973</div>",
        "_iconSize": [
          60,
          20
        ],
        "_iconAnchor": [
          30,
          10
        ]
      },
      "geometry": {
        "type": "Point",
        "coordinates": [
          137.0424895725,
          37.3585251175
        ]
      }
    },
    {
      "type": "Feature",
      "properties": {
        "code": "07FD071",
        "_markerType": "DivIcon",
        "_html": "<div style='font-size: 10px; color: #ff0000; font-weight: bold; text-shadow: 1px 1px 2px white, -1px -1px 2px white, 1px -1px 2px white, -1px 1px 2px white; white-space: nowrap;'>07FD071</div>",
        "_iconSize": [
          60,
          20
        ],
        "_iconAnchor": [
          30,
          10
        ]
      },
      "geometry": {
        "type": "Point",
        "coordinates": [
          137.042511835,
          37.345008365
        ]
      }
    },
    {
      "type": "Feature",
      "properties": {
        "code": "07FD072",
        "_markerType": "DivIcon",
        "_html": "<div style='font-size: 10px; color: #ff0000; font-weight: bold; text-shadow: 1px 1px 2px white, -1px -1px 2px white, 1px -1px 2px white, -1px 1px 2px white; white-space: nowrap;'>07FD072</div>",
        "_iconSize": [
          60,
          20
        ],
        "_iconAnchor": [
          30,
          10
        ]
      },
      "geometry": {
        "type": "Point",
        "coordinates": [
          137.065085405,
          37.3450299
        ]
      }
    },
    {
      "type": "Feature",
      "properties": {
        "code": "07ED974",
        "_markerType": "DivIcon",
        "_html": "<div style='font-size: 10px; color: #ff0000; font-weight: bold; text-shadow: 1px 1px 2px white, -1px -1px 2px white, 1px -1px 2px white, -1px 1px 2px white; white-space: nowrap;'>07ED974</div>",
        "_iconSize": [
          60,
          20
        ],
        "_iconAnchor": [
          30,
          10
        ]
      },
      "geometry": {
        "type": "Point",
        "coordinates": [
          137.06506718999998,
          37.358546662500004
        ]
      }
    },
    {
      "type": "Feature",
      "properties": {
        "code": "07ED972",
        "_markerType": "DivIcon",
        "_html": "<div style='font-size: 10px; color: #ff0000; font-weight: bold; text-shadow: 1px 1px 2px white, -1px -1px 2px white, 1px -1px 2px white, -1px 1px 2px white; white-space: nowrap;'>07ED972</div>",
        "_iconSize": [
          60,
          20
        ],
        "_iconAnchor": [
          30,
          10
        ]
      },
      "geometry": {
        "type": "Point",
        "coordinates": [
          137.0650489625,
          37.3720633925
        ]
      }
    },
    {
      "type": "Feature",
      "properties": {
        "code": "07ED981",
        "_markerType": "DivIcon",
        "_html": "<div style='font-size: 10px; color: #ff0000; font-weight: bold; text-shadow: 1px 1px 2px white, -1px -1px 2px white, 1px -1px 2px white, -1px 1px 2px white; white-space: nowrap;'>07ED981</div>",
        "_iconSize": [
          60,
          20
        ],
        "_iconAnchor": [
          30,
          10
        ]
      },
      "geometry": {
        "type": "Point",
        "coordinates": [
          137.0876306525,
          37.3720806375
        ]
      }
    },
    {
      "type": "Feature",
      "properties": {
        "code": "07ED983",
        "_markerType": "DivIcon",
        "_html": "<div style='font-size: 10px; color: #ff0000; font-weight: bold; text-shadow: 1px 1px 2px white, -1px -1px 2px white, 1px -1px 2px white, -1px 1px 2px white; white-space: nowrap;'>07ED983</div>",
        "_iconSize": [
          60,
          20
        ],
        "_iconAnchor": [
          30,
          10
        ]
      },
      "geometry": {
        "type": "Point",
        "coordinates": [
          137.08764483000002,
          37.358563897500005
        ]
      }
    },
    {
      "type": "Feature",
      "properties": {
        "code": "07FD081",
        "_markerType": "DivIcon",
        "_html": "<div style='font-size: 10px; color: #ff0000; font-weight: bold; text-shadow: 1px 1px 2px white, -1px -1px 2px white, 1px -1px 2px white, -1px 1px 2px white; white-space: nowrap;'>07FD081</div>",
        "_iconSize": [
          60,
          20
        ],
        "_iconAnchor": [
          30,
          10
        ]
      },
      "geometry": {
        "type": "Point",
        "coordinates": [
          137.08765899500003,
          37.345047127499996
        ]
      }
    },
    {
      "type": "Feature",
      "properties": {
        "code": "07FD082",
        "_markerType": "DivIcon",
        "_html": "<div style='font-size: 10px; color: #ff0000; font-weight: bold; text-shadow: 1px 1px 2px white, -1px -1px 2px white, 1px -1px 2px white, -1px 1px 2px white; white-space: nowrap;'>07FD082</div>",
        "_iconSize": [
          60,
          20
        ],
        "_iconAnchor": [
          30,
          10
        ]
      },
      "geometry": {
        "type": "Point",
        "coordinates": [
          137.1102326025,
          37.34506005
        ]
      }
    },
    {
      "type": "Feature",
      "properties": {
        "code": "07ED984",
        "_markerType": "DivIcon",
        "_html": "<div style='font-size: 10px; color: #ff0000; font-weight: bold; text-shadow: 1px 1px 2px white, -1px -1px 2px white, 1px -1px 2px white, -1px 1px 2px white; white-space: nowrap;'>07ED984</div>",
        "_iconSize": [
          60,
          20
        ],
        "_iconAnchor": [
          30,
          10
        ]
      },
      "geometry": {
        "type": "Point",
        "coordinates": [
          137.110222485,
          37.3585768275
        ]
      }
    },
    {
      "type": "Feature",
      "properties": {
        "code": "07ED982",
        "_markerType": "DivIcon",
        "_html": "<div style='font-size: 10px; color: #ff0000; font-weight: bold; text-shadow: 1px 1px 2px white, -1px -1px 2px white, 1px -1px 2px white, -1px 1px 2px white; white-space: nowrap;'>07ED982</div>",
        "_iconSize": [
          60,
          20
        ],
        "_iconAnchor": [
          30,
          10
        ]
      },
      "geometry": {
        "type": "Point",
        "coordinates": [
          137.11021235750002,
          37.372093575
        ]
      }
    },
    {
      "type": "Feature",
      "properties": {
        "code": "07ED884",
        "_markerType": "DivIcon",
        "_html": "<div style='font-size: 10px; color: #ff0000; font-weight: bold; text-shadow: 1px 1px 2px white, -1px -1px 2px white, 1px -1px 2px white, -1px 1px 2px white; white-space: nowrap;'>07ED884</div>",
        "_iconSize": [
          60,
          20
        ],
        "_iconAnchor": [
          30,
          10
        ]
      },
      "geometry": {
        "type": "Point",
        "coordinates": [
          137.1102022225,
          37.3856102875
        ]
      }
    },
    {
      "type": "Feature",
      "properties": {
        "code": "07ED883",
        "_markerType": "DivIcon",
        "_html": "<div style='font-size: 10px; color: #ff0000; font-weight: bold; text-shadow: 1px 1px 2px white, -1px -1px 2px white, 1px -1px 2px white, -1px 1px 2px white; white-space: nowrap;'>07ED883</div>",
        "_iconSize": [
          60,
          20
        ],
        "_iconAnchor": [
          30,
          10
        ]
      },
      "geometry": {
        "type": "Point",
        "coordinates": [
          137.087616465,
          37.385597345
        ]
      }
    },
    {
      "type": "Feature",
      "properties": {
        "code": "07ED881",
        "_markerType": "DivIcon",
        "_html": "<div style='font-size: 10px; color: #ff0000; font-weight: bold; text-shadow: 1px 1px 2px white, -1px -1px 2px white, 1px -1px 2px white, -1px 1px 2px white; white-space: nowrap;'>07ED881</div>",
        "_iconSize": [
          60,
          20
        ],
        "_iconAnchor": [
          30,
          10
        ]
      },
      "geometry": {
        "type": "Point",
        "coordinates": [
          137.08760227,
          37.39911402250001
        ]
      }
    },
    {
      "type": "Feature",
      "properties": {
        "code": "07ED882",
        "_markerType": "DivIcon",
        "_html": "<div style='font-size: 10px; color: #ff0000; font-weight: bold; text-shadow: 1px 1px 2px white, -1px -1px 2px white, 1px -1px 2px white, -1px 1px 2px white; white-space: nowrap;'>07ED882</div>",
        "_iconSize": [
          60,
          20
        ],
        "_iconAnchor": [
          30,
          10
        ]
      },
      "geometry": {
        "type": "Point",
        "coordinates": [
          137.110192085,
          37.39912697
        ]
      }
    },
    {
      "type": "Feature",
      "properties": {
        "code": "07ED891",
        "_markerType": "DivIcon",
        "_html": "<div style='font-size: 10px; color: #ff0000; font-weight: bold; text-shadow: 1px 1px 2px white, -1px -1px 2px white, 1px -1px 2px white, -1px 1px 2px white; white-space: nowrap;'>07ED891</div>",
        "_iconSize": [
          60,
          20
        ],
        "_iconAnchor": [
          30,
          10
        ]
      },
      "geometry": {
        "type": "Point",
        "coordinates": [
          137.1327819125,
          37.399135602499996
        ]
      }
    },
    {
      "type": "Feature",
      "properties": {
        "code": "07ED893",
        "_markerType": "DivIcon",
        "_html": "<div style='font-size: 10px; color: #ff0000; font-weight: bold; text-shadow: 1px 1px 2px white, -1px -1px 2px white, 1px -1px 2px white, -1px 1px 2px white; white-space: nowrap;'>07ED893</div>",
        "_iconSize": [
          60,
          20
        ],
        "_iconAnchor": [
          30,
          10
        ]
      },
      "geometry": {
        "type": "Point",
        "coordinates": [
          137.132787995,
          37.385618915
        ]
      }
    },
    {
      "type": "Feature",
      "properties": {
        "code": "07ED894",
        "_markerType": "DivIcon",
        "_html": "<div style='font-size: 10px; color: #ff0000; font-weight: bold; text-shadow: 1px 1px 2px white, -1px -1px 2px white, 1px -1px 2px white, -1px 1px 2px white; white-space: nowrap;'>07ED894</div>",
        "_iconSize": [
          60,
          20
        ],
        "_iconAnchor": [
          30,
          10
        ]
      },
      "geometry": {
        "type": "Point",
        "coordinates": [
          137.15537377750002,
          37.385623227500005
        ]
      }
    },
    {
      "type": "Feature",
      "properties": {
        "code": "07ED892",
        "_markerType": "DivIcon",
        "_html": "<div style='font-size: 10px; color: #ff0000; font-weight: bold; text-shadow: 1px 1px 2px white, -1px -1px 2px white, 1px -1px 2px white, -1px 1px 2px white; white-space: nowrap;'>07ED892</div>",
        "_iconSize": [
          60,
          20
        ],
        "_iconAnchor": [
          30,
          10
        ]
      },
      "geometry": {
        "type": "Point",
        "coordinates": [
          137.15537175000003,
          37.3991399175
        ]
      }
    },
    {
      "type": "Feature",
      "properties": {
        "code": "07EE801",
        "_markerType": "DivIcon",
        "_html": "<div style='font-size: 10px; color: #ff0000; font-weight: bold; text-shadow: 1px 1px 2px white, -1px -1px 2px white, 1px -1px 2px white, -1px 1px 2px white; white-space: nowrap;'>07EE801</div>",
        "_iconSize": [
          60,
          20
        ],
        "_iconAnchor": [
          30,
          10
        ]
      },
      "geometry": {
        "type": "Point",
        "coordinates": [
          137.17796158500002,
          37.399139917499994
        ]
      }
    },
    {
      "type": "Feature",
      "properties": {
        "code": "07EE802",
        "_markerType": "DivIcon",
        "_html": "<div style='font-size: 10px; color: #ff0000; font-weight: bold; text-shadow: 1px 1px 2px white, -1px -1px 2px white, 1px -1px 2px white, -1px 1px 2px white; white-space: nowrap;'>07EE802</div>",
        "_iconSize": [
          60,
          20
        ],
        "_iconAnchor": [
          30,
          10
        ]
      },
      "geometry": {
        "type": "Point",
        "coordinates": [
          137.2005514175,
          37.399135602499996
        ]
      }
    },
    {
      "type": "Feature",
      "properties": {
        "code": "07EE804",
        "_markerType": "DivIcon",
        "_html": "<div style='font-size: 10px; color: #ff0000; font-weight: bold; text-shadow: 1px 1px 2px white, -1px -1px 2px white, 1px -1px 2px white, -1px 1px 2px white; white-space: nowrap;'>07EE804</div>",
        "_iconSize": [
          60,
          20
        ],
        "_iconAnchor": [
          30,
          10
        ]
      },
      "geometry": {
        "type": "Point",
        "coordinates": [
          137.20054533500002,
          37.385618915
        ]
      }
    },
    {
      "type": "Feature",
      "properties": {
        "code": "07EE803",
        "_markerType": "DivIcon",
        "_html": "<div style='font-size: 10px; color: #ff0000; font-weight: bold; text-shadow: 1px 1px 2px white, -1px -1px 2px white, 1px -1px 2px white, -1px 1px 2px white; white-space: nowrap;'>07EE803</div>",
        "_iconSize": [
          60,
          20
        ],
        "_iconAnchor": [
          30,
          10
        ]
      },
      "geometry": {
        "type": "Point",
        "coordinates": [
          137.1779595575,
          37.3856232275
        ]
      }
    },
    {
      "type": "Feature",
      "properties": {
        "code": "07EE902",
        "_markerType": "DivIcon",
        "_html": "<div style='font-size: 10px; color: #ff0000; font-weight: bold; text-shadow: 1px 1px 2px white, -1px -1px 2px white, 1px -1px 2px white, -1px 1px 2px white; white-space: nowrap;'>07EE902</div>",
        "_iconSize": [
          60,
          20
        ],
        "_iconAnchor": [
          30,
          10
        ]
      },
      "geometry": {
        "type": "Point",
        "coordinates": [
          137.2005392575,
          37.3721021975
        ]
      }
    },
    {
      "type": "Feature",
      "properties": {
        "code": "07EE904",
        "_markerType": "DivIcon",
        "_html": "<div style='font-size: 10px; color: #ff0000; font-weight: bold; text-shadow: 1px 1px 2px white, -1px -1px 2px white, 1px -1px 2px white, -1px 1px 2px white; white-space: nowrap;'>07EE904</div>",
        "_iconSize": [
          60,
          20
        ],
        "_iconAnchor": [
          30,
          10
        ]
      },
      "geometry": {
        "type": "Point",
        "coordinates": [
          137.2005331825,
          37.3585854475
        ]
      }
    },
    {
      "type": "Feature",
      "properties": {
        "code": "07FE002",
        "_markerType": "DivIcon",
        "_html": "<div style='font-size: 10px; color: #ff0000; font-weight: bold; text-shadow: 1px 1px 2px white, -1px -1px 2px white, 1px -1px 2px white, -1px 1px 2px white; white-space: nowrap;'>07FE002</div>",
        "_iconSize": [
          60,
          20
        ],
        "_iconAnchor": [
          30,
          10
        ]
      },
      "geometry": {
        "type": "Point",
        "coordinates": [
          137.20052711,
          37.3450686675
        ]
      }
    },
    {
      "type": "Feature",
      "properties": {
        "code": "07FE001",
        "_markerType": "DivIcon",
        "_html": "<div style='font-size: 10px; color: #ff0000; font-weight: bold; text-shadow: 1px 1px 2px white, -1px -1px 2px white, 1px -1px 2px white, -1px 1px 2px white; white-space: nowrap;'>07FE001</div>",
        "_iconSize": [
          60,
          20
        ],
        "_iconAnchor": [
          30,
          10
        ]
      },
      "geometry": {
        "type": "Point",
        "coordinates": [
          137.17795348250002,
          37.345072975
        ]
      }
    },
    {
      "type": "Feature",
      "properties": {
        "code": "07FD092",
        "_markerType": "DivIcon",
        "_html": "<div style='font-size: 10px; color: #ff0000; font-weight: bold; text-shadow: 1px 1px 2px white, -1px -1px 2px white, 1px -1px 2px white, -1px 1px 2px white; white-space: nowrap;'>07FD092</div>",
        "_iconSize": [
          60,
          20
        ],
        "_iconAnchor": [
          30,
          10
        ]
      },
      "geometry": {
        "type": "Point",
        "coordinates": [
          137.15537985250003,
          37.345072975
        ]
      }
    },
    {
      "type": "Feature",
      "properties": {
        "code": "07ED992",
        "_markerType": "DivIcon",
        "_html": "<div style='font-size: 10px; color: #ff0000; font-weight: bold; text-shadow: 1px 1px 2px white, -1px -1px 2px white, 1px -1px 2px white, -1px 1px 2px white; white-space: nowrap;'>07ED992</div>",
        "_iconSize": [
          60,
          20
        ],
        "_iconAnchor": [
          30,
          10
        ]
      },
      "geometry": {
        "type": "Point",
        "coordinates": [
          137.15537580250003,
          37.37210650749999
        ]
      }
    },
    {
      "type": "Feature",
      "properties": {
        "code": "07ED991",
        "_markerType": "DivIcon",
        "_html": "<div style='font-size: 10px; color: #ff0000; font-weight: bold; text-shadow: 1px 1px 2px white, -1px -1px 2px white, 1px -1px 2px white, -1px 1px 2px white; white-space: nowrap;'>07ED991</div>",
        "_iconSize": [
          60,
          20
        ],
        "_iconAnchor": [
          30,
          10
        ]
      },
      "geometry": {
        "type": "Point",
        "coordinates": [
          137.13279407500002,
          37.372102197500006
        ]
      }
    },
    {
      "type": "Feature",
      "properties": {
        "code": "07FD093",
        "_markerType": "DivIcon",
        "_html": "<div style='font-size: 10px; color: #ff0000; font-weight: bold; text-shadow: 1px 1px 2px white, -1px -1px 2px white, 1px -1px 2px white, -1px 1px 2px white; white-space: nowrap;'>07FD093</div>",
        "_iconSize": [
          60,
          20
        ],
        "_iconAnchor": [
          30,
          10
        ]
      },
      "geometry": {
        "type": "Point",
        "coordinates": [
          137.13281229,
          37.331551855
        ]
      }
    },
    {
      "type": "Feature",
      "properties": {
        "code": "07FD191",
        "_markerType": "DivIcon",
        "_html": "<div style='font-size: 10px; color: #ff0000; font-weight: bold; text-shadow: 1px 1px 2px white, -1px -1px 2px white, 1px -1px 2px white, -1px 1px 2px white; white-space: nowrap;'>07FD191</div>",
        "_iconSize": [
          60,
          20
        ],
        "_iconAnchor": [
          30,
          10
        ]
      },
      "geometry": {
        "type": "Point",
        "coordinates": [
          137.1328183525,
          37.318035012500005
        ]
      }
    },
    {
      "type": "Feature",
      "properties": {
        "code": "07FD192",
        "_markerType": "DivIcon",
        "_html": "<div style='font-size: 10px; color: #ff0000; font-weight: bold; text-shadow: 1px 1px 2px white, -1px -1px 2px white, 1px -1px 2px white, -1px 1px 2px white; white-space: nowrap;'>07FD192</div>",
        "_iconSize": [
          60,
          20
        ],
        "_iconAnchor": [
          30,
          10
        ]
      },
      "geometry": {
        "type": "Point",
        "coordinates": [
          137.15538389500003,
          37.318039315
        ]
      }
    },
    {
      "type": "Feature",
      "properties": {
        "code": "07FD094",
        "_markerType": "DivIcon",
        "_html": "<div style='font-size: 10px; color: #ff0000; font-weight: bold; text-shadow: 1px 1px 2px white, -1px -1px 2px white, 1px -1px 2px white, -1px 1px 2px white; white-space: nowrap;'>07FD094</div>",
        "_iconSize": [
          60,
          20
        ],
        "_iconAnchor": [
          30,
          10
        ]
      },
      "geometry": {
        "type": "Point",
        "coordinates": [
          137.15538187500002,
          37.33155616
        ]
      }
    },
    {
      "type": "Feature",
      "properties": {
        "code": "07FE003",
        "_markerType": "DivIcon",
        "_html": "<div style='font-size: 10px; color: #ff0000; font-weight: bold; text-shadow: 1px 1px 2px white, -1px -1px 2px white, 1px -1px 2px white, -1px 1px 2px white; white-space: nowrap;'>07FE003</div>",
        "_iconSize": [
          60,
          20
        ],
        "_iconAnchor": [
          30,
          10
        ]
      },
      "geometry": {
        "type": "Point",
        "coordinates": [
          137.17795146,
          37.33155616
        ]
      }
    },
    {
      "type": "Feature",
      "properties": {
        "code": "07FE101",
        "_markerType": "DivIcon",
        "_html": "<div style='font-size: 10px; color: #ff0000; font-weight: bold; text-shadow: 1px 1px 2px white, -1px -1px 2px white, 1px -1px 2px white, -1px 1px 2px white; white-space: nowrap;'>07FE101</div>",
        "_iconSize": [
          60,
          20
        ],
        "_iconAnchor": [
          30,
          10
        ]
      },
      "geometry": {
        "type": "Point",
        "coordinates": [
          137.17794944000002,
          37.318039315
        ]
      }
    },
    {
      "type": "Feature",
      "properties": {
        "code": "07FE103",
        "_markerType": "DivIcon",
        "_html": "<div style='font-size: 10px; color: #ff0000; font-weight: bold; text-shadow: 1px 1px 2px white, -1px -1px 2px white, 1px -1px 2px white, -1px 1px 2px white; white-space: nowrap;'>07FE103</div>",
        "_iconSize": [
          60,
          20
        ],
        "_iconAnchor": [
          30,
          10
        ]
      },
      "geometry": {
        "type": "Point",
        "coordinates": [
          137.17794742,
          37.30452244
        ]
      }
    },
    {
      "type": "Feature",
      "properties": {
        "code": "07FE104",
        "_markerType": "DivIcon",
        "_html": "<div style='font-size: 10px; color: #ff0000; font-weight: bold; text-shadow: 1px 1px 2px white, -1px -1px 2px white, 1px -1px 2px white, -1px 1px 2px white; white-space: nowrap;'>07FE104</div>",
        "_iconSize": [
          60,
          20
        ],
        "_iconAnchor": [
          30,
          10
        ]
      },
      "geometry": {
        "type": "Point",
        "coordinates": [
          137.20050892,
          37.30451814
        ]
      }
    },
    {
      "type": "Feature",
      "properties": {
        "code": "07FD194",
        "_markerType": "DivIcon",
        "_html": "<div style='font-size: 10px; color: #ff0000; font-weight: bold; text-shadow: 1px 1px 2px white, -1px -1px 2px white, 1px -1px 2px white, -1px 1px 2px white; white-space: nowrap;'>07FD194</div>",
        "_iconSize": [
          60,
          20
        ],
        "_iconAnchor": [
          30,
          10
        ]
      },
      "geometry": {
        "type": "Point",
        "coordinates": [
          137.155385915,
          37.30452244
        ]
      }
    },
    {
      "type": "Feature",
      "properties": {
        "code": "07FD193",
        "_markerType": "DivIcon",
        "_html": "<div style='font-size: 10px; color: #ff0000; font-weight: bold; text-shadow: 1px 1px 2px white, -1px -1px 2px white, 1px -1px 2px white, -1px 1px 2px white; white-space: nowrap;'>07FD193</div>",
        "_iconSize": [
          60,
          20
        ],
        "_iconAnchor": [
          30,
          10
        ]
      },
      "geometry": {
        "type": "Point",
        "coordinates": [
          137.13282441249999,
          37.30451814
        ]
      }
    },
    {
      "type": "Feature",
      "properties": {
        "code": "07FD183",
        "_markerType": "DivIcon",
        "_html": "<div style='font-size: 10px; color: #ff0000; font-weight: bold; text-shadow: 1px 1px 2px white, -1px -1px 2px white, 1px -1px 2px white, -1px 1px 2px white; white-space: nowrap;'>07FD183</div>",
        "_iconSize": [
          60,
          20
        ],
        "_iconAnchor": [
          30,
          10
        ]
      },
      "geometry": {
        "type": "Point",
        "coordinates": [
          137.08770143750002,
          37.3044966325
        ]
      }
    },
    {
      "type": "Feature",
      "properties": {
        "code": "07FD184",
        "_markerType": "DivIcon",
        "_html": "<div style='font-size: 10px; color: #ff0000; font-weight: bold; text-shadow: 1px 1px 2px white, -1px -1px 2px white, 1px -1px 2px white, -1px 1px 2px white; white-space: nowrap;'>07FD184</div>",
        "_iconSize": [
          60,
          20
        ],
        "_iconAnchor": [
          30,
          10
        ]
      },
      "geometry": {
        "type": "Point",
        "coordinates": [
          137.11026292000003,
          37.3045095375
        ]
      }
    },
    {
      "type": "Feature",
      "properties": {
        "code": "07FD282",
        "_markerType": "DivIcon",
        "_html": "<div style='font-size: 10px; color: #ff0000; font-weight: bold; text-shadow: 1px 1px 2px white, -1px -1px 2px white, 1px -1px 2px white, -1px 1px 2px white; white-space: nowrap;'>07FD282</div>",
        "_iconSize": [
          60,
          20
        ],
        "_iconAnchor": [
          30,
          10
        ]
      },
      "geometry": {
        "type": "Point",
        "coordinates": [
          137.11027301000001,
          37.2909926375
        ]
      }
    },
    {
      "type": "Feature",
      "properties": {
        "code": "07FD084",
        "_markerType": "DivIcon",
        "_html": "<div style='font-size: 10px; color: #ff0000; font-weight: bold; text-shadow: 1px 1px 2px white, -1px -1px 2px white, 1px -1px 2px white, -1px 1px 2px white; white-space: nowrap;'>07FD084</div>",
        "_iconSize": [
          60,
          20
        ],
        "_iconAnchor": [
          30,
          10
        ]
      },
      "geometry": {
        "type": "Point",
        "coordinates": [
          137.110242715,
          37.3315432425
        ]
      }
    },
    {
      "type": "Feature",
      "properties": {
        "code": "07FD083",
        "_markerType": "DivIcon",
        "_html": "<div style='font-size: 10px; color: #ff0000; font-weight: bold; text-shadow: 1px 1px 2px white, -1px -1px 2px white, 1px -1px 2px white, -1px 1px 2px white; white-space: nowrap;'>07FD083</div>",
        "_iconSize": [
          60,
          20
        ],
        "_iconAnchor": [
          30,
          10
        ]
      },
      "geometry": {
        "type": "Point",
        "coordinates": [
          137.0876731525,
          37.3315303275
        ]
      }
    },
    {
      "type": "Feature",
      "properties": {
        "code": "07FD181",
        "_markerType": "DivIcon",
        "_html": "<div style='font-size: 10px; color: #ff0000; font-weight: bold; text-shadow: 1px 1px 2px white, -1px -1px 2px white, 1px -1px 2px white, -1px 1px 2px white; white-space: nowrap;'>07FD181</div>",
        "_iconSize": [
          60,
          20
        ],
        "_iconAnchor": [
          30,
          10
        ]
      },
      "geometry": {
        "type": "Point",
        "coordinates": [
          137.0876873,
          37.318013494999995
        ]
      }
    },
    {
      "type": "Feature",
      "properties": {
        "code": "07FD172",
        "_markerType": "DivIcon",
        "_html": "<div style='font-size: 10px; color: #ff0000; font-weight: bold; text-shadow: 1px 1px 2px white, -1px -1px 2px white, 1px -1px 2px white, -1px 1px 2px white; white-space: nowrap;'>07FD172</div>",
        "_iconSize": [
          60,
          20
        ],
        "_iconAnchor": [
          30,
          10
        ]
      },
      "geometry": {
        "type": "Point",
        "coordinates": [
          137.065121795,
          37.3179962825
        ]
      }
    },
    {
      "type": "Feature",
      "properties": {
        "code": "07FD074",
        "_markerType": "DivIcon",
        "_html": "<div style='font-size: 10px; color: #ff0000; font-weight: bold; text-shadow: 1px 1px 2px white, -1px -1px 2px white, 1px -1px 2px white, -1px 1px 2px white; white-space: nowrap;'>07FD074</div>",
        "_iconSize": [
          60,
          20
        ],
        "_iconAnchor": [
          30,
          10
        ]
      },
      "geometry": {
        "type": "Point",
        "coordinates": [
          137.06510360750002,
          37.3315131075
        ]
      }
    },
    {
      "type": "Feature",
      "properties": {
        "code": "07FD073",
        "_markerType": "DivIcon",
        "_html": "<div style='font-size: 10px; color: #ff0000; font-weight: bold; text-shadow: 1px 1px 2px white, -1px -1px 2px white, 1px -1px 2px white, -1px 1px 2px white; white-space: nowrap;'>07FD073</div>",
        "_iconSize": [
          60,
          20
        ],
        "_iconAnchor": [
          30,
          10
        ]
      },
      "geometry": {
        "type": "Point",
        "coordinates": [
          137.04253408,
          37.3314915825
        ]
      }
    },
    {
      "type": "Feature",
      "properties": {
        "code": "07FD171",
        "_markerType": "DivIcon",
        "_html": "<div style='font-size: 10px; color: #ff0000; font-weight: bold; text-shadow: 1px 1px 2px white, -1px -1px 2px white, 1px -1px 2px white, -1px 1px 2px white; white-space: nowrap;'>07FD171</div>",
        "_iconSize": [
          60,
          20
        ],
        "_iconAnchor": [
          30,
          10
        ]
      },
      "geometry": {
        "type": "Point",
        "coordinates": [
          137.0425563125,
          37.3179747675
        ]
      }
    },
    {
      "type": "Feature",
      "properties": {
        "code": "07FD271",
        "_markerType": "DivIcon",
        "_html": "<div style='font-size: 10px; color: #ff0000; font-weight: bold; text-shadow: 1px 1px 2px white, -1px -1px 2px white, 1px -1px 2px white, -1px 1px 2px white; white-space: nowrap;'>07FD271</div>",
        "_iconSize": [
          60,
          20
        ],
        "_iconAnchor": [
          30,
          10
        ]
      },
      "geometry": {
        "type": "Point",
        "coordinates": [
          137.0426007325,
          37.29094105
        ]
      }
    },
    {
      "type": "Feature",
      "properties": {
        "code": "07FD174",
        "_markerType": "DivIcon",
        "_html": "<div style='font-size: 10px; color: #ff0000; font-weight: bold; text-shadow: 1px 1px 2px white, -1px -1px 2px white, 1px -1px 2px white, -1px 1px 2px white; white-space: nowrap;'>07FD174</div>",
        "_iconSize": [
          60,
          20
        ],
        "_iconAnchor": [
          30,
          10
        ]
      },
      "geometry": {
        "type": "Point",
        "coordinates": [
          137.06513997250002,
          37.3044794275
        ]
      }
    },
    {
      "type": "Feature",
      "properties": {
        "code": "07FD274",
        "_markerType": "DivIcon",
        "_html": "<div style='font-size: 10px; color: #ff0000; font-weight: bold; text-shadow: 1px 1px 2px white, -1px -1px 2px white, 1px -1px 2px white, -1px 1px 2px white; white-space: nowrap;'>07FD274</div>",
        "_iconSize": [
          60,
          20
        ],
        "_iconAnchor": [
          30,
          10
        ]
      },
      "geometry": {
        "type": "Point",
        "coordinates": [
          137.0651762925,
          37.2774456275
        ]
      }
    },
    {
      "type": "Feature",
      "properties": {
        "code": "07FD264",
        "_markerType": "DivIcon",
        "_html": "<div style='font-size: 10px; color: #ff0000; font-weight: bold; text-shadow: 1px 1px 2px white, -1px -1px 2px white, 1px -1px 2px white, -1px 1px 2px white; white-space: nowrap;'>07FD264</div>",
        "_iconSize": [
          60,
          20
        ],
        "_iconAnchor": [
          30,
          10
        ]
      },
      "geometry": {
        "type": "Point",
        "coordinates": [
          137.0200695725,
          37.277398364999996
        ]
      }
    },
    {
      "type": "Feature",
      "properties": {
        "code": "07FD163",
        "_markerType": "DivIcon",
        "_html": "<div style='font-size: 10px; color: #ff0000; font-weight: bold; text-shadow: 1px 1px 2px white, -1px -1px 2px white, 1px -1px 2px white, -1px 1px 2px white; white-space: nowrap;'>07FD163</div>",
        "_iconSize": [
          60,
          20
        ],
        "_iconAnchor": [
          30,
          10
        ]
      },
      "geometry": {
        "type": "Point",
        "coordinates": [
          136.997455725,
          37.304402012500006
        ]
      }
    },
    {
      "type": "Feature",
      "properties": {
        "code": "07FD164",
        "_markerType": "DivIcon",
        "_html": "<div style='font-size: 10px; color: #ff0000; font-weight: bold; text-shadow: 1px 1px 2px white, -1px -1px 2px white, 1px -1px 2px white, -1px 1px 2px white; white-space: nowrap;'>07FD164</div>",
        "_iconSize": [
          60,
          20
        ],
        "_iconAnchor": [
          30,
          10
        ]
      },
      "geometry": {
        "type": "Point",
        "coordinates": [
          137.0200171125,
          37.3044321175
        ]
      }
    },
    {
      "type": "Feature",
      "properties": {
        "code": "07FD262",
        "_markerType": "DivIcon",
        "_html": "<div style='font-size: 10px; color: #ff0000; font-weight: bold; text-shadow: 1px 1px 2px white, -1px -1px 2px white, 1px -1px 2px white, -1px 1px 2px white; white-space: nowrap;'>07FD262</div>",
        "_iconSize": [
          60,
          20
        ],
        "_iconAnchor": [
          30,
          10
        ]
      },
      "geometry": {
        "type": "Point",
        "coordinates": [
          137.02004335,
          37.290915257500004
        ]
      }
    },
    {
      "type": "Feature",
      "properties": {
        "code": "07FD162",
        "_markerType": "DivIcon",
        "_html": "<div style='font-size: 10px; color: #ff0000; font-weight: bold; text-shadow: 1px 1px 2px white, -1px -1px 2px white, 1px -1px 2px white, -1px 1px 2px white; white-space: nowrap;'>07FD162</div>",
        "_iconSize": [
          60,
          20
        ],
        "_iconAnchor": [
          30,
          10
        ]
      },
      "geometry": {
        "type": "Point",
        "coordinates": [
          137.019990855,
          37.317948949999995
        ]
      }
    },
    {
      "type": "Feature",
      "properties": {
        "code": "07FD064",
        "_markerType": "DivIcon",
        "_html": "<div style='font-size: 10px; color: #ff0000; font-weight: bold; text-shadow: 1px 1px 2px white, -1px -1px 2px white, 1px -1px 2px white, -1px 1px 2px white; white-space: nowrap;'>07FD064</div>",
        "_iconSize": [
          60,
          20
        ],
        "_iconAnchor": [
          30,
          10
        ]
      },
      "geometry": {
        "type": "Point",
        "coordinates": [
          137.01996458000002,
          37.3314657525
        ]
      }
    },
    {
      "type": "Feature",
      "properties": {
        "code": "07FD063",
        "_markerType": "DivIcon",
        "_html": "<div style='font-size: 10px; color: #ff0000; font-weight: bold; text-shadow: 1px 1px 2px white, -1px -1px 2px white, 1px -1px 2px white, -1px 1px 2px white; white-space: nowrap;'>07FD063</div>",
        "_iconSize": [
          60,
          20
        ],
        "_iconAnchor": [
          30,
          10
        ]
      },
      "geometry": {
        "type": "Point",
        "coordinates": [
          136.99739511250002,
          37.331435615000004
        ]
      }
    },
    {
      "type": "Feature",
      "properties": {
        "code": "07FD161",
        "_markerType": "DivIcon",
        "_html": "<div style='font-size: 10px; color: #ff0000; font-weight: bold; text-shadow: 1px 1px 2px white, -1px -1px 2px white, 1px -1px 2px white, -1px 1px 2px white; white-space: nowrap;'>07FD161</div>",
        "_iconSize": [
          60,
          20
        ],
        "_iconAnchor": [
          30,
          10
        ]
      },
      "geometry": {
        "type": "Point",
        "coordinates": [
          136.99742543000002,
          37.31791883
        ]
      }
    },
    {
      "type": "Feature",
      "properties": {
        "code": "07FD152",
        "_markerType": "DivIcon",
        "_html": "<div style='font-size: 10px; color: #ff0000; font-weight: bold; text-shadow: 1px 1px 2px white, -1px -1px 2px white, 1px -1px 2px white, -1px 1px 2px white; white-space: nowrap;'>07FD152</div>",
        "_iconSize": [
          60,
          20
        ],
        "_iconAnchor": [
          30,
          10
        ]
      },
      "geometry": {
        "type": "Point",
        "coordinates": [
          136.97486004,
          37.317884405
        ]
      }
    },
    {
      "type": "Feature",
      "properties": {
        "code": "07FD054",
        "_markerType": "DivIcon",
        "_html": "<div style='font-size: 10px; color: #ff0000; font-weight: bold; text-shadow: 1px 1px 2px white, -1px -1px 2px white, 1px -1px 2px white, -1px 1px 2px white; white-space: nowrap;'>07FD054</div>",
        "_iconSize": [
          60,
          20
        ],
        "_iconAnchor": [
          30,
          10
        ]
      },
      "geometry": {
        "type": "Point",
        "coordinates": [
          136.97482568,
          37.3314011725
        ]
      }
    },
    {
      "type": "Feature",
      "properties": {
        "code": "07FD053",
        "_markerType": "DivIcon",
        "_html": "<div style='font-size: 10px; color: #ff0000; font-weight: bold; text-shadow: 1px 1px 2px white, -1px -1px 2px white, 1px -1px 2px white, -1px 1px 2px white; white-space: nowrap;'>07FD053</div>",
        "_iconSize": [
          60,
          20
        ],
        "_iconAnchor": [
          30,
          10
        ]
      },
      "geometry": {
        "type": "Point",
        "coordinates": [
          136.95225629,
          37.331362425
        ]
      }
    },
    {
      "type": "Feature",
      "properties": {
        "code": "07FD151",
        "_markerType": "DivIcon",
        "_html": "<div style='font-size: 10px; color: #ff0000; font-weight: bold; text-shadow: 1px 1px 2px white, -1px -1px 2px white, 1px -1px 2px white, -1px 1px 2px white; white-space: nowrap;'>07FD151</div>",
        "_iconSize": [
          60,
          20
        ],
        "_iconAnchor": [
          30,
          10
        ]
      },
      "geometry": {
        "type": "Point",
        "coordinates": [
          136.95229469,
          37.317845675
        ]
      }
    },
    {
      "type": "Feature",
      "properties": {
        "code": "07FD154",
        "_markerType": "DivIcon",
        "_html": "<div style='font-size: 10px; color: #ff0000; font-weight: bold; text-shadow: 1px 1px 2px white, -1px -1px 2px white, 1px -1px 2px white, -1px 1px 2px white; white-space: nowrap;'>07FD154</div>",
        "_iconSize": [
          60,
          20
        ],
        "_iconAnchor": [
          30,
          10
        ]
      },
      "geometry": {
        "type": "Point",
        "coordinates": [
          136.97489437500002,
          37.304367605
        ]
      }
    },
    {
      "type": "Feature",
      "properties": {
        "code": "07FD253",
        "_markerType": "DivIcon",
        "_html": "<div style='font-size: 10px; color: #ff0000; font-weight: bold; text-shadow: 1px 1px 2px white, -1px -1px 2px white, 1px -1px 2px white, -1px 1px 2px white; white-space: nowrap;'>07FD253</div>",
        "_iconSize": [
          60,
          20
        ],
        "_iconAnchor": [
          30,
          10
        ]
      },
      "geometry": {
        "type": "Point",
        "coordinates": [
          136.95240974,
          37.2772952375
        ]
      }
    },
    {
      "type": "Feature",
      "properties": {
        "code": "07FD144",
        "_markerType": "DivIcon",
        "_html": "<div style='font-size: 10px; color: #ff0000; font-weight: bold; text-shadow: 1px 1px 2px white, -1px -1px 2px white, 1px -1px 2px white, -1px 1px 2px white; white-space: nowrap;'>07FD144</div>",
        "_iconSize": [
          60,
          20
        ],
        "_iconAnchor": [
          30,
          10
        ]
      },
      "geometry": {
        "type": "Point",
        "coordinates": [
          136.9297718,
          37.304285885
        ]
      }
    },
    {
      "type": "Feature",
      "properties": {
        "code": "07FD143",
        "_markerType": "DivIcon",
        "_html": "<div style='font-size: 10px; color: #ff0000; font-weight: bold; text-shadow: 1px 1px 2px white, -1px -1px 2px white, 1px -1px 2px white, -1px 1px 2px white; white-space: nowrap;'>07FD143</div>",
        "_iconSize": [
          60,
          20
        ],
        "_iconAnchor": [
          30,
          10
        ]
      },
      "geometry": {
        "type": "Point",
        "coordinates": [
          136.9072105875,
          37.304238575
        ]
      }
    },
    {
      "type": "Feature",
      "properties": {
        "code": "07FD241",
        "_markerType": "DivIcon",
        "_html": "<div style='font-size: 10px; color: #ff0000; font-weight: bold; text-shadow: 1px 1px 2px white, -1px -1px 2px white, 1px -1px 2px white, -1px 1px 2px white; white-space: nowrap;'>07FD241</div>",
        "_iconSize": [
          60,
          20
        ],
        "_iconAnchor": [
          30,
          10
        ]
      },
      "geometry": {
        "type": "Point",
        "coordinates": [
          136.90725701,
          37.290721805000004
        ]
      }
    },
    {
      "type": "Feature",
      "properties": {
        "code": "07FD243",
        "_markerType": "DivIcon",
        "_html": "<div style='font-size: 10px; color: #ff0000; font-weight: bold; text-shadow: 1px 1px 2px white, -1px -1px 2px white, 1px -1px 2px white, -1px 1px 2px white; white-space: nowrap;'>07FD243</div>",
        "_iconSize": [
          60,
          20
        ],
        "_iconAnchor": [
          30,
          10
        ]
      },
      "geometry": {
        "type": "Point",
        "coordinates": [
          136.9073034025,
          37.2772050075
        ]
      }
    },
    {
      "type": "Feature",
      "properties": {
        "code": "07FD234",
        "_markerType": "DivIcon",
        "_html": "<div style='font-size: 10px; color: #ff0000; font-weight: bold; text-shadow: 1px 1px 2px white, -1px -1px 2px white, 1px -1px 2px white, -1px 1px 2px white; white-space: nowrap;'>07FD234</div>",
        "_iconSize": [
          60,
          20
        ],
        "_iconAnchor": [
          30,
          10
        ]
      },
      "geometry": {
        "type": "Point",
        "coordinates": [
          136.884750315,
          37.277153445
        ]
      }
    },
    {
      "type": "Feature",
      "properties": {
        "code": "07FD233",
        "_markerType": "DivIcon",
        "_html": "<div style='font-size: 10px; color: #ff0000; font-weight: bold; text-shadow: 1px 1px 2px white, -1px -1px 2px white, 1px -1px 2px white, -1px 1px 2px white; white-space: nowrap;'>07FD233</div>",
        "_iconSize": [
          60,
          20
        ],
        "_iconAnchor": [
          30,
          10
        ]
      },
      "geometry": {
        "type": "Point",
        "coordinates": [
          136.8621972875,
          37.2770975875
        ]
      }
    },
    {
      "type": "Feature",
      "properties": {
        "code": "07FD231",
        "_markerType": "DivIcon",
        "_html": "<div style='font-size: 10px; color: #ff0000; font-weight: bold; text-shadow: 1px 1px 2px white, -1px -1px 2px white, 1px -1px 2px white, -1px 1px 2px white; white-space: nowrap;'>07FD231</div>",
        "_iconSize": [
          60,
          20
        ],
        "_iconAnchor": [
          30,
          10
        ]
      },
      "geometry": {
        "type": "Point",
        "coordinates": [
          136.862142825,
          37.2906143375
        ]
      }
    },
    {
      "type": "Feature",
      "properties": {
        "code": "07FD133",
        "_markerType": "DivIcon",
        "_html": "<div style='font-size: 10px; color: #ff0000; font-weight: bold; text-shadow: 1px 1px 2px white, -1px -1px 2px white, 1px -1px 2px white, -1px 1px 2px white; white-space: nowrap;'>07FD133</div>",
        "_iconSize": [
          60,
          20
        ],
        "_iconAnchor": [
          30,
          10
        ]
      },
      "geometry": {
        "type": "Point",
        "coordinates": [
          136.86208833,
          37.3041310525
        ]
      }
    },
    {
      "type": "Feature",
      "properties": {
        "code": "07FD134",
        "_markerType": "DivIcon",
        "_html": "<div style='font-size: 10px; color: #ff0000; font-weight: bold; text-shadow: 1px 1px 2px white, -1px -1px 2px white, 1px -1px 2px white, -1px 1px 2px white; white-space: nowrap;'>07FD134</div>",
        "_iconSize": [
          60,
          20
        ],
        "_iconAnchor": [
          30,
          10
        ]
      },
      "geometry": {
        "type": "Point",
        "coordinates": [
          136.88464943,
          37.304186965
        ]
      }
    },
    {
      "type": "Feature",
      "properties": {
        "code": "07FD232",
        "_markerType": "DivIcon",
        "_html": "<div style='font-size: 10px; color: #ff0000; font-weight: bold; text-shadow: 1px 1px 2px white, -1px -1px 2px white, 1px -1px 2px white, -1px 1px 2px white; white-space: nowrap;'>07FD232</div>",
        "_iconSize": [
          60,
          20
        ],
        "_iconAnchor": [
          30,
          10
        ]
      },
      "geometry": {
        "type": "Point",
        "coordinates": [
          136.8846998875,
          37.29067022
        ]
      }
    },
    {
      "type": "Feature",
      "properties": {
        "code": "07FD132",
        "_markerType": "DivIcon",
        "_html": "<div style='font-size: 10px; color: #ff0000; font-weight: bold; text-shadow: 1px 1px 2px white, -1px -1px 2px white, 1px -1px 2px white, -1px 1px 2px white; white-space: nowrap;'>07FD132</div>",
        "_iconSize": [
          60,
          20
        ],
        "_iconAnchor": [
          30,
          10
        ]
      },
      "geometry": {
        "type": "Point",
        "coordinates": [
          136.88459894,
          37.317703675
        ]
      }
    },
    {
      "type": "Feature",
      "properties": {
        "code": "07FD131",
        "_markerType": "DivIcon",
        "_html": "<div style='font-size: 10px; color: #ff0000; font-weight: bold; text-shadow: 1px 1px 2px white, -1px -1px 2px white, 1px -1px 2px white, -1px 1px 2px white; white-space: nowrap;'>07FD131</div>",
        "_iconSize": [
          60,
          20
        ],
        "_iconAnchor": [
          30,
          10
        ]
      },
      "geometry": {
        "type": "Point",
        "coordinates": [
          136.8620338,
          37.317647735
        ]
      }
    },
    {
      "type": "Feature",
      "properties": {
        "code": "07FD033",
        "_markerType": "DivIcon",
        "_html": "<div style='font-size: 10px; color: #ff0000; font-weight: bold; text-shadow: 1px 1px 2px white, -1px -1px 2px white, 1px -1px 2px white, -1px 1px 2px white; white-space: nowrap;'>07FD033</div>",
        "_iconSize": [
          60,
          20
        ],
        "_iconAnchor": [
          30,
          10
        ]
      },
      "geometry": {
        "type": "Point",
        "coordinates": [
          136.86197923000003,
          37.33116439
        ]
      }
    },
    {
      "type": "Feature",
      "properties": {
        "code": "07FD034",
        "_markerType": "DivIcon",
        "_html": "<div style='font-size: 10px; color: #ff0000; font-weight: bold; text-shadow: 1px 1px 2px white, -1px -1px 2px white, 1px -1px 2px white, -1px 1px 2px white; white-space: nowrap;'>07FD034</div>",
        "_iconSize": [
          60,
          20
        ],
        "_iconAnchor": [
          30,
          10
        ]
      },
      "geometry": {
        "type": "Point",
        "coordinates": [
          136.8845484125,
          37.331220355
        ]
      }
    },
    {
      "type": "Feature",
      "properties": {
        "code": "07FD043",
        "_markerType": "DivIcon",
        "_html": "<div style='font-size: 10px; color: #ff0000; font-weight: bold; text-shadow: 1px 1px 2px white, -1px -1px 2px white, 1px -1px 2px white, -1px 1px 2px white; white-space: nowrap;'>07FD043</div>",
        "_iconSize": [
          60,
          20
        ],
        "_iconAnchor": [
          30,
          10
        ]
      },
      "geometry": {
        "type": "Point",
        "coordinates": [
          136.9071176525,
          37.331272015
        ]
      }
    },
    {
      "type": "Feature",
      "properties": {
        "code": "07FD141",
        "_markerType": "DivIcon",
        "_html": "<div style='font-size: 10px; color: #ff0000; font-weight: bold; text-shadow: 1px 1px 2px white, -1px -1px 2px white, 1px -1px 2px white, -1px 1px 2px white; white-space: nowrap;'>07FD141</div>",
        "_iconSize": [
          60,
          20
        ],
        "_iconAnchor": [
          30,
          10
        ]
      },
      "geometry": {
        "type": "Point",
        "coordinates": [
          136.90716413500002,
          37.3177553125
        ]
      }
    },
    {
      "type": "Feature",
      "properties": {
        "code": "07FD142",
        "_markerType": "DivIcon",
        "_html": "<div style='font-size: 10px; color: #ff0000; font-weight: bold; text-shadow: 1px 1px 2px white, -1px -1px 2px white, 1px -1px 2px white, -1px 1px 2px white; white-space: nowrap;'>07FD142</div>",
        "_iconSize": [
          60,
          20
        ],
        "_iconAnchor": [
          30,
          10
        ]
      },
      "geometry": {
        "type": "Point",
        "coordinates": [
          136.929729385,
          37.317802645
        ]
      }
    },
    {
      "type": "Feature",
      "properties": {
        "code": "07FD044",
        "_markerType": "DivIcon",
        "_html": "<div style='font-size: 10px; color: #ff0000; font-weight: bold; text-shadow: 1px 1px 2px white, -1px -1px 2px white, 1px -1px 2px white, -1px 1px 2px white; white-space: nowrap;'>07FD044</div>",
        "_iconSize": [
          60,
          20
        ],
        "_iconAnchor": [
          30,
          10
        ]
      },
      "geometry": {
        "type": "Point",
        "coordinates": [
          136.92968694500001,
          37.3313193725
        ]
      }
    },
    {
      "type": "Feature",
      "properties": {
        "code": "07FD042",
        "_markerType": "DivIcon",
        "_html": "<div style='font-size: 10px; color: #ff0000; font-weight: bold; text-shadow: 1px 1px 2px white, -1px -1px 2px white, 1px -1px 2px white, -1px 1px 2px white; white-space: nowrap;'>07FD042</div>",
        "_iconSize": [
          60,
          20
        ],
        "_iconAnchor": [
          30,
          10
        ]
      },
      "geometry": {
        "type": "Point",
        "coordinates": [
          136.9296444775,
          37.3448360725
        ]
      }
    },
    {
      "type": "Feature",
      "properties": {
        "code": "07ED942",
        "_markerType": "DivIcon",
        "_html": "<div style='font-size: 10px; color: #ff0000; font-weight: bold; text-shadow: 1px 1px 2px white, -1px -1px 2px white, 1px -1px 2px white, -1px 1px 2px white; white-space: nowrap;'>07ED942</div>",
        "_iconSize": [
          60,
          20
        ],
        "_iconAnchor": [
          30,
          10
        ]
      },
      "geometry": {
        "type": "Point",
        "coordinates": [
          136.9295594475,
          37.37186938
        ]
      }
    },
    {
      "type": "Feature",
      "properties": {
        "code": "07ED944",
        "_markerType": "DivIcon",
        "_html": "<div style='font-size: 10px; color: #ff0000; font-weight: bold; text-shadow: 1px 1px 2px white, -1px -1px 2px white, 1px -1px 2px white, -1px 1px 2px white; white-space: nowrap;'>07ED944</div>",
        "_iconSize": [
          60,
          20
        ],
        "_iconAnchor": [
          30,
          10
        ]
      },
      "geometry": {
        "type": "Point",
        "coordinates": [
          136.9296019775,
          37.3583527425
        ]
      }
    },
    {
      "type": "Feature",
      "properties": {
        "code": "07ED941",
        "_markerType": "DivIcon",
        "_html": "<div style='font-size: 10px; color: #ff0000; font-weight: bold; text-shadow: 1px 1px 2px white, -1px -1px 2px white, 1px -1px 2px white, -1px 1px 2px white; white-space: nowrap;'>07ED941</div>",
        "_iconSize": [
          60,
          20
        ],
        "_iconAnchor": [
          30,
          10
        ]
      },
      "geometry": {
        "type": "Point",
        "coordinates": [
          136.90697801250002,
          37.3718219525
        ]
      }
    },
    {
      "type": "Feature",
      "properties": {
        "code": "07ED943",
        "_markerType": "DivIcon",
        "_html": "<div style='font-size: 10px; color: #ff0000; font-weight: bold; text-shadow: 1px 1px 2px white, -1px -1px 2px white, 1px -1px 2px white, -1px 1px 2px white; white-space: nowrap;'>07ED943</div>",
        "_iconSize": [
          60,
          20
        ],
        "_iconAnchor": [
          30,
          10
        ]
      },
      "geometry": {
        "type": "Point",
        "coordinates": [
          136.90702459,
          37.35830534
        ]
      }
    },
    {
      "type": "Feature",
      "properties": {
        "code": "07FD041",
        "_markerType": "DivIcon",
        "_html": "<div style='font-size: 10px; color: #ff0000; font-weight: bold; text-shadow: 1px 1px 2px white, -1px -1px 2px white, 1px -1px 2px white, -1px 1px 2px white; white-space: nowrap;'>07FD041</div>",
        "_iconSize": [
          60,
          20
        ],
        "_iconAnchor": [
          30,
          10
        ]
      },
      "geometry": {
        "type": "Point",
        "coordinates": [
          136.9070711375,
          37.3447886925
        ]
      }
    },
    {
      "type": "Feature",
      "properties": {
        "code": "07FD032",
        "_markerType": "DivIcon",
        "_html": "<div style='font-size: 10px; color: #ff0000; font-weight: bold; text-shadow: 1px 1px 2px white, -1px -1px 2px white, 1px -1px 2px white, -1px 1px 2px white; white-space: nowrap;'>07FD032</div>",
        "_iconSize": [
          60,
          20
        ],
        "_iconAnchor": [
          30,
          10
        ]
      },
      "geometry": {
        "type": "Point",
        "coordinates": [
          136.88449785,
          37.3447370075
        ]
      }
    },
    {
      "type": "Feature",
      "properties": {
        "code": "07FD031",
        "_markerType": "DivIcon",
        "_html": "<div style='font-size: 10px; color: #ff0000; font-weight: bold; text-shadow: 1px 1px 2px white, -1px -1px 2px white, 1px -1px 2px white, -1px 1px 2px white; white-space: nowrap;'>07FD031</div>",
        "_iconSize": [
          60,
          20
        ],
        "_iconAnchor": [
          30,
          10
        ]
      },
      "geometry": {
        "type": "Point",
        "coordinates": [
          136.861924625,
          37.344681015
        ]
      }
    },
    {
      "type": "Feature",
      "properties": {
        "code": "07ED933",
        "_markerType": "DivIcon",
        "_html": "<div style='font-size: 10px; color: #ff0000; font-weight: bold; text-shadow: 1px 1px 2px white, -1px -1px 2px white, 1px -1px 2px white, -1px 1px 2px white; white-space: nowrap;'>07ED933</div>",
        "_iconSize": [
          60,
          20
        ],
        "_iconAnchor": [
          30,
          10
        ]
      },
      "geometry": {
        "type": "Point",
        "coordinates": [
          136.861869985,
          37.3581976075
        ]
      }
    },
    {
      "type": "Feature",
      "properties": {
        "code": "07ED931",
        "_markerType": "DivIcon",
        "_html": "<div style='font-size: 10px; color: #ff0000; font-weight: bold; text-shadow: 1px 1px 2px white, -1px -1px 2px white, 1px -1px 2px white, -1px 1px 2px white; white-space: nowrap;'>07ED931</div>",
        "_iconSize": [
          60,
          20
        ],
        "_iconAnchor": [
          30,
          10
        ]
      },
      "geometry": {
        "type": "Point",
        "coordinates": [
          136.86181530750002,
          37.3717141675
        ]
      }
    },
    {
      "type": "Feature",
      "properties": {
        "code": "07ED932",
        "_markerType": "DivIcon",
        "_html": "<div style='font-size: 10px; color: #ff0000; font-weight: bold; text-shadow: 1px 1px 2px white, -1px -1px 2px white, 1px -1px 2px white, -1px 1px 2px white; white-space: nowrap;'>07ED932</div>",
        "_iconSize": [
          60,
          20
        ],
        "_iconAnchor": [
          30,
          10
        ]
      },
      "geometry": {
        "type": "Point",
        "coordinates": [
          136.8843966325,
          37.371770215000005
        ]
      }
    },
    {
      "type": "Feature",
      "properties": {
        "code": "07ED934",
        "_markerType": "DivIcon",
        "_html": "<div style='font-size: 10px; color: #ff0000; font-weight: bold; text-shadow: 1px 1px 2px white, -1px -1px 2px white, 1px -1px 2px white, -1px 1px 2px white; white-space: nowrap;'>07ED934</div>",
        "_iconSize": [
          60,
          20
        ],
        "_iconAnchor": [
          30,
          10
        ]
      },
      "geometry": {
        "type": "Point",
        "coordinates": [
          136.8844472575,
          37.358253627500005
        ]
      }
    },
    {
      "type": "Feature",
      "properties": {
        "code": "07ED834",
        "_markerType": "DivIcon",
        "_html": "<div style='font-size: 10px; color: #ff0000; font-weight: bold; text-shadow: 1px 1px 2px white, -1px -1px 2px white, 1px -1px 2px white, -1px 1px 2px white; white-space: nowrap;'>07ED834</div>",
        "_iconSize": [
          60,
          20
        ],
        "_iconAnchor": [
          30,
          10
        ]
      },
      "geometry": {
        "type": "Point",
        "coordinates": [
          136.8843459675,
          37.385286772499995
        ]
      }
    },
    {
      "type": "Feature",
      "properties": {
        "code": "07ED833",
        "_markerType": "DivIcon",
        "_html": "<div style='font-size: 10px; color: #ff0000; font-weight: bold; text-shadow: 1px 1px 2px white, -1px -1px 2px white, 1px -1px 2px white, -1px 1px 2px white; white-space: nowrap;'>07ED833</div>",
        "_iconSize": [
          60,
          20
        ],
        "_iconAnchor": [
          30,
          10
        ]
      },
      "geometry": {
        "type": "Point",
        "coordinates": [
          136.8617605925,
          37.3852306975
        ]
      }
    },
    {
      "type": "Feature",
      "properties": {
        "code": "07ED831",
        "_markerType": "DivIcon",
        "_html": "<div style='font-size: 10px; color: #ff0000; font-weight: bold; text-shadow: 1px 1px 2px white, -1px -1px 2px white, 1px -1px 2px white, -1px 1px 2px white; white-space: nowrap;'>07ED831</div>",
        "_iconSize": [
          60,
          20
        ],
        "_iconAnchor": [
          30,
          10
        ]
      },
      "geometry": {
        "type": "Point",
        "coordinates": [
          136.86170584,
          37.3987471975
        ]
      }
    },
    {
      "type": "Feature",
      "properties": {
        "code": "07ED841",
        "_markerType": "DivIcon",
        "_html": "<div style='font-size: 10px; color: #ff0000; font-weight: bold; text-shadow: 1px 1px 2px white, -1px -1px 2px white, 1px -1px 2px white, -1px 1px 2px white; white-space: nowrap;'>07ED841</div>",
        "_iconSize": [
          60,
          20
        ],
        "_iconAnchor": [
          30,
          10
        ]
      },
      "geometry": {
        "type": "Point",
        "coordinates": [
          136.9068847625,
          37.398855085
        ]
      }
    },
    {
      "type": "Feature",
      "properties": {
        "code": "07ED843",
        "_markerType": "DivIcon",
        "_html": "<div style='font-size: 10px; color: #ff0000; font-weight: bold; text-shadow: 1px 1px 2px white, -1px -1px 2px white, 1px -1px 2px white, -1px 1px 2px white; white-space: nowrap;'>07ED843</div>",
        "_iconSize": [
          60,
          20
        ],
        "_iconAnchor": [
          30,
          10
        ]
      },
      "geometry": {
        "type": "Point",
        "coordinates": [
          136.9069314025,
          37.385338535
        ]
      }
    },
    {
      "type": "Feature",
      "properties": {
        "code": "07ED844",
        "_markerType": "DivIcon",
        "_html": "<div style='font-size: 10px; color: #ff0000; font-weight: bold; text-shadow: 1px 1px 2px white, -1px -1px 2px white, 1px -1px 2px white, -1px 1px 2px white; white-space: nowrap;'>07ED844</div>",
        "_iconSize": [
          60,
          20
        ],
        "_iconAnchor": [
          30,
          10
        ]
      },
      "geometry": {
        "type": "Point",
        "coordinates": [
          136.9295168925,
          37.385385985
        ]
      }
    },
    {
      "type": "Feature",
      "properties": {
        "code": "07ED842",
        "_markerType": "DivIcon",
        "_html": "<div style='font-size: 10px; color: #ff0000; font-weight: bold; text-shadow: 1px 1px 2px white, -1px -1px 2px white, 1px -1px 2px white, -1px 1px 2px white; white-space: nowrap;'>07ED842</div>",
        "_iconSize": [
          60,
          20
        ],
        "_iconAnchor": [
          30,
          10
        ]
      },
      "geometry": {
        "type": "Point",
        "coordinates": [
          136.92947431,
          37.3989025575
        ]
      }
    },
    {
      "type": "Feature",
      "properties": {
        "code": "07ED851",
        "_markerType": "DivIcon",
        "_html": "<div style='font-size: 10px; color: #ff0000; font-weight: bold; text-shadow: 1px 1px 2px white, -1px -1px 2px white, 1px -1px 2px white, -1px 1px 2px white; white-space: nowrap;'>07ED851</div>",
        "_iconSize": [
          60,
          20
        ],
        "_iconAnchor": [
          30,
          10
        ]
      },
      "geometry": {
        "type": "Point",
        "coordinates": [
          136.95206390500002,
          37.398945715
        ]
      }
    },
    {
      "type": "Feature",
      "properties": {
        "code": "07ED852",
        "_markerType": "DivIcon",
        "_html": "<div style='font-size: 10px; color: #ff0000; font-weight: bold; text-shadow: 1px 1px 2px white, -1px -1px 2px white, 1px -1px 2px white, -1px 1px 2px white; white-space: nowrap;'>07ED852</div>",
        "_iconSize": [
          60,
          20
        ],
        "_iconAnchor": [
          30,
          10
        ]
      },
      "geometry": {
        "type": "Point",
        "coordinates": [
          136.9746535475,
          37.398984555
        ]
      }
    },
    {
      "type": "Feature",
      "properties": {
        "code": "07ED854",
        "_markerType": "DivIcon",
        "_html": "<div style='font-size: 10px; color: #ff0000; font-weight: bold; text-shadow: 1px 1px 2px white, -1px -1px 2px white, 1px -1px 2px white, -1px 1px 2px white; white-space: nowrap;'>07ED854</div>",
        "_iconSize": [
          60,
          20
        ],
        "_iconAnchor": [
          30,
          10
        ]
      },
      "geometry": {
        "type": "Point",
        "coordinates": [
          136.97468802,
          37.38546794
        ]
      }
    },
    {
      "type": "Feature",
      "properties": {
        "code": "07ED853",
        "_markerType": "DivIcon",
        "_html": "<div style='font-size: 10px; color: #ff0000; font-weight: bold; text-shadow: 1px 1px 2px white, -1px -1px 2px white, 1px -1px 2px white, -1px 1px 2px white; white-space: nowrap;'>07ED853</div>",
        "_iconSize": [
          60,
          20
        ],
        "_iconAnchor": [
          30,
          10
        ]
      },
      "geometry": {
        "type": "Point",
        "coordinates": [
          136.9521024325,
          37.38542912
        ]
      }
    },
    {
      "type": "Feature",
      "properties": {
        "code": "07ED951",
        "_markerType": "DivIcon",
        "_html": "<div style='font-size: 10px; color: #ff0000; font-weight: bold; text-shadow: 1px 1px 2px white, -1px -1px 2px white, 1px -1px 2px white, -1px 1px 2px white; white-space: nowrap;'>07ED951</div>",
        "_iconSize": [
          60,
          20
        ],
        "_iconAnchor": [
          30,
          10
        ]
      },
      "geometry": {
        "type": "Point",
        "coordinates": [
          136.952140935,
          37.371912495000004
        ]
      }
    },
    {
      "type": "Feature",
      "properties": {
        "code": "07ED953",
        "_markerType": "DivIcon",
        "_html": "<div style='font-size: 10px; color: #ff0000; font-weight: bold; text-shadow: 1px 1px 2px white, -1px -1px 2px white, 1px -1px 2px white, -1px 1px 2px white; white-space: nowrap;'>07ED953</div>",
        "_iconSize": [
          60,
          20
        ],
        "_iconAnchor": [
          30,
          10
        ]
      },
      "geometry": {
        "type": "Point",
        "coordinates": [
          136.95217941250002,
          37.358395834999996
        ]
      }
    },
    {
      "type": "Feature",
      "properties": {
        "code": "07FD051",
        "_markerType": "DivIcon",
        "_html": "<div style='font-size: 10px; color: #ff0000; font-weight: bold; text-shadow: 1px 1px 2px white, -1px -1px 2px white, 1px -1px 2px white, -1px 1px 2px white; white-space: nowrap;'>07FD051</div>",
        "_iconSize": [
          60,
          20
        ],
        "_iconAnchor": [
          30,
          10
        ]
      },
      "geometry": {
        "type": "Point",
        "coordinates": [
          136.952217865,
          37.344879145
        ]
      }
    },
    {
      "type": "Feature",
      "properties": {
        "code": "07FD052",
        "_markerType": "DivIcon",
        "_html": "<div style='font-size: 10px; color: #ff0000; font-weight: bold; text-shadow: 1px 1px 2px white, -1px -1px 2px white, 1px -1px 2px white, -1px 1px 2px white; white-space: nowrap;'>07FD052</div>",
        "_iconSize": [
          60,
          20
        ],
        "_iconAnchor": [
          30,
          10
        ]
      },
      "geometry": {
        "type": "Point",
        "coordinates": [
          136.9747912975,
          37.34491791
        ]
      }
    },
    {
      "type": "Feature",
      "properties": {
        "code": "07ED952",
        "_markerType": "DivIcon",
        "_html": "<div style='font-size: 10px; color: #ff0000; font-weight: bold; text-shadow: 1px 1px 2px white, -1px -1px 2px white, 1px -1px 2px white, -1px 1px 2px white; white-space: nowrap;'>07ED952</div>",
        "_iconSize": [
          60,
          20
        ],
        "_iconAnchor": [
          30,
          10
        ]
      },
      "geometry": {
        "type": "Point",
        "coordinates": [
          136.9747224675,
          37.371951295
        ]
      }
    },
    {
      "type": "Feature",
      "properties": {
        "code": "07ED961",
        "_markerType": "DivIcon",
        "_html": "<div style='font-size: 10px; color: #ff0000; font-weight: bold; text-shadow: 1px 1px 2px white, -1px -1px 2px white, 1px -1px 2px white, -1px 1px 2px white; white-space: nowrap;'>07ED961</div>",
        "_iconSize": [
          60,
          20
        ],
        "_iconAnchor": [
          30,
          10
        ]
      },
      "geometry": {
        "type": "Point",
        "coordinates": [
          136.9973040425,
          37.371985785
        ]
      }
    },
    {
      "type": "Feature",
      "properties": {
        "code": "07ED963",
        "_markerType": "DivIcon",
        "_html": "<div style='font-size: 10px; color: #ff0000; font-weight: bold; text-shadow: 1px 1px 2px white, -1px -1px 2px white, 1px -1px 2px white, -1px 1px 2px white; white-space: nowrap;'>07ED963</div>",
        "_iconSize": [
          60,
          20
        ],
        "_iconAnchor": [
          30,
          10
        ]
      },
      "geometry": {
        "type": "Point",
        "coordinates": [
          136.99733441749999,
          37.3584690925
        ]
      }
    },
    {
      "type": "Feature",
      "properties": {
        "code": "07FD061",
        "_markerType": "DivIcon",
        "_html": "<div style='font-size: 10px; color: #ff0000; font-weight: bold; text-shadow: 1px 1px 2px white, -1px -1px 2px white, 1px -1px 2px white, -1px 1px 2px white; white-space: nowrap;'>07FD061</div>",
        "_iconSize": [
          60,
          20
        ],
        "_iconAnchor": [
          30,
          10
        ]
      },
      "geometry": {
        "type": "Point",
        "coordinates": [
          136.997364775,
          37.34495237
        ]
      }
    },
    {
      "type": "Feature",
      "properties": {
        "code": "07ED964",
        "_markerType": "DivIcon",
        "_html": "<div style='font-size: 10px; color: #ff0000; font-weight: bold; text-shadow: 1px 1px 2px white, -1px -1px 2px white, 1px -1px 2px white, -1px 1px 2px white; white-space: nowrap;'>07ED964</div>",
        "_iconSize": [
          60,
          20
        ],
        "_iconAnchor": [
          30,
          10
        ]
      },
      "geometry": {
        "type": "Point",
        "coordinates": [
          137.01991198,
          37.35849926
        ]
      }
    },
    {
      "type": "Feature",
      "properties": {
        "code": "07ED962",
        "_markerType": "DivIcon",
        "_html": "<div style='font-size: 10px; color: #ff0000; font-weight: bold; text-shadow: 1px 1px 2px white, -1px -1px 2px white, 1px -1px 2px white, -1px 1px 2px white; white-space: nowrap;'>07ED962</div>",
        "_iconSize": [
          60,
          20
        ],
        "_iconAnchor": [
          30,
          10
        ]
      },
      "geometry": {
        "type": "Point",
        "coordinates": [
          137.0198856525,
          37.3720159675
        ]
      }
    },
    {
      "type": "Feature",
      "properties": {
        "code": "07ED864",
        "_markerType": "DivIcon",
        "_html": "<div style='font-size: 10px; color: #ff0000; font-weight: bold; text-shadow: 1px 1px 2px white, -1px -1px 2px white, 1px -1px 2px white, -1px 1px 2px white; white-space: nowrap;'>07ED864</div>",
        "_iconSize": [
          60,
          20
        ],
        "_iconAnchor": [
          30,
          10
        ]
      },
      "geometry": {
        "type": "Point",
        "coordinates": [
          137.01985931000002,
          37.385532645
        ]
      }
    },
    {
      "type": "Feature",
      "properties": {
        "code": "07ED863",
        "_markerType": "DivIcon",
        "_html": "<div style='font-size: 10px; color: #ff0000; font-weight: bold; text-shadow: 1px 1px 2px white, -1px -1px 2px white, 1px -1px 2px white, -1px 1px 2px white; white-space: nowrap;'>07ED863</div>",
        "_iconSize": [
          60,
          20
        ],
        "_iconAnchor": [
          30,
          10
        ]
      },
      "geometry": {
        "type": "Point",
        "coordinates": [
          136.9972736475,
          37.3855024475
        ]
      }
    },
    {
      "type": "Feature",
      "properties": {
        "code": "07ED861",
        "_markerType": "DivIcon",
        "_html": "<div style='font-size: 10px; color: #ff0000; font-weight: bold; text-shadow: 1px 1px 2px white, -1px -1px 2px white, 1px -1px 2px white, -1px 1px 2px white; white-space: nowrap;'>07ED861</div>",
        "_iconSize": [
          60,
          20
        ],
        "_iconAnchor": [
          30,
          10
        ]
      },
      "geometry": {
        "type": "Point",
        "coordinates": [
          136.99724323,
          37.399019079999995
        ]
      }
    },
    {
      "type": "Feature",
      "properties": {
        "code": "07ED764",
        "_markerType": "DivIcon",
        "_html": "<div style='font-size: 10px; color: #ff0000; font-weight: bold; text-shadow: 1px 1px 2px white, -1px -1px 2px white, 1px -1px 2px white, -1px 1px 2px white; white-space: nowrap;'>07ED764</div>",
        "_iconSize": [
          60,
          20
        ],
        "_iconAnchor": [
          30,
          10
        ]
      },
      "geometry": {
        "type": "Point",
        "coordinates": [
          137.019806565,
          37.412565905
        ]
      }
    },
    {
      "type": "Feature",
      "properties": {
        "code": "07ED762",
        "_markerType": "DivIcon",
        "_html": "<div style='font-size: 10px; color: #ff0000; font-weight: bold; text-shadow: 1px 1px 2px white, -1px -1px 2px white, 1px -1px 2px white, -1px 1px 2px white; white-space: nowrap;'>07ED762</div>",
        "_iconSize": [
          60,
          20
        ],
        "_iconAnchor": [
          30,
          10
        ]
      },
      "geometry": {
        "type": "Point",
        "coordinates": [
          137.01978016750002,
          37.426082487500004
        ]
      }
    },
    {
      "type": "Feature",
      "properties": {
        "code": "07ED761",
        "_markerType": "DivIcon",
        "_html": "<div style='font-size: 10px; color: #ff0000; font-weight: bold; text-shadow: 1px 1px 2px white, -1px -1px 2px white, 1px -1px 2px white, -1px 1px 2px white; white-space: nowrap;'>07ED761</div>",
        "_iconSize": [
          60,
          20
        ],
        "_iconAnchor": [
          30,
          10
        ]
      },
      "geometry": {
        "type": "Point",
        "coordinates": [
          136.99718233,
          37.42605225
        ]
      }
    },
    {
      "type": "Feature",
      "properties": {
        "code": "07ED754",
        "_markerType": "DivIcon",
        "_html": "<div style='font-size: 10px; color: #ff0000; font-weight: bold; text-shadow: 1px 1px 2px white, -1px -1px 2px white, 1px -1px 2px white, -1px 1px 2px white; white-space: nowrap;'>07ED754</div>",
        "_iconSize": [
          60,
          20
        ],
        "_iconAnchor": [
          30,
          10
        ]
      },
      "geometry": {
        "type": "Point",
        "coordinates": [
          136.97461905,
          37.41250114
        ]
      }
    },
    {
      "type": "Feature",
      "properties": {
        "code": "07ED753",
        "_markerType": "DivIcon",
        "_html": "<div style='font-size: 10px; color: #ff0000; font-weight: bold; text-shadow: 1px 1px 2px white, -1px -1px 2px white, 1px -1px 2px white, -1px 1px 2px white; white-space: nowrap;'>07ED753</div>",
        "_iconSize": [
          60,
          20
        ],
        "_iconAnchor": [
          30,
          10
        ]
      },
      "geometry": {
        "type": "Point",
        "coordinates": [
          136.95202534999999,
          37.41246228
        ]
      }
    },
    {
      "type": "Feature",
      "properties": {
        "code": "07ED743",
        "_markerType": "DivIcon",
        "_html": "<div style='font-size: 10px; color: #ff0000; font-weight: bold; text-shadow: 1px 1px 2px white, -1px -1px 2px white, 1px -1px 2px white, -1px 1px 2px white; white-space: nowrap;'>07ED743</div>",
        "_iconSize": [
          60,
          20
        ],
        "_iconAnchor": [
          30,
          10
        ]
      },
      "geometry": {
        "type": "Point",
        "coordinates": [
          136.90683809,
          37.412371605000004
        ]
      }
    },
    {
      "type": "Feature",
      "properties": {
        "code": "07ED904",
        "_markerType": "DivIcon",
        "_html": "<div style='font-size: 10px; color: #ff0000; font-weight: bold; text-shadow: 1px 1px 2px white, -1px -1px 2px white, 1px -1px 2px white, -1px 1px 2px white; white-space: nowrap;'>07ED904</div>",
        "_iconSize": [
          60,
          20
        ],
        "_iconAnchor": [
          30,
          10
        ]
      },
      "geometry": {
        "type": "Point",
        "coordinates": [
          136.74898469750002,
          37.357852865
        ]
      }
    },
    {
      "type": "Feature",
      "properties": {
        "code": "07ED814",
        "_markerType": "DivIcon",
        "_html": "<div style='font-size: 10px; color: #ff0000; font-weight: bold; text-shadow: 1px 1px 2px white, -1px -1px 2px white, 1px -1px 2px white, -1px 1px 2px white; white-space: nowrap;'>07ED814</div>",
        "_iconSize": [
          60,
          20
        ],
        "_iconAnchor": [
          30,
          10
        ]
      },
      "geometry": {
        "type": "Point",
        "coordinates": [
          136.79400488,
          37.3850365925
        ]
      }
    },
    {
      "type": "Feature",
      "properties": {
        "code": "07ED822",
        "_markerType": "DivIcon",
        "_html": "<div style='font-size: 10px; color: #ff0000; font-weight: bold; text-shadow: 1px 1px 2px white, -1px -1px 2px white, 1px -1px 2px white, -1px 1px 2px white; white-space: nowrap;'>07ED822</div>",
        "_iconSize": [
          60,
          20
        ],
        "_iconAnchor": [
          30,
          10
        ]
      },
      "geometry": {
        "type": "Point",
        "coordinates": [
          136.839116475,
          37.3986867775
        ]
      }
    },
    {
      "type": "Feature",
      "properties": {
        "code": "07ED824",
        "_markerType": "DivIcon",
        "_html": "<div style='font-size: 10px; color: #ff0000; font-weight: bold; text-shadow: 1px 1px 2px white, -1px -1px 2px white, 1px -1px 2px white, -1px 1px 2px white; white-space: nowrap;'>07ED824</div>",
        "_iconSize": [
          60,
          20
        ],
        "_iconAnchor": [
          30,
          10
        ]
      },
      "geometry": {
        "type": "Point",
        "coordinates": [
          136.8391752825,
          37.385170307500005
        ]
      }
    },
    {
      "type": "Feature",
      "properties": {
        "code": "07ED823",
        "_markerType": "DivIcon",
        "_html": "<div style='font-size: 10px; color: #ff0000; font-weight: bold; text-shadow: 1px 1px 2px white, -1px -1px 2px white, 1px -1px 2px white, -1px 1px 2px white; white-space: nowrap;'>07ED823</div>",
        "_iconSize": [
          60,
          20
        ],
        "_iconAnchor": [
          30,
          10
        ]
      },
      "geometry": {
        "type": "Point",
        "coordinates": [
          136.816590045,
          37.3851056075
        ]
      }
    },
    {
      "type": "Feature",
      "properties": {
        "code": "07ED921",
        "_markerType": "DivIcon",
        "_html": "<div style='font-size: 10px; color: #ff0000; font-weight: bold; text-shadow: 1px 1px 2px white, -1px -1px 2px white, 1px -1px 2px white, -1px 1px 2px white; white-space: nowrap;'>07ED921</div>",
        "_iconSize": [
          60,
          20
        ],
        "_iconAnchor": [
          30,
          10
        ]
      },
      "geometry": {
        "type": "Point",
        "coordinates": [
          136.816652865,
          37.3715891375
        ]
      }
    },
    {
      "type": "Feature",
      "properties": {
        "code": "07ED923",
        "_markerType": "DivIcon",
        "_html": "<div style='font-size: 10px; color: #ff0000; font-weight: bold; text-shadow: 1px 1px 2px white, -1px -1px 2px white, 1px -1px 2px white, -1px 1px 2px white; white-space: nowrap;'>07ED923</div>",
        "_iconSize": [
          60,
          20
        ],
        "_iconAnchor": [
          30,
          10
        ]
      },
      "geometry": {
        "type": "Point",
        "coordinates": [
          136.8167156425,
          37.358072637499994
        ]
      }
    },
    {
      "type": "Feature",
      "properties": {
        "code": "07ED922",
        "_markerType": "DivIcon",
        "_html": "<div style='font-size: 10px; color: #ff0000; font-weight: bold; text-shadow: 1px 1px 2px white, -1px -1px 2px white, 1px -1px 2px white, -1px 1px 2px white; white-space: nowrap;'>07ED922</div>",
        "_iconSize": [
          60,
          20
        ],
        "_iconAnchor": [
          30,
          10
        ]
      },
      "geometry": {
        "type": "Point",
        "coordinates": [
          136.83923405000002,
          37.3716538075
        ]
      }
    },
    {
      "type": "Feature",
      "properties": {
        "code": "07ED924",
        "_markerType": "DivIcon",
        "_html": "<div style='font-size: 10px; color: #ff0000; font-weight: bold; text-shadow: 1px 1px 2px white, -1px -1px 2px white, 1px -1px 2px white, -1px 1px 2px white; white-space: nowrap;'>07ED924</div>",
        "_iconSize": [
          60,
          20
        ],
        "_iconAnchor": [
          30,
          10
        ]
      },
      "geometry": {
        "type": "Point",
        "coordinates": [
          136.83929278,
          37.3581372775
        ]
      }
    },
    {
      "type": "Feature",
      "properties": {
        "code": "07FD022",
        "_markerType": "DivIcon",
        "_html": "<div style='font-size: 10px; color: #ff0000; font-weight: bold; text-shadow: 1px 1px 2px white, -1px -1px 2px white, 1px -1px 2px white, -1px 1px 2px white; white-space: nowrap;'>07FD022</div>",
        "_iconSize": [
          60,
          20
        ],
        "_iconAnchor": [
          30,
          10
        ]
      },
      "geometry": {
        "type": "Point",
        "coordinates": [
          136.8393514675,
          37.3446207125
        ]
      }
    },
    {
      "type": "Feature",
      "properties": {
        "code": "07FD021",
        "_markerType": "DivIcon",
        "_html": "<div style='font-size: 10px; color: #ff0000; font-weight: bold; text-shadow: 1px 1px 2px white, -1px -1px 2px white, 1px -1px 2px white, -1px 1px 2px white; white-space: nowrap;'>07FD021</div>",
        "_iconSize": [
          60,
          20
        ],
        "_iconAnchor": [
          30,
          10
        ]
      },
      "geometry": {
        "type": "Point",
        "coordinates": [
          136.8167783775,
          37.344556104999995
        ]
      }
    },
    {
      "type": "Feature",
      "properties": {
        "code": "07FD012",
        "_markerType": "DivIcon",
        "_html": "<div style='font-size: 10px; color: #ff0000; font-weight: bold; text-shadow: 1px 1px 2px white, -1px -1px 2px white, 1px -1px 2px white, -1px 1px 2px white; white-space: nowrap;'>07FD012</div>",
        "_iconSize": [
          60,
          20
        ],
        "_iconAnchor": [
          30,
          10
        ]
      },
      "geometry": {
        "type": "Point",
        "coordinates": [
          136.7942053625,
          37.3444871925
        ]
      }
    },
    {
      "type": "Feature",
      "properties": {
        "code": "07ED912",
        "_markerType": "DivIcon",
        "_html": "<div style='font-size: 10px; color: #ff0000; font-weight: bold; text-shadow: 1px 1px 2px white, -1px -1px 2px white, 1px -1px 2px white, -1px 1px 2px white; white-space: nowrap;'>07ED912</div>",
        "_iconSize": [
          60,
          20
        ],
        "_iconAnchor": [
          30,
          10
        ]
      },
      "geometry": {
        "type": "Point",
        "coordinates": [
          136.7940717525,
          37.371520155
        ]
      }
    },
    {
      "type": "Feature",
      "properties": {
        "code": "07ED914",
        "_markerType": "DivIcon",
        "_html": "<div style='font-size: 10px; color: #ff0000; font-weight: bold; text-shadow: 1px 1px 2px white, -1px -1px 2px white, 1px -1px 2px white, -1px 1px 2px white; white-space: nowrap;'>07ED914</div>",
        "_iconSize": [
          60,
          20
        ],
        "_iconAnchor": [
          30,
          10
        ]
      },
      "geometry": {
        "type": "Point",
        "coordinates": [
          136.79413857749998,
          37.35800369
        ]
      }
    },
    {
      "type": "Feature",
      "properties": {
        "code": "07ED911",
        "_markerType": "DivIcon",
        "_html": "<div style='font-size: 10px; color: #ff0000; font-weight: bold; text-shadow: 1px 1px 2px white, -1px -1px 2px white, 1px -1px 2px white, -1px 1px 2px white; white-space: nowrap;'>07ED911</div>",
        "_iconSize": [
          60,
          20
        ],
        "_iconAnchor": [
          30,
          10
        ]
      },
      "geometry": {
        "type": "Point",
        "coordinates": [
          136.77149072,
          37.3714468625
        ]
      }
    },
    {
      "type": "Feature",
      "properties": {
        "code": "07ED913",
        "_markerType": "DivIcon",
        "_html": "<div style='font-size: 10px; color: #ff0000; font-weight: bold; text-shadow: 1px 1px 2px white, -1px -1px 2px white, 1px -1px 2px white, -1px 1px 2px white; white-space: nowrap;'>07ED913</div>",
        "_iconSize": [
          60,
          20
        ],
        "_iconAnchor": [
          30,
          10
        ]
      },
      "geometry": {
        "type": "Point",
        "coordinates": [
          136.771561595,
          37.3579304325
        ]
      }
    },
    {
      "type": "Feature",
      "properties": {
        "code": "07FD011",
        "_markerType": "DivIcon",
        "_html": "<div style='font-size: 10px; color: #ff0000; font-weight: bold; text-shadow: 1px 1px 2px white, -1px -1px 2px white, 1px -1px 2px white, -1px 1px 2px white; white-space: nowrap;'>07FD011</div>",
        "_iconSize": [
          60,
          20
        ],
        "_iconAnchor": [
          30,
          10
        ]
      },
      "geometry": {
        "type": "Point",
        "coordinates": [
          136.771632425,
          37.344413970000005
        ]
      }
    },
    {
      "type": "Feature",
      "properties": {
        "code": "07FD013",
        "_markerType": "DivIcon",
        "_html": "<div style='font-size: 10px; color: #ff0000; font-weight: bold; text-shadow: 1px 1px 2px white, -1px -1px 2px white, 1px -1px 2px white, -1px 1px 2px white; white-space: nowrap;'>07FD013</div>",
        "_iconSize": [
          60,
          20
        ],
        "_iconAnchor": [
          30,
          10
        ]
      },
      "geometry": {
        "type": "Point",
        "coordinates": [
          136.7717032075,
          37.330897475
        ]
      }
    },
    {
      "type": "Feature",
      "properties": {
        "code": "07FD111",
        "_markerType": "DivIcon",
        "_html": "<div style='font-size: 10px; color: #ff0000; font-weight: bold; text-shadow: 1px 1px 2px white, -1px -1px 2px white, 1px -1px 2px white, -1px 1px 2px white; white-space: nowrap;'>07FD111</div>",
        "_iconSize": [
          60,
          20
        ],
        "_iconAnchor": [
          30,
          10
        ]
      },
      "geometry": {
        "type": "Point",
        "coordinates": [
          136.771773945,
          37.31738095
        ]
      }
    },
    {
      "type": "Feature",
      "properties": {
        "code": "07FD112",
        "_markerType": "DivIcon",
        "_html": "<div style='font-size: 10px; color: #ff0000; font-weight: bold; text-shadow: 1px 1px 2px white, -1px -1px 2px white, 1px -1px 2px white, -1px 1px 2px white; white-space: nowrap;'>07FD112</div>",
        "_iconSize": [
          60,
          20
        ],
        "_iconAnchor": [
          30,
          10
        ]
      },
      "geometry": {
        "type": "Point",
        "coordinates": [
          136.794338795,
          37.3174541025
        ]
      }
    },
    {
      "type": "Feature",
      "properties": {
        "code": "07FD014",
        "_markerType": "DivIcon",
        "_html": "<div style='font-size: 10px; color: #ff0000; font-weight: bold; text-shadow: 1px 1px 2px white, -1px -1px 2px white, 1px -1px 2px white, -1px 1px 2px white; white-space: nowrap;'>07FD014</div>",
        "_iconSize": [
          60,
          20
        ],
        "_iconAnchor": [
          30,
          10
        ]
      },
      "geometry": {
        "type": "Point",
        "coordinates": [
          136.7942721,
          37.3309706625
        ]
      }
    },
    {
      "type": "Feature",
      "properties": {
        "code": "07FD023",
        "_markerType": "DivIcon",
        "_html": "<div style='font-size: 10px; color: #ff0000; font-weight: bold; text-shadow: 1px 1px 2px white, -1px -1px 2px white, 1px -1px 2px white, -1px 1px 2px white; white-space: nowrap;'>07FD023</div>",
        "_iconSize": [
          60,
          20
        ],
        "_iconAnchor": [
          30,
          10
        ]
      },
      "geometry": {
        "type": "Point",
        "coordinates": [
          136.81684107,
          37.3310395425
        ]
      }
    },
    {
      "type": "Feature",
      "properties": {
        "code": "07FD024",
        "_markerType": "DivIcon",
        "_html": "<div style='font-size: 10px; color: #ff0000; font-weight: bold; text-shadow: 1px 1px 2px white, -1px -1px 2px white, 1px -1px 2px white, -1px 1px 2px white; white-space: nowrap;'>07FD024</div>",
        "_iconSize": [
          60,
          20
        ],
        "_iconAnchor": [
          30,
          10
        ]
      },
      "geometry": {
        "type": "Point",
        "coordinates": [
          136.839410115,
          37.331104117500004
        ]
      }
    },
    {
      "type": "Feature",
      "properties": {
        "code": "07FD122",
        "_markerType": "DivIcon",
        "_html": "<div style='font-size: 10px; color: #ff0000; font-weight: bold; text-shadow: 1px 1px 2px white, -1px -1px 2px white, 1px -1px 2px white, -1px 1px 2px white; white-space: nowrap;'>07FD122</div>",
        "_iconSize": [
          60,
          20
        ],
        "_iconAnchor": [
          30,
          10
        ]
      },
      "geometry": {
        "type": "Point",
        "coordinates": [
          136.83946872500002,
          37.317587495
        ]
      }
    },
    {
      "type": "Feature",
      "properties": {
        "code": "07FD121",
        "_markerType": "DivIcon",
        "_html": "<div style='font-size: 10px; color: #ff0000; font-weight: bold; text-shadow: 1px 1px 2px white, -1px -1px 2px white, 1px -1px 2px white, -1px 1px 2px white; white-space: nowrap;'>07FD121</div>",
        "_iconSize": [
          60,
          20
        ],
        "_iconAnchor": [
          30,
          10
        ]
      },
      "geometry": {
        "type": "Point",
        "coordinates": [
          136.8169037225,
          37.3175229525
        ]
      }
    },
    {
      "type": "Feature",
      "properties": {
        "code": "07FD123",
        "_markerType": "DivIcon",
        "_html": "<div style='font-size: 10px; color: #ff0000; font-weight: bold; text-shadow: 1px 1px 2px white, -1px -1px 2px white, 1px -1px 2px white, -1px 1px 2px white; white-space: nowrap;'>07FD123</div>",
        "_iconSize": [
          60,
          20
        ],
        "_iconAnchor": [
          30,
          10
        ]
      },
      "geometry": {
        "type": "Point",
        "coordinates": [
          136.8169663325,
          37.3040063275
        ]
      }
    },
    {
      "type": "Feature",
      "properties": {
        "code": "07FD221",
        "_markerType": "DivIcon",
        "_html": "<div style='font-size: 10px; color: #ff0000; font-weight: bold; text-shadow: 1px 1px 2px white, -1px -1px 2px white, 1px -1px 2px white, -1px 1px 2px white; white-space: nowrap;'>07FD221</div>",
        "_iconSize": [
          60,
          20
        ],
        "_iconAnchor": [
          30,
          10
        ]
      },
      "geometry": {
        "type": "Point",
        "coordinates": [
          136.81702890000003,
          37.29048967
        ]
      }
    },
    {
      "type": "Feature",
      "properties": {
        "code": "07FD124",
        "_markerType": "DivIcon",
        "_html": "<div style='font-size: 10px; color: #ff0000; font-weight: bold; text-shadow: 1px 1px 2px white, -1px -1px 2px white, 1px -1px 2px white, -1px 1px 2px white; white-space: nowrap;'>07FD124</div>",
        "_iconSize": [
          60,
          20
        ],
        "_iconAnchor": [
          30,
          10
        ]
      },
      "geometry": {
        "type": "Point",
        "coordinates": [
          136.83952729499998,
          37.304070839999994
        ]
      }
    },
    {
      "type": "Feature",
      "properties": {
        "code": "07FD222",
        "_markerType": "DivIcon",
        "_html": "<div style='font-size: 10px; color: #ff0000; font-weight: bold; text-shadow: 1px 1px 2px white, -1px -1px 2px white, 1px -1px 2px white, -1px 1px 2px white; white-space: nowrap;'>07FD222</div>",
        "_iconSize": [
          60,
          20
        ],
        "_iconAnchor": [
          30,
          10
        ]
      },
      "geometry": {
        "type": "Point",
        "coordinates": [
          136.8395858275,
          37.29055415249999
        ]
      }
    },
    {
      "type": "Feature",
      "properties": {
        "code": "07FD224",
        "_markerType": "DivIcon",
        "_html": "<div style='font-size: 10px; color: #ff0000; font-weight: bold; text-shadow: 1px 1px 2px white, -1px -1px 2px white, 1px -1px 2px white, -1px 1px 2px white; white-space: nowrap;'>07FD224</div>",
        "_iconSize": [
          60,
          20
        ],
        "_iconAnchor": [
          30,
          10
        ]
      },
      "geometry": {
        "type": "Point",
        "coordinates": [
          136.83964432250002,
          37.2770374325
        ]
      }
    },
    {
      "type": "Feature",
      "properties": {
        "code": "07FD214",
        "_markerType": "DivIcon",
        "_html": "<div style='font-size: 10px; color: #ff0000; font-weight: bold; text-shadow: 1px 1px 2px white, -1px -1px 2px white, 1px -1px 2px white, -1px 1px 2px white; white-space: nowrap;'>07FD214</div>",
        "_iconSize": [
          60,
          20
        ],
        "_iconAnchor": [
          30,
          10
        ]
      },
      "geometry": {
        "type": "Point",
        "coordinates": [
          136.79453861000002,
          37.276904234999996
        ]
      }
    },
    {
      "type": "Feature",
      "properties": {
        "code": "07FD114",
        "_markerType": "DivIcon",
        "_html": "<div style='font-size: 10px; color: #ff0000; font-weight: bold; text-shadow: 1px 1px 2px white, -1px -1px 2px white, 1px -1px 2px white, -1px 1px 2px white; white-space: nowrap;'>07FD114</div>",
        "_iconSize": [
          60,
          20
        ],
        "_iconAnchor": [
          30,
          10
        ]
      },
      "geometry": {
        "type": "Point",
        "coordinates": [
          136.794405445,
          37.30393751
        ]
      }
    },
    {
      "type": "Feature",
      "properties": {
        "code": "07FD212",
        "_markerType": "DivIcon",
        "_html": "<div style='font-size: 10px; color: #ff0000; font-weight: bold; text-shadow: 1px 1px 2px white, -1px -1px 2px white, 1px -1px 2px white, -1px 1px 2px white; white-space: nowrap;'>07FD212</div>",
        "_iconSize": [
          60,
          20
        ],
        "_iconAnchor": [
          30,
          10
        ]
      },
      "geometry": {
        "type": "Point",
        "coordinates": [
          136.7944720475,
          37.290420887500005
        ]
      }
    },
    {
      "type": "Feature",
      "properties": {
        "code": "07FD113",
        "_markerType": "DivIcon",
        "_html": "<div style='font-size: 10px; color: #ff0000; font-weight: bold; text-shadow: 1px 1px 2px white, -1px -1px 2px white, 1px -1px 2px white, -1px 1px 2px white; white-space: nowrap;'>07FD113</div>",
        "_iconSize": [
          60,
          20
        ],
        "_iconAnchor": [
          30,
          10
        ]
      },
      "geometry": {
        "type": "Point",
        "coordinates": [
          136.771844635,
          37.303864395
        ]
      }
    },
    {
      "type": "Feature",
      "properties": {
        "code": "07FD211",
        "_markerType": "DivIcon",
        "_html": "<div style='font-size: 10px; color: #ff0000; font-weight: bold; text-shadow: 1px 1px 2px white, -1px -1px 2px white, 1px -1px 2px white, -1px 1px 2px white; white-space: nowrap;'>07FD211</div>",
        "_iconSize": [
          60,
          20
        ],
        "_iconAnchor": [
          30,
          10
        ]
      },
      "geometry": {
        "type": "Point",
        "coordinates": [
          136.7719152725,
          37.2903478075
        ]
      }
    },
    {
      "type": "Feature",
      "properties": {
        "code": "07FD213",
        "_markerType": "DivIcon",
        "_html": "<div style='font-size: 10px; color: #ff0000; font-weight: bold; text-shadow: 1px 1px 2px white, -1px -1px 2px white, 1px -1px 2px white, -1px 1px 2px white; white-space: nowrap;'>07FD213</div>",
        "_iconSize": [
          60,
          20
        ],
        "_iconAnchor": [
          30,
          10
        ]
      },
      "geometry": {
        "type": "Point",
        "coordinates": [
          136.7719858675,
          37.276831189999996
        ]
      }
    },
    {
      "type": "Feature",
      "properties": {
        "code": "07FD204",
        "_markerType": "DivIcon",
        "_html": "<div style='font-size: 10px; color: #ff0000; font-weight: bold; text-shadow: 1px 1px 2px white, -1px -1px 2px white, 1px -1px 2px white, -1px 1px 2px white; white-space: nowrap;'>07FD204</div>",
        "_iconSize": [
          60,
          20
        ],
        "_iconAnchor": [
          30,
          10
        ]
      },
      "geometry": {
        "type": "Point",
        "coordinates": [
          136.74943320749998,
          37.2767538525
        ]
      }
    },
    {
      "type": "Feature",
      "properties": {
        "code": "07FD201",
        "_markerType": "DivIcon",
        "_html": "<div style='font-size: 10px; color: #ff0000; font-weight: bold; text-shadow: 1px 1px 2px white, -1px -1px 2px white, 1px -1px 2px white, -1px 1px 2px white; white-space: nowrap;'>07FD201</div>",
        "_iconSize": [
          60,
          20
        ],
        "_iconAnchor": [
          30,
          10
        ]
      },
      "geometry": {
        "type": "Point",
        "coordinates": [
          136.72680198,
          37.2901887575
        ]
      }
    },
    {
      "type": "Feature",
      "properties": {
        "code": "07FD103",
        "_markerType": "DivIcon",
        "_html": "<div style='font-size: 10px; color: #ff0000; font-weight: bold; text-shadow: 1px 1px 2px white, -1px -1px 2px white, 1px -1px 2px white, -1px 1px 2px white; white-space: nowrap;'>07FD103</div>",
        "_iconSize": [
          60,
          20
        ],
        "_iconAnchor": [
          30,
          10
        ]
      },
      "geometry": {
        "type": "Point",
        "coordinates": [
          136.726723265,
          37.3037052675
        ]
      }
    },
    {
      "type": "Feature",
      "properties": {
        "code": "07FD104",
        "_markerType": "DivIcon",
        "_html": "<div style='font-size: 10px; color: #ff0000; font-weight: bold; text-shadow: 1px 1px 2px white, -1px -1px 2px white, 1px -1px 2px white, -1px 1px 2px white; white-space: nowrap;'>07FD104</div>",
        "_iconSize": [
          60,
          20
        ],
        "_iconAnchor": [
          30,
          10
        ]
      },
      "geometry": {
        "type": "Point",
        "coordinates": [
          136.749283905,
          37.3037869825
        ]
      }
    },
    {
      "type": "Feature",
      "properties": {
        "code": "07FD202",
        "_markerType": "DivIcon",
        "_html": "<div style='font-size: 10px; color: #ff0000; font-weight: bold; text-shadow: 1px 1px 2px white, -1px -1px 2px white, 1px -1px 2px white, -1px 1px 2px white; white-space: nowrap;'>07FD202</div>",
        "_iconSize": [
          60,
          20
        ],
        "_iconAnchor": [
          30,
          10
        ]
      },
      "geometry": {
        "type": "Point",
        "coordinates": [
          136.74935857999998,
          37.2902704325
        ]
      }
    },
    {
      "type": "Feature",
      "properties": {
        "code": "07FD102",
        "_markerType": "DivIcon",
        "_html": "<div style='font-size: 10px; color: #ff0000; font-weight: bold; text-shadow: 1px 1px 2px white, -1px -1px 2px white, 1px -1px 2px white, -1px 1px 2px white; white-space: nowrap;'>07FD102</div>",
        "_iconSize": [
          60,
          20
        ],
        "_iconAnchor": [
          30,
          10
        ]
      },
      "geometry": {
        "type": "Point",
        "coordinates": [
          136.7492091775,
          37.3173035
        ]
      }
    },
    {
      "type": "Feature",
      "properties": {
        "code": "07FD004",
        "_markerType": "DivIcon",
        "_html": "<div style='font-size: 10px; color: #ff0000; font-weight: bold; text-shadow: 1px 1px 2px white, -1px -1px 2px white, 1px -1px 2px white, -1px 1px 2px white; white-space: nowrap;'>07FD004</div>",
        "_iconSize": [
          60,
          20
        ],
        "_iconAnchor": [
          30,
          10
        ]
      },
      "geometry": {
        "type": "Point",
        "coordinates": [
          136.7491344,
          37.330819985000005
        ]
      }
    },
    {
      "type": "Feature",
      "properties": {
        "code": "07FD003",
        "_markerType": "DivIcon",
        "_html": "<div style='font-size: 10px; color: #ff0000; font-weight: bold; text-shadow: 1px 1px 2px white, -1px -1px 2px white, 1px -1px 2px white, -1px 1px 2px white; white-space: nowrap;'>07FD003</div>",
        "_iconSize": [
          60,
          20
        ],
        "_iconAnchor": [
          30,
          10
        ]
      },
      "geometry": {
        "type": "Point",
        "coordinates": [
          136.7265656825,
          37.33073819
        ]
      }
    },
    {
      "type": "Feature",
      "properties": {
        "code": "07FD101",
        "_markerType": "DivIcon",
        "_html": "<div style='font-size: 10px; color: #ff0000; font-weight: bold; text-shadow: 1px 1px 2px white, -1px -1px 2px white, 1px -1px 2px white, -1px 1px 2px white; white-space: nowrap;'>07FD101</div>",
        "_iconSize": [
          60,
          20
        ],
        "_iconAnchor": [
          30,
          10
        ]
      },
      "geometry": {
        "type": "Point",
        "coordinates": [
          136.7266445,
          37.317221745
        ]
      }
    },
    {
      "type": "Feature",
      "properties": {
        "code": "07FC394",
        "_markerType": "DivIcon",
        "_html": "<div style='font-size: 10px; color: #ff0000; font-weight: bold; text-shadow: 1px 1px 2px white, -1px -1px 2px white, 1px -1px 2px white, -1px 1px 2px white; white-space: nowrap;'>07FC394</div>",
        "_iconSize": [
          60,
          20
        ],
        "_iconAnchor": [
          30,
          10
        ]
      },
      "geometry": {
        "type": "Point",
        "coordinates": [
          136.70449339,
          37.2495531925
        ]
      }
    },
    {
      "type": "Feature",
      "properties": {
        "code": "07FD302",
        "_markerType": "DivIcon",
        "_html": "<div style='font-size: 10px; color: #ff0000; font-weight: bold; text-shadow: 1px 1px 2px white, -1px -1px 2px white, 1px -1px 2px white, -1px 1px 2px white; white-space: nowrap;'>07FD302</div>",
        "_iconSize": [
          60,
          20
        ],
        "_iconAnchor": [
          30,
          10
        ]
      },
      "geometry": {
        "type": "Point",
        "coordinates": [
          136.7495077875,
          37.26323724
        ]
      }
    },
    {
      "type": "Feature",
      "properties": {
        "code": "07FD304",
        "_markerType": "DivIcon",
        "_html": "<div style='font-size: 10px; color: #ff0000; font-weight: bold; text-shadow: 1px 1px 2px white, -1px -1px 2px white, 1px -1px 2px white, -1px 1px 2px white; white-space: nowrap;'>07FD304</div>",
        "_iconSize": [
          60,
          20
        ],
        "_iconAnchor": [
          30,
          10
        ]
      },
      "geometry": {
        "type": "Point",
        "coordinates": [
          136.7495823175,
          37.2497205975
        ]
      }
    },
    {
      "type": "Feature",
      "properties": {
        "code": "07FD303",
        "_markerType": "DivIcon",
        "_html": "<div style='font-size: 10px; color: #ff0000; font-weight: bold; text-shadow: 1px 1px 2px white, -1px -1px 2px white, 1px -1px 2px white, -1px 1px 2px white; white-space: nowrap;'>07FD303</div>",
        "_iconSize": [
          60,
          20
        ],
        "_iconAnchor": [
          30,
          10
        ]
      },
      "geometry": {
        "type": "Point",
        "coordinates": [
          136.7270378075,
          37.24963904
        ]
      }
    },
    {
      "type": "Feature",
      "properties": {
        "code": "07FD403",
        "_markerType": "DivIcon",
        "_html": "<div style='font-size: 10px; color: #ff0000; font-weight: bold; text-shadow: 1px 1px 2px white, -1px -1px 2px white, 1px -1px 2px white, -1px 1px 2px white; white-space: nowrap;'>07FD403</div>",
        "_iconSize": [
          60,
          20
        ],
        "_iconAnchor": [
          30,
          10
        ]
      },
      "geometry": {
        "type": "Point",
        "coordinates": [
          136.7271947625,
          37.2226057425
        ]
      }
    },
    {
      "type": "Feature",
      "properties": {
        "code": "07FD402",
        "_markerType": "DivIcon",
        "_html": "<div style='font-size: 10px; color: #ff0000; font-weight: bold; text-shadow: 1px 1px 2px white, -1px -1px 2px white, 1px -1px 2px white, -1px 1px 2px white; white-space: nowrap;'>07FD402</div>",
        "_iconSize": [
          60,
          20
        ],
        "_iconAnchor": [
          30,
          10
        ]
      },
      "geometry": {
        "type": "Point",
        "coordinates": [
          136.74965679500002,
          37.23620392749999
        ]
      }
    },
    {
      "type": "Feature",
      "properties": {
        "code": "07FD404",
        "_markerType": "DivIcon",
        "_html": "<div style='font-size: 10px; color: #ff0000; font-weight: bold; text-shadow: 1px 1px 2px white, -1px -1px 2px white, 1px -1px 2px white, -1px 1px 2px white; white-space: nowrap;'>07FD404</div>",
        "_iconSize": [
          60,
          20
        ],
        "_iconAnchor": [
          30,
          10
        ]
      },
      "geometry": {
        "type": "Point",
        "coordinates": [
          136.7497312225,
          37.22268722249999
        ]
      }
    },
    {
      "type": "Feature",
      "properties": {
        "code": "07FD502",
        "_markerType": "DivIcon",
        "_html": "<div style='font-size: 10px; color: #ff0000; font-weight: bold; text-shadow: 1px 1px 2px white, -1px -1px 2px white, 1px -1px 2px white, -1px 1px 2px white; white-space: nowrap;'>07FD502</div>",
        "_iconSize": [
          60,
          20
        ],
        "_iconAnchor": [
          30,
          10
        ]
      },
      "geometry": {
        "type": "Point",
        "coordinates": [
          136.7498056025,
          37.209170484999994
        ]
      }
    },
    {
      "type": "Feature",
      "properties": {
        "code": "07FC592",
        "_markerType": "DivIcon",
        "_html": "<div style='font-size: 10px; color: #ff0000; font-weight: bold; text-shadow: 1px 1px 2px white, -1px -1px 2px white, 1px -1px 2px white, -1px 1px 2px white; white-space: nowrap;'>07FC592</div>",
        "_iconSize": [
          60,
          20
        ],
        "_iconAnchor": [
          30,
          10
        ]
      },
      "geometry": {
        "type": "Point",
        "coordinates": [
          136.7047408125,
          37.209003325
        ]
      }
    },
    {
      "type": "Feature",
      "properties": {
        "code": "07FC494",
        "_markerType": "DivIcon",
        "_html": "<div style='font-size: 10px; color: #ff0000; font-weight: bold; text-shadow: 1px 1px 2px white, -1px -1px 2px white, 1px -1px 2px white, -1px 1px 2px white; white-space: nowrap;'>07FC494</div>",
        "_iconSize": [
          60,
          20
        ],
        "_iconAnchor": [
          30,
          10
        ]
      },
      "geometry": {
        "type": "Point",
        "coordinates": [
          136.704658395,
          37.2225199775
        ]
      }
    },
    {
      "type": "Feature",
      "properties": {
        "code": "07FC591",
        "_markerType": "DivIcon",
        "_html": "<div style='font-size: 10px; color: #ff0000; font-weight: bold; text-shadow: 1px 1px 2px white, -1px -1px 2px white, 1px -1px 2px white, -1px 1px 2px white; white-space: nowrap;'>07FC591</div>",
        "_iconSize": [
          60,
          20
        ],
        "_iconAnchor": [
          30,
          10
        ]
      },
      "geometry": {
        "type": "Point",
        "coordinates": [
          136.68220856,
          37.208913317500006
        ]
      }
    },
    {
      "type": "Feature",
      "properties": {
        "code": "07FC593",
        "_markerType": "DivIcon",
        "_html": "<div style='font-size: 10px; color: #ff0000; font-weight: bold; text-shadow: 1px 1px 2px white, -1px -1px 2px white, 1px -1px 2px white, -1px 1px 2px white; white-space: nowrap;'>07FC593</div>",
        "_iconSize": [
          60,
          20
        ],
        "_iconAnchor": [
          30,
          10
        ]
      },
      "geometry": {
        "type": "Point",
        "coordinates": [
          136.6822949425,
          37.195396675
        ]
      }
    },
    {
      "type": "Feature",
      "properties": {
        "code": "07FC594",
        "_markerType": "DivIcon",
        "_html": "<div style='font-size: 10px; color: #ff0000; font-weight: bold; text-shadow: 1px 1px 2px white, -1px -1px 2px white, 1px -1px 2px white, -1px 1px 2px white; white-space: nowrap;'>07FC594</div>",
        "_iconSize": [
          60,
          20
        ],
        "_iconAnchor": [
          30,
          10
        ]
      },
      "geometry": {
        "type": "Point",
        "coordinates": [
          136.70482317749997,
          37.19548664
        ]
      }
    },
    {
      "type": "Feature",
      "properties": {
        "code": "07FC691",
        "_markerType": "DivIcon",
        "_html": "<div style='font-size: 10px; color: #ff0000; font-weight: bold; text-shadow: 1px 1px 2px white, -1px -1px 2px white, 1px -1px 2px white, -1px 1px 2px white; white-space: nowrap;'>07FC691</div>",
        "_iconSize": [
          60,
          20
        ],
        "_iconAnchor": [
          30,
          10
        ]
      },
      "geometry": {
        "type": "Point",
        "coordinates": [
          136.6823812675,
          37.181880002499994
        ]
      }
    },
    {
      "type": "Feature",
      "properties": {
        "code": "07FD603",
        "_markerType": "DivIcon",
        "_html": "<div style='font-size: 10px; color: #ff0000; font-weight: bold; text-shadow: 1px 1px 2px white, -1px -1px 2px white, 1px -1px 2px white, -1px 1px 2px white; white-space: nowrap;'>07FD603</div>",
        "_iconSize": [
          60,
          20
        ],
        "_iconAnchor": [
          30,
          10
        ]
      },
      "geometry": {
        "type": "Point",
        "coordinates": [
          136.7275080475,
          37.168538775
        ]
      }
    },
    {
      "type": "Feature",
      "properties": {
        "code": "07FD602",
        "_markerType": "DivIcon",
        "_html": "<div style='font-size: 10px; color: #ff0000; font-weight: bold; text-shadow: 1px 1px 2px white, -1px -1px 2px white, 1px -1px 2px white, -1px 1px 2px white; white-space: nowrap;'>07FD602</div>",
        "_iconSize": [
          60,
          20
        ],
        "_iconAnchor": [
          30,
          10
        ]
      },
      "geometry": {
        "type": "Point",
        "coordinates": [
          136.7499542125,
          37.182136924999995
        ]
      }
    },
    {
      "type": "Feature",
      "properties": {
        "code": "07FD601",
        "_markerType": "DivIcon",
        "_html": "<div style='font-size: 10px; color: #ff0000; font-weight: bold; text-shadow: 1px 1px 2px white, -1px -1px 2px white, 1px -1px 2px white, -1px 1px 2px white; white-space: nowrap;'>07FD601</div>",
        "_iconSize": [
          60,
          20
        ],
        "_iconAnchor": [
          30,
          10
        ]
      },
      "geometry": {
        "type": "Point",
        "coordinates": [
          136.7274298025,
          37.182055565
        ]
      }
    },
    {
      "type": "Feature",
      "properties": {
        "code": "07FD503",
        "_markerType": "DivIcon",
        "_html": "<div style='font-size: 10px; color: #ff0000; font-weight: bold; text-shadow: 1px 1px 2px white, -1px -1px 2px white, 1px -1px 2px white, -1px 1px 2px white; white-space: nowrap;'>07FD503</div>",
        "_iconSize": [
          60,
          20
        ],
        "_iconAnchor": [
          30,
          10
        ]
      },
      "geometry": {
        "type": "Point",
        "coordinates": [
          136.72735150749998,
          37.19557232
        ]
      }
    },
    {
      "type": "Feature",
      "properties": {
        "code": "07FD504",
        "_markerType": "DivIcon",
        "_html": "<div style='font-size: 10px; color: #ff0000; font-weight: bold; text-shadow: 1px 1px 2px white, -1px -1px 2px white, 1px -1px 2px white, -1px 1px 2px white; white-space: nowrap;'>07FD504</div>",
        "_iconSize": [
          60,
          20
        ],
        "_iconAnchor": [
          30,
          10
        ]
      },
      "geometry": {
        "type": "Point",
        "coordinates": [
          136.7498799325,
          37.19565372
        ]
      }
    },
    {
      "type": "Feature",
      "properties": {
        "code": "07FD513",
        "_markerType": "DivIcon",
        "_html": "<div style='font-size: 10px; color: #ff0000; font-weight: bold; text-shadow: 1px 1px 2px white, -1px -1px 2px white, 1px -1px 2px white, -1px 1px 2px white; white-space: nowrap;'>07FD513</div>",
        "_iconSize": [
          60,
          20
        ],
        "_iconAnchor": [
          30,
          10
        ]
      },
      "geometry": {
        "type": "Point",
        "coordinates": [
          136.772408445,
          37.195730835
        ]
      }
    },
    {
      "type": "Feature",
      "properties": {
        "code": "07FD514",
        "_markerType": "DivIcon",
        "_html": "<div style='font-size: 10px; color: #ff0000; font-weight: bold; text-shadow: 1px 1px 2px white, -1px -1px 2px white, 1px -1px 2px white, -1px 1px 2px white; white-space: nowrap;'>07FD514</div>",
        "_iconSize": [
          60,
          20
        ],
        "_iconAnchor": [
          30,
          10
        ]
      },
      "geometry": {
        "type": "Point",
        "coordinates": [
          136.79493703999998,
          37.195803665
        ]
      }
    },
    {
      "type": "Feature",
      "properties": {
        "code": "07FD612",
        "_markerType": "DivIcon",
        "_html": "<div style='font-size: 10px; color: #ff0000; font-weight: bold; text-shadow: 1px 1px 2px white, -1px -1px 2px white, 1px -1px 2px white, -1px 1px 2px white; white-space: nowrap;'>07FD612</div>",
        "_iconSize": [
          60,
          20
        ],
        "_iconAnchor": [
          30,
          10
        ]
      },
      "geometry": {
        "type": "Point",
        "coordinates": [
          136.79500329,
          37.1822867925
        ]
      }
    },
    {
      "type": "Feature",
      "properties": {
        "code": "07FD623",
        "_markerType": "DivIcon",
        "_html": "<div style='font-size: 10px; color: #ff0000; font-weight: bold; text-shadow: 1px 1px 2px white, -1px -1px 2px white, 1px -1px 2px white, -1px 1px 2px white; white-space: nowrap;'>07FD623</div>",
        "_iconSize": [
          60,
          20
        ],
        "_iconAnchor": [
          30,
          10
        ]
      },
      "geometry": {
        "type": "Point",
        "coordinates": [
          136.81759014250002,
          37.168838375
        ]
      }
    },
    {
      "type": "Feature",
      "properties": {
        "code": "07FD721",
        "_markerType": "DivIcon",
        "_html": "<div style='font-size: 10px; color: #ff0000; font-weight: bold; text-shadow: 1px 1px 2px white, -1px -1px 2px white, 1px -1px 2px white, -1px 1px 2px white; white-space: nowrap;'>07FD721</div>",
        "_iconSize": [
          60,
          20
        ],
        "_iconAnchor": [
          30,
          10
        ]
      },
      "geometry": {
        "type": "Point",
        "coordinates": [
          136.8176522975,
          37.1553214075
        ]
      }
    },
    {
      "type": "Feature",
      "properties": {
        "code": "07FD724",
        "_markerType": "DivIcon",
        "_html": "<div style='font-size: 10px; color: #ff0000; font-weight: bold; text-shadow: 1px 1px 2px white, -1px -1px 2px white, 1px -1px 2px white, -1px 1px 2px white; white-space: nowrap;'>07FD724</div>",
        "_iconSize": [
          60,
          20
        ],
        "_iconAnchor": [
          30,
          10
        ]
      },
      "geometry": {
        "type": "Point",
        "coordinates": [
          136.8402271125,
          37.14186855
        ]
      }
    },
    {
      "type": "Feature",
      "properties": {
        "code": "07FD722",
        "_markerType": "DivIcon",
        "_html": "<div style='font-size: 10px; color: #ff0000; font-weight: bold; text-shadow: 1px 1px 2px white, -1px -1px 2px white, 1px -1px 2px white, -1px 1px 2px white; white-space: nowrap;'>07FD722</div>",
        "_iconSize": [
          60,
          20
        ],
        "_iconAnchor": [
          30,
          10
        ]
      },
      "geometry": {
        "type": "Point",
        "coordinates": [
          136.8401690075,
          37.1553855775
        ]
      }
    },
    {
      "type": "Feature",
      "properties": {
        "code": "07FD622",
        "_markerType": "DivIcon",
        "_html": "<div style='font-size: 10px; color: #ff0000; font-weight: bold; text-shadow: 1px 1px 2px white, -1px -1px 2px white, 1px -1px 2px white, -1px 1px 2px white; white-space: nowrap;'>07FD622</div>",
        "_iconSize": [
          60,
          20
        ],
        "_iconAnchor": [
          30,
          10
        ]
      },
      "geometry": {
        "type": "Point",
        "coordinates": [
          136.840052685,
          37.18241954
        ]
      }
    },
    {
      "type": "Feature",
      "properties": {
        "code": "07FD621",
        "_markerType": "DivIcon",
        "_html": "<div style='font-size: 10px; color: #ff0000; font-weight: bold; text-shadow: 1px 1px 2px white, -1px -1px 2px white, 1px -1px 2px white, -1px 1px 2px white; white-space: nowrap;'>07FD621</div>",
        "_iconSize": [
          60,
          20
        ],
        "_iconAnchor": [
          30,
          10
        ]
      },
      "geometry": {
        "type": "Point",
        "coordinates": [
          136.81752795000003,
          37.1823553075
        ]
      }
    },
    {
      "type": "Feature",
      "properties": {
        "code": "07FD523",
        "_markerType": "DivIcon",
        "_html": "<div style='font-size: 10px; color: #ff0000; font-weight: bold; text-shadow: 1px 1px 2px white, -1px -1px 2px white, 1px -1px 2px white, -1px 1px 2px white; white-space: nowrap;'>07FD523</div>",
        "_iconSize": [
          60,
          20
        ],
        "_iconAnchor": [
          30,
          10
        ]
      },
      "geometry": {
        "type": "Point",
        "coordinates": [
          136.8174657175,
          37.19587221250001
        ]
      }
    },
    {
      "type": "Feature",
      "properties": {
        "code": "07FD522",
        "_markerType": "DivIcon",
        "_html": "<div style='font-size: 10px; color: #ff0000; font-weight: bold; text-shadow: 1px 1px 2px white, -1px -1px 2px white, 1px -1px 2px white, -1px 1px 2px white; white-space: nowrap;'>07FD522</div>",
        "_iconSize": [
          60,
          20
        ],
        "_iconAnchor": [
          30,
          10
        ]
      },
      "geometry": {
        "type": "Point",
        "coordinates": [
          136.83993620500001,
          37.20945338
        ]
      }
    },
    {
      "type": "Feature",
      "properties": {
        "code": "07FD422",
        "_markerType": "DivIcon",
        "_html": "<div style='font-size: 10px; color: #ff0000; font-weight: bold; text-shadow: 1px 1px 2px white, -1px -1px 2px white, 1px -1px 2px white, -1px 1px 2px white; white-space: nowrap;'>07FD422</div>",
        "_iconSize": [
          60,
          20
        ],
        "_iconAnchor": [
          30,
          10
        ]
      },
      "geometry": {
        "type": "Point",
        "coordinates": [
          136.8398195675,
          37.2364870925
        ]
      }
    },
    {
      "type": "Feature",
      "properties": {
        "code": "07FD421",
        "_markerType": "DivIcon",
        "_html": "<div style='font-size: 10px; color: #ff0000; font-weight: bold; text-shadow: 1px 1px 2px white, -1px -1px 2px white, 1px -1px 2px white, -1px 1px 2px white; white-space: nowrap;'>07FD421</div>",
        "_iconSize": [
          60,
          20
        ],
        "_iconAnchor": [
          30,
          10
        ]
      },
      "geometry": {
        "type": "Point",
        "coordinates": [
          136.81727876,
          37.2364227375
        ]
      }
    },
    {
      "type": "Feature",
      "properties": {
        "code": "07FD423",
        "_markerType": "DivIcon",
        "_html": "<div style='font-size: 10px; color: #ff0000; font-weight: bold; text-shadow: 1px 1px 2px white, -1px -1px 2px white, 1px -1px 2px white, -1px 1px 2px white; white-space: nowrap;'>07FD423</div>",
        "_iconSize": [
          60,
          20
        ],
        "_iconAnchor": [
          30,
          10
        ]
      },
      "geometry": {
        "type": "Point",
        "coordinates": [
          136.81734112,
          37.2229059275
        ]
      }
    },
    {
      "type": "Feature",
      "properties": {
        "code": "07FD521",
        "_markerType": "DivIcon",
        "_html": "<div style='font-size: 10px; color: #ff0000; font-weight: bold; text-shadow: 1px 1px 2px white, -1px -1px 2px white, 1px -1px 2px white, -1px 1px 2px white; white-space: nowrap;'>07FD521</div>",
        "_iconSize": [
          60,
          20
        ],
        "_iconAnchor": [
          30,
          10
        ]
      },
      "geometry": {
        "type": "Point",
        "coordinates": [
          136.81740344,
          37.2093890875
        ]
      }
    },
    {
      "type": "Feature",
      "properties": {
        "code": "07FD512",
        "_markerType": "DivIcon",
        "_html": "<div style='font-size: 10px; color: #ff0000; font-weight: bold; text-shadow: 1px 1px 2px white, -1px -1px 2px white, 1px -1px 2px white, -1px 1px 2px white; white-space: nowrap;'>07FD512</div>",
        "_iconSize": [
          60,
          20
        ],
        "_iconAnchor": [
          30,
          10
        ]
      },
      "geometry": {
        "type": "Point",
        "coordinates": [
          136.7948707475,
          37.209320507499996
        ]
      }
    },
    {
      "type": "Feature",
      "properties": {
        "code": "07FD413",
        "_markerType": "DivIcon",
        "_html": "<div style='font-size: 10px; color: #ff0000; font-weight: bold; text-shadow: 1px 1px 2px white, -1px -1px 2px white, 1px -1px 2px white, -1px 1px 2px white; white-space: nowrap;'>07FD413</div>",
        "_iconSize": [
          60,
          20
        ],
        "_iconAnchor": [
          30,
          10
        ]
      },
      "geometry": {
        "type": "Point",
        "coordinates": [
          136.77226777250002,
          37.2227644125
        ]
      }
    },
    {
      "type": "Feature",
      "properties": {
        "code": "07FD411",
        "_markerType": "DivIcon",
        "_html": "<div style='font-size: 10px; color: #ff0000; font-weight: bold; text-shadow: 1px 1px 2px white, -1px -1px 2px white, 1px -1px 2px white, -1px 1px 2px white; white-space: nowrap;'>07FD411</div>",
        "_iconSize": [
          60,
          20
        ],
        "_iconAnchor": [
          30,
          10
        ]
      },
      "geometry": {
        "type": "Point",
        "coordinates": [
          136.7721973675,
          37.236281155
        ]
      }
    },
    {
      "type": "Feature",
      "properties": {
        "code": "07FD412",
        "_markerType": "DivIcon",
        "_html": "<div style='font-size: 10px; color: #ff0000; font-weight: bold; text-shadow: 1px 1px 2px white, -1px -1px 2px white, 1px -1px 2px white, -1px 1px 2px white; white-space: nowrap;'>07FD412</div>",
        "_iconSize": [
          60,
          20
        ],
        "_iconAnchor": [
          30,
          10
        ]
      },
      "geometry": {
        "type": "Point",
        "coordinates": [
          136.79473802500002,
          37.2363540925
        ]
      }
    },
    {
      "type": "Feature",
      "properties": {
        "code": "07FD414",
        "_markerType": "DivIcon",
        "_html": "<div style='font-size: 10px; color: #ff0000; font-weight: bold; text-shadow: 1px 1px 2px white, -1px -1px 2px white, 1px -1px 2px white, -1px 1px 2px white; white-space: nowrap;'>07FD414</div>",
        "_iconSize": [
          60,
          20
        ],
        "_iconAnchor": [
          30,
          10
        ]
      },
      "geometry": {
        "type": "Point",
        "coordinates": [
          136.7948044075,
          37.222837315
        ]
      }
    },
    {
      "type": "Feature",
      "properties": {
        "code": "07FD314",
        "_markerType": "DivIcon",
        "_html": "<div style='font-size: 10px; color: #ff0000; font-weight: bold; text-shadow: 1px 1px 2px white, -1px -1px 2px white, 1px -1px 2px white, -1px 1px 2px white; white-space: nowrap;'>07FD314</div>",
        "_iconSize": [
          60,
          20
        ],
        "_iconAnchor": [
          30,
          10
        ]
      },
      "geometry": {
        "type": "Point",
        "coordinates": [
          136.79467159749998,
          37.249870837500005
        ]
      }
    },
    {
      "type": "Feature",
      "properties": {
        "code": "07FD313",
        "_markerType": "DivIcon",
        "_html": "<div style='font-size: 10px; color: #ff0000; font-weight: bold; text-shadow: 1px 1px 2px white, -1px -1px 2px white, 1px -1px 2px white, -1px 1px 2px white; white-space: nowrap;'>07FD313</div>",
        "_iconSize": [
          60,
          20
        ],
        "_iconAnchor": [
          30,
          10
        ]
      },
      "geometry": {
        "type": "Point",
        "coordinates": [
          136.772126915,
          37.249797865000005
        ]
      }
    },
    {
      "type": "Feature",
      "properties": {
        "code": "07FD311",
        "_markerType": "DivIcon",
        "_html": "<div style='font-size: 10px; color: #ff0000; font-weight: bold; text-shadow: 1px 1px 2px white, -1px -1px 2px white, 1px -1px 2px white, -1px 1px 2px white; white-space: nowrap;'>07FD311</div>",
        "_iconSize": [
          60,
          20
        ],
        "_iconAnchor": [
          30,
          10
        ]
      },
      "geometry": {
        "type": "Point",
        "coordinates": [
          136.772056415,
          37.2633145425
        ]
      }
    },
    {
      "type": "Feature",
      "properties": {
        "code": "07FD321",
        "_markerType": "DivIcon",
        "_html": "<div style='font-size: 10px; color: #ff0000; font-weight: bold; text-shadow: 1px 1px 2px white, -1px -1px 2px white, 1px -1px 2px white, -1px 1px 2px white; white-space: nowrap;'>07FD321</div>",
        "_iconSize": [
          60,
          20
        ],
        "_iconAnchor": [
          30,
          10
        ]
      },
      "geometry": {
        "type": "Point",
        "coordinates": [
          136.81715391249998,
          37.2634562625
        ]
      }
    },
    {
      "type": "Feature",
      "properties": {
        "code": "07FD323",
        "_markerType": "DivIcon",
        "_html": "<div style='font-size: 10px; color: #ff0000; font-weight: bold; text-shadow: 1px 1px 2px white, -1px -1px 2px white, 1px -1px 2px white, -1px 1px 2px white; white-space: nowrap;'>07FD323</div>",
        "_iconSize": [
          60,
          20
        ],
        "_iconAnchor": [
          30,
          10
        ]
      },
      "geometry": {
        "type": "Point",
        "coordinates": [
          136.8172163575,
          37.249939515
        ]
      }
    },
    {
      "type": "Feature",
      "properties": {
        "code": "07FD324",
        "_markerType": "DivIcon",
        "_html": "<div style='font-size: 10px; color: #ff0000; font-weight: bold; text-shadow: 1px 1px 2px white, -1px -1px 2px white, 1px -1px 2px white, -1px 1px 2px white; white-space: nowrap;'>07FD324</div>",
        "_iconSize": [
          60,
          20
        ],
        "_iconAnchor": [
          30,
          10
        ]
      },
      "geometry": {
        "type": "Point",
        "coordinates": [
          136.8397611925,
          37.2500039025
        ]
      }
    },
    {
      "type": "Feature",
      "properties": {
        "code": "07FD322",
        "_markerType": "DivIcon",
        "_html": "<div style='font-size: 10px; color: #ff0000; font-weight: bold; text-shadow: 1px 1px 2px white, -1px -1px 2px white, 1px -1px 2px white, -1px 1px 2px white; white-space: nowrap;'>07FD322</div>",
        "_iconSize": [
          60,
          20
        ],
        "_iconAnchor": [
          30,
          10
        ]
      },
      "geometry": {
        "type": "Point",
        "coordinates": [
          136.8397027775,
          37.2635206825
        ]
      }
    },
    {
      "type": "Feature",
      "properties": {
        "code": "07FD331",
        "_markerType": "DivIcon",
        "_html": "<div style='font-size: 10px; color: #ff0000; font-weight: bold; text-shadow: 1px 1px 2px white, -1px -1px 2px white, 1px -1px 2px white, -1px 1px 2px white; white-space: nowrap;'>07FD331</div>",
        "_iconSize": [
          60,
          20
        ],
        "_iconAnchor": [
          30,
          10
        ]
      },
      "geometry": {
        "type": "Point",
        "coordinates": [
          136.8622517125,
          37.26358081000001
        ]
      }
    },
    {
      "type": "Feature",
      "properties": {
        "code": "07FD332",
        "_markerType": "DivIcon",
        "_html": "<div style='font-size: 10px; color: #ff0000; font-weight: bold; text-shadow: 1px 1px 2px white, -1px -1px 2px white, 1px -1px 2px white, -1px 1px 2px white; white-space: nowrap;'>07FD332</div>",
        "_iconSize": [
          60,
          20
        ],
        "_iconAnchor": [
          30,
          10
        ]
      },
      "geometry": {
        "type": "Point",
        "coordinates": [
          136.8848007075,
          37.2636366425
        ]
      }
    },
    {
      "type": "Feature",
      "properties": {
        "code": "07FD334",
        "_markerType": "DivIcon",
        "_html": "<div style='font-size: 10px; color: #ff0000; font-weight: bold; text-shadow: 1px 1px 2px white, -1px -1px 2px white, 1px -1px 2px white, -1px 1px 2px white; white-space: nowrap;'>07FD334</div>",
        "_iconSize": [
          60,
          20
        ],
        "_iconAnchor": [
          30,
          10
        ]
      },
      "geometry": {
        "type": "Point",
        "coordinates": [
          136.88485106500002,
          37.2501198075
        ]
      }
    },
    {
      "type": "Feature",
      "properties": {
        "code": "07FD333",
        "_markerType": "DivIcon",
        "_html": "<div style='font-size: 10px; color: #ff0000; font-weight: bold; text-shadow: 1px 1px 2px white, -1px -1px 2px white, 1px -1px 2px white, -1px 1px 2px white; white-space: nowrap;'>07FD333</div>",
        "_iconSize": [
          60,
          20
        ],
        "_iconAnchor": [
          30,
          10
        ]
      },
      "geometry": {
        "type": "Point",
        "coordinates": [
          136.8623060975,
          37.250064002500004
        ]
      }
    },
    {
      "type": "Feature",
      "properties": {
        "code": "07FD433",
        "_markerType": "DivIcon",
        "_html": "<div style='font-size: 10px; color: #ff0000; font-weight: bold; text-shadow: 1px 1px 2px white, -1px -1px 2px white, 1px -1px 2px white, -1px 1px 2px white; white-space: nowrap;'>07FD433</div>",
        "_iconSize": [
          60,
          20
        ],
        "_iconAnchor": [
          30,
          10
        ]
      },
      "geometry": {
        "type": "Point",
        "coordinates": [
          136.86241476,
          37.2230302925
        ]
      }
    },
    {
      "type": "Feature",
      "properties": {
        "code": "07FD531",
        "_markerType": "DivIcon",
        "_html": "<div style='font-size: 10px; color: #ff0000; font-weight: bold; text-shadow: 1px 1px 2px white, -1px -1px 2px white, 1px -1px 2px white, -1px 1px 2px white; white-space: nowrap;'>07FD531</div>",
        "_iconSize": [
          60,
          20
        ],
        "_iconAnchor": [
          30,
          10
        ]
      },
      "geometry": {
        "type": "Point",
        "coordinates": [
          136.86246904,
          37.209513387499996
        ]
      }
    },
    {
      "type": "Feature",
      "properties": {
        "code": "07FD434",
        "_markerType": "DivIcon",
        "_html": "<div style='font-size: 10px; color: #ff0000; font-weight: bold; text-shadow: 1px 1px 2px white, -1px -1px 2px white, 1px -1px 2px white, -1px 1px 2px white; white-space: nowrap;'>07FD434</div>",
        "_iconSize": [
          60,
          20
        ],
        "_iconAnchor": [
          30,
          10
        ]
      },
      "geometry": {
        "type": "Point",
        "coordinates": [
          136.88495168,
          37.22308604
        ]
      }
    },
    {
      "type": "Feature",
      "properties": {
        "code": "07FD432",
        "_markerType": "DivIcon",
        "_html": "<div style='font-size: 10px; color: #ff0000; font-weight: bold; text-shadow: 1px 1px 2px white, -1px -1px 2px white, 1px -1px 2px white, -1px 1px 2px white; white-space: nowrap;'>07FD432</div>",
        "_iconSize": [
          60,
          20
        ],
        "_iconAnchor": [
          30,
          10
        ]
      },
      "geometry": {
        "type": "Point",
        "coordinates": [
          136.8849013875,
          37.236602937499995
        ]
      }
    },
    {
      "type": "Feature",
      "properties": {
        "code": "07FD441",
        "_markerType": "DivIcon",
        "_html": "<div style='font-size: 10px; color: #ff0000; font-weight: bold; text-shadow: 1px 1px 2px white, -1px -1px 2px white, 1px -1px 2px white, -1px 1px 2px white; white-space: nowrap;'>07FD441</div>",
        "_iconSize": [
          60,
          20
        ],
        "_iconAnchor": [
          30,
          10
        ]
      },
      "geometry": {
        "type": "Point",
        "coordinates": [
          136.90744239,
          37.23665442
        ]
      }
    },
    {
      "type": "Feature",
      "properties": {
        "code": "07FD443",
        "_markerType": "DivIcon",
        "_html": "<div style='font-size: 10px; color: #ff0000; font-weight: bold; text-shadow: 1px 1px 2px white, -1px -1px 2px white, 1px -1px 2px white, -1px 1px 2px white; white-space: nowrap;'>07FD443</div>",
        "_iconSize": [
          60,
          20
        ],
        "_iconAnchor": [
          30,
          10
        ]
      },
      "geometry": {
        "type": "Point",
        "coordinates": [
          136.90748865749998,
          37.223137497500005
        ]
      }
    },
    {
      "type": "Feature",
      "properties": {
        "code": "07FD541",
        "_markerType": "DivIcon",
        "_html": "<div style='font-size: 10px; color: #ff0000; font-weight: bold; text-shadow: 1px 1px 2px white, -1px -1px 2px white, 1px -1px 2px white, -1px 1px 2px white; white-space: nowrap;'>07FD541</div>",
        "_iconSize": [
          60,
          20
        ],
        "_iconAnchor": [
          30,
          10
        ]
      },
      "geometry": {
        "type": "Point",
        "coordinates": [
          136.9075348975,
          37.209620545
        ]
      }
    },
    {
      "type": "Feature",
      "properties": {
        "code": "07FD444",
        "_markerType": "DivIcon",
        "_html": "<div style='font-size: 10px; color: #ff0000; font-weight: bold; text-shadow: 1px 1px 2px white, -1px -1px 2px white, 1px -1px 2px white, -1px 1px 2px white; white-space: nowrap;'>07FD444</div>",
        "_iconSize": [
          60,
          20
        ],
        "_iconAnchor": [
          30,
          10
        ]
      },
      "geometry": {
        "type": "Point",
        "coordinates": [
          136.93002568999998,
          37.223184669999995
        ]
      }
    },
    {
      "type": "Feature",
      "properties": {
        "code": "07FD442",
        "_markerType": "DivIcon",
        "_html": "<div style='font-size: 10px; color: #ff0000; font-weight: bold; text-shadow: 1px 1px 2px white, -1px -1px 2px white, 1px -1px 2px white, -1px 1px 2px white; white-space: nowrap;'>07FD442</div>",
        "_iconSize": [
          60,
          20
        ],
        "_iconAnchor": [
          30,
          10
        ]
      },
      "geometry": {
        "type": "Point",
        "coordinates": [
          136.9299834475,
          37.236701615
        ]
      }
    },
    {
      "type": "Feature",
      "properties": {
        "code": "07FD343",
        "_markerType": "DivIcon",
        "_html": "<div style='font-size: 10px; color: #ff0000; font-weight: bold; text-shadow: 1px 1px 2px white, -1px -1px 2px white, 1px -1px 2px white, -1px 1px 2px white; white-space: nowrap;'>07FD343</div>",
        "_iconSize": [
          60,
          20
        ],
        "_iconAnchor": [
          30,
          10
        ]
      },
      "geometry": {
        "type": "Point",
        "coordinates": [
          136.9073960925,
          37.250171315
        ]
      }
    },
    {
      "type": "Feature",
      "properties": {
        "code": "07FD341",
        "_markerType": "DivIcon",
        "_html": "<div style='font-size: 10px; color: #ff0000; font-weight: bold; text-shadow: 1px 1px 2px white, -1px -1px 2px white, 1px -1px 2px white, -1px 1px 2px white; white-space: nowrap;'>07FD341</div>",
        "_iconSize": [
          60,
          20
        ],
        "_iconAnchor": [
          30,
          10
        ]
      },
      "geometry": {
        "type": "Point",
        "coordinates": [
          136.9073497625,
          37.2636881775
        ]
      }
    },
    {
      "type": "Feature",
      "properties": {
        "code": "07FD342",
        "_markerType": "DivIcon",
        "_html": "<div style='font-size: 10px; color: #ff0000; font-weight: bold; text-shadow: 1px 1px 2px white, -1px -1px 2px white, 1px -1px 2px white, -1px 1px 2px white; white-space: nowrap;'>07FD342</div>",
        "_iconSize": [
          60,
          20
        ],
        "_iconAnchor": [
          30,
          10
        ]
      },
      "geometry": {
        "type": "Point",
        "coordinates": [
          136.9298988725,
          37.26373542
        ]
      }
    },
    {
      "type": "Feature",
      "properties": {
        "code": "07FD351",
        "_markerType": "DivIcon",
        "_html": "<div style='font-size: 10px; color: #ff0000; font-weight: bold; text-shadow: 1px 1px 2px white, -1px -1px 2px white, 1px -1px 2px white, -1px 1px 2px white; white-space: nowrap;'>07FD351</div>",
        "_iconSize": [
          60,
          20
        ],
        "_iconAnchor": [
          30,
          10
        ]
      },
      "geometry": {
        "type": "Point",
        "coordinates": [
          136.9524480375,
          37.263778367499995
        ]
      }
    },
    {
      "type": "Feature",
      "properties": {
        "code": "07FD353",
        "_markerType": "DivIcon",
        "_html": "<div style='font-size: 10px; color: #ff0000; font-weight: bold; text-shadow: 1px 1px 2px white, -1px -1px 2px white, 1px -1px 2px white, -1px 1px 2px white; white-space: nowrap;'>07FD353</div>",
        "_iconSize": [
          60,
          20
        ],
        "_iconAnchor": [
          30,
          10
        ]
      },
      "geometry": {
        "type": "Point",
        "coordinates": [
          136.95248630999998,
          37.250261460000004
        ]
      }
    },
    {
      "type": "Feature",
      "properties": {
        "code": "07FD352",
        "_markerType": "DivIcon",
        "_html": "<div style='font-size: 10px; color: #ff0000; font-weight: bold; text-shadow: 1px 1px 2px white, -1px -1px 2px white, 1px -1px 2px white, -1px 1px 2px white; white-space: nowrap;'>07FD352</div>",
        "_iconSize": [
          60,
          20
        ],
        "_iconAnchor": [
          30,
          10
        ]
      },
      "geometry": {
        "type": "Point",
        "coordinates": [
          136.9749972475,
          37.2638170175
        ]
      }
    },
    {
      "type": "Feature",
      "properties": {
        "code": "07FD461",
        "_markerType": "DivIcon",
        "_html": "<div style='font-size: 10px; color: #ff0000; font-weight: bold; text-shadow: 1px 1px 2px white, -1px -1px 2px white, 1px -1px 2px white, -1px 1px 2px white; white-space: nowrap;'>07FD461</div>",
        "_iconSize": [
          60,
          20
        ],
        "_iconAnchor": [
          30,
          10
        ]
      },
      "geometry": {
        "type": "Point",
        "coordinates": [
          136.997606905,
          37.23681746
        ]
      }
    },
    {
      "type": "Feature",
      "properties": {
        "code": "07FD552",
        "_markerType": "DivIcon",
        "_html": "<div style='font-size: 10px; color: #ff0000; font-weight: bold; text-shadow: 1px 1px 2px white, -1px -1px 2px white, 1px -1px 2px white, -1px 1px 2px white; white-space: nowrap;'>07FD552</div>",
        "_iconSize": [
          60,
          20
        ],
        "_iconAnchor": [
          30,
          10
        ]
      },
      "geometry": {
        "type": "Point",
        "coordinates": [
          136.975134085,
          37.209749134999996
        ]
      }
    },
    {
      "type": "Feature",
      "properties": {
        "code": "07FD452",
        "_markerType": "DivIcon",
        "_html": "<div style='font-size: 10px; color: #ff0000; font-weight: bold; text-shadow: 1px 1px 2px white, -1px -1px 2px white, 1px -1px 2px white, -1px 1px 2px white; white-space: nowrap;'>07FD452</div>",
        "_iconSize": [
          60,
          20
        ],
        "_iconAnchor": [
          30,
          10
        ]
      },
      "geometry": {
        "type": "Point",
        "coordinates": [
          136.97506571,
          37.236783134999996
        ]
      }
    },
    {
      "type": "Feature",
      "properties": {
        "code": "07FD451",
        "_markerType": "DivIcon",
        "_html": "<div style='font-size: 10px; color: #ff0000; font-weight: bold; text-shadow: 1px 1px 2px white, -1px -1px 2px white, 1px -1px 2px white, -1px 1px 2px white; white-space: nowrap;'>07FD451</div>",
        "_iconSize": [
          60,
          20
        ],
        "_iconAnchor": [
          30,
          10
        ]
      },
      "geometry": {
        "type": "Point",
        "coordinates": [
          136.952524555,
          37.23674452
        ]
      }
    },
    {
      "type": "Feature",
      "properties": {
        "code": "07FD453",
        "_markerType": "DivIcon",
        "_html": "<div style='font-size: 10px; color: #ff0000; font-weight: bold; text-shadow: 1px 1px 2px white, -1px -1px 2px white, 1px -1px 2px white, -1px 1px 2px white; white-space: nowrap;'>07FD453</div>",
        "_iconSize": [
          60,
          20
        ],
        "_iconAnchor": [
          30,
          10
        ]
      },
      "geometry": {
        "type": "Point",
        "coordinates": [
          136.952562775,
          37.223227555
        ]
      }
    },
    {
      "type": "Feature",
      "properties": {
        "code": "07FD564",
        "_markerType": "DivIcon",
        "_html": "<div style='font-size: 10px; color: #ff0000; font-weight: bold; text-shadow: 1px 1px 2px white, -1px -1px 2px white, 1px -1px 2px white, -1px 1px 2px white; white-space: nowrap;'>07FD564</div>",
        "_iconSize": [
          60,
          20
        ],
        "_iconAnchor": [
          30,
          10
        ]
      },
      "geometry": {
        "type": "Point",
        "coordinates": [
          137.0202265375,
          37.196296350000004
        ]
      }
    },
    {
      "type": "Feature",
      "properties": {
        "code": "07FD753",
        "_markerType": "DivIcon",
        "_html": "<div style='font-size: 10px; color: #ff0000; font-weight: bold; text-shadow: 1px 1px 2px white, -1px -1px 2px white, 1px -1px 2px white, -1px 1px 2px white; white-space: nowrap;'>07FD753</div>",
        "_iconSize": [
          60,
          20
        ],
        "_iconAnchor": [
          30,
          10
        ]
      },
      "geometry": {
        "type": "Point",
        "coordinates": [
          136.9527915725,
          37.1421251
        ]
      }
    },
    {
      "type": "Feature",
      "properties": {
        "code": "07FD741",
        "_markerType": "DivIcon",
        "_html": "<div style='font-size: 10px; color: #ff0000; font-weight: bold; text-shadow: 1px 1px 2px white, -1px -1px 2px white, 1px -1px 2px white, -1px 1px 2px white; white-space: nowrap;'>07FD741</div>",
        "_iconSize": [
          60,
          20
        ],
        "_iconAnchor": [
          30,
          10
        ]
      },
      "geometry": {
        "type": "Point",
        "coordinates": [
          136.9077195375,
          37.155552417500004
        ]
      }
    },
    {
      "type": "Feature",
      "properties": {
        "code": "07FD543",
        "_markerType": "DivIcon",
        "_html": "<div style='font-size: 10px; color: #ff0000; font-weight: bold; text-shadow: 1px 1px 2px white, -1px -1px 2px white, 1px -1px 2px white, -1px 1px 2px white; white-space: nowrap;'>07FD543</div>",
        "_iconSize": [
          60,
          20
        ],
        "_iconAnchor": [
          30,
          10
        ]
      },
      "geometry": {
        "type": "Point",
        "coordinates": [
          136.90758110500002,
          37.196103560000005
        ]
      }
    },
    {
      "type": "Feature",
      "properties": {
        "code": "07FD641",
        "_markerType": "DivIcon",
        "_html": "<div style='font-size: 10px; color: #ff0000; font-weight: bold; text-shadow: 1px 1px 2px white, -1px -1px 2px white, 1px -1px 2px white, -1px 1px 2px white; white-space: nowrap;'>07FD641</div>",
        "_iconSize": [
          60,
          20
        ],
        "_iconAnchor": [
          30,
          10
        ]
      },
      "geometry": {
        "type": "Point",
        "coordinates": [
          136.9076272775,
          37.182586542500005
        ]
      }
    },
    {
      "type": "Feature",
      "properties": {
        "code": "07FD534",
        "_markerType": "DivIcon",
        "_html": "<div style='font-size: 10px; color: #ff0000; font-weight: bold; text-shadow: 1px 1px 2px white, -1px -1px 2px white, 1px -1px 2px white, -1px 1px 2px white; white-space: nowrap;'>07FD534</div>",
        "_iconSize": [
          60,
          20
        ],
        "_iconAnchor": [
          30,
          10
        ]
      },
      "geometry": {
        "type": "Point",
        "coordinates": [
          136.8850521625,
          37.196052147500005
        ]
      }
    },
    {
      "type": "Feature",
      "properties": {
        "code": "07FD533",
        "_markerType": "DivIcon",
        "_html": "<div style='font-size: 10px; color: #ff0000; font-weight: bold; text-shadow: 1px 1px 2px white, -1px -1px 2px white, 1px -1px 2px white, -1px 1px 2px white; white-space: nowrap;'>07FD533</div>",
        "_iconSize": [
          60,
          20
        ],
        "_iconAnchor": [
          30,
          10
        ]
      },
      "geometry": {
        "type": "Point",
        "coordinates": [
          136.86252328,
          37.1959964525
        ]
      }
    },
    {
      "type": "Feature",
      "properties": {
        "code": "07FD631",
        "_markerType": "DivIcon",
        "_html": "<div style='font-size: 10px; color: #ff0000; font-weight: bold; text-shadow: 1px 1px 2px white, -1px -1px 2px white, 1px -1px 2px white, -1px 1px 2px white; white-space: nowrap;'>07FD631</div>",
        "_iconSize": [
          60,
          20
        ],
        "_iconAnchor": [
          30,
          10
        ]
      },
      "geometry": {
        "type": "Point",
        "coordinates": [
          136.862577485,
          37.18247949
        ]
      }
    },
    {
      "type": "Feature",
      "properties": {
        "code": "07FD633",
        "_markerType": "DivIcon",
        "_html": "<div style='font-size: 10px; color: #ff0000; font-weight: bold; text-shadow: 1px 1px 2px white, -1px -1px 2px white, 1px -1px 2px white, -1px 1px 2px white; white-space: nowrap;'>07FD633</div>",
        "_iconSize": [
          60,
          20
        ],
        "_iconAnchor": [
          30,
          10
        ]
      },
      "geometry": {
        "type": "Point",
        "coordinates": [
          136.862631655,
          37.168962495
        ]
      }
    },
    {
      "type": "Feature",
      "properties": {
        "code": "07FD731",
        "_markerType": "DivIcon",
        "_html": "<div style='font-size: 10px; color: #ff0000; font-weight: bold; text-shadow: 1px 1px 2px white, -1px -1px 2px white, 1px -1px 2px white, -1px 1px 2px white; white-space: nowrap;'>07FD731</div>",
        "_iconSize": [
          60,
          20
        ],
        "_iconAnchor": [
          30,
          10
        ]
      },
      "geometry": {
        "type": "Point",
        "coordinates": [
          136.86268578750003,
          37.15544547
        ]
      }
    },
    {
      "type": "Feature",
      "properties": {
        "code": "07FD733",
        "_markerType": "DivIcon",
        "_html": "<div style='font-size: 10px; color: #ff0000; font-weight: bold; text-shadow: 1px 1px 2px white, -1px -1px 2px white, 1px -1px 2px white, -1px 1px 2px white; white-space: nowrap;'>07FD733</div>",
        "_iconSize": [
          60,
          20
        ],
        "_iconAnchor": [
          30,
          10
        ]
      },
      "geometry": {
        "type": "Point",
        "coordinates": [
          136.862739885,
          37.14192841249999
        ]
      }
    },
    {
      "type": "Feature",
      "properties": {
        "code": "07FD831",
        "_markerType": "DivIcon",
        "_html": "<div style='font-size: 10px; color: #ff0000; font-weight: bold; text-shadow: 1px 1px 2px white, -1px -1px 2px white, 1px -1px 2px white, -1px 1px 2px white; white-space: nowrap;'>07FD831</div>",
        "_iconSize": [
          60,
          20
        ],
        "_iconAnchor": [
          30,
          10
        ]
      },
      "geometry": {
        "type": "Point",
        "coordinates": [
          136.8627939475,
          37.1284113225
        ]
      }
    },
    {
      "type": "Feature",
      "properties": {
        "code": "07FD832",
        "_markerType": "DivIcon",
        "_html": "<div style='font-size: 10px; color: #ff0000; font-weight: bold; text-shadow: 1px 1px 2px white, -1px -1px 2px white, 1px -1px 2px white, -1px 1px 2px white; white-space: nowrap;'>07FD832</div>",
        "_iconSize": [
          60,
          20
        ],
        "_iconAnchor": [
          30,
          10
        ]
      },
      "geometry": {
        "type": "Point",
        "coordinates": [
          136.88530278000002,
          37.12846688250001
        ]
      }
    },
    {
      "type": "Feature",
      "properties": {
        "code": "07FD834",
        "_markerType": "DivIcon",
        "_html": "<div style='font-size: 10px; color: #ff0000; font-weight: bold; text-shadow: 1px 1px 2px white, -1px -1px 2px white, 1px -1px 2px white, -1px 1px 2px white; white-space: nowrap;'>07FD834</div>",
        "_iconSize": [
          60,
          20
        ],
        "_iconAnchor": [
          30,
          10
        ]
      },
      "geometry": {
        "type": "Point",
        "coordinates": [
          136.88535280250002,
          37.114949735
        ]
      }
    },
    {
      "type": "Feature",
      "properties": {
        "code": "07FD943",
        "_markerType": "DivIcon",
        "_html": "<div style='font-size: 10px; color: #ff0000; font-weight: bold; text-shadow: 1px 1px 2px white, -1px -1px 2px white, 1px -1px 2px white, -1px 1px 2px white; white-space: nowrap;'>07FD943</div>",
        "_iconSize": [
          60,
          20
        ],
        "_iconAnchor": [
          30,
          10
        ]
      },
      "geometry": {
        "type": "Point",
        "coordinates": [
          136.9079496425,
          37.0879665625
        ]
      }
    },
    {
      "type": "Feature",
      "properties": {
        "code": "07GD041",
        "_markerType": "DivIcon",
        "_html": "<div style='font-size: 10px; color: #ff0000; font-weight: bold; text-shadow: 1px 1px 2px white, -1px -1px 2px white, 1px -1px 2px white, -1px 1px 2px white; white-space: nowrap;'>07GD041</div>",
        "_iconSize": [
          60,
          20
        ],
        "_iconAnchor": [
          30,
          10
        ]
      },
      "geometry": {
        "type": "Point",
        "coordinates": [
          136.9079955725,
          37.0744493
        ]
      }
    },
    {
      "type": "Feature",
      "properties": {
        "code": "07GD042",
        "_markerType": "DivIcon",
        "_html": "<div style='font-size: 10px; color: #ff0000; font-weight: bold; text-shadow: 1px 1px 2px white, -1px -1px 2px white, 1px -1px 2px white, -1px 1px 2px white; white-space: nowrap;'>07GD042</div>",
        "_iconSize": [
          60,
          20
        ],
        "_iconAnchor": [
          30,
          10
        ]
      },
      "geometry": {
        "type": "Point",
        "coordinates": [
          136.93048853000002,
          37.07449622
        ]
      }
    },
    {
      "type": "Feature",
      "properties": {
        "code": "07FD851",
        "_markerType": "DivIcon",
        "_html": "<div style='font-size: 10px; color: #ff0000; font-weight: bold; text-shadow: 1px 1px 2px white, -1px -1px 2px white, 1px -1px 2px white, -1px 1px 2px white; white-space: nowrap;'>07FD851</div>",
        "_iconSize": [
          60,
          20
        ],
        "_iconAnchor": [
          30,
          10
        ]
      },
      "geometry": {
        "type": "Point",
        "coordinates": [
          136.952829615,
          37.128607917500005
        ]
      }
    },
    {
      "type": "Feature",
      "properties": {
        "code": "07FD853",
        "_markerType": "DivIcon",
        "_html": "<div style='font-size: 10px; color: #ff0000; font-weight: bold; text-shadow: 1px 1px 2px white, -1px -1px 2px white, 1px -1px 2px white, -1px 1px 2px white; white-space: nowrap;'>07FD853</div>",
        "_iconSize": [
          60,
          20
        ],
        "_iconAnchor": [
          30,
          10
        ]
      },
      "geometry": {
        "type": "Point",
        "coordinates": [
          136.95286763500002,
          37.115090705
        ]
      }
    },
    {
      "type": "Feature",
      "properties": {
        "code": "07FD862",
        "_markerType": "DivIcon",
        "_html": "<div style='font-size: 10px; color: #ff0000; font-weight: bold; text-shadow: 1px 1px 2px white, -1px -1px 2px white, 1px -1px 2px white, -1px 1px 2px white; white-space: nowrap;'>07FD862</div>",
        "_iconSize": [
          60,
          20
        ],
        "_iconAnchor": [
          30,
          10
        ]
      },
      "geometry": {
        "type": "Point",
        "coordinates": [
          137.02035686,
          37.12871049
        ]
      }
    },
    {
      "type": "Feature",
      "properties": {
        "code": "07FD864",
        "_markerType": "DivIcon",
        "_html": "<div style='font-size: 10px; color: #ff0000; font-weight: bold; text-shadow: 1px 1px 2px white, -1px -1px 2px white, 1px -1px 2px white, -1px 1px 2px white; white-space: nowrap;'>07FD864</div>",
        "_iconSize": [
          60,
          20
        ],
        "_iconAnchor": [
          30,
          10
        ]
      },
      "geometry": {
        "type": "Point",
        "coordinates": [
          137.0203828725,
          37.1151932275
        ]
      }
    },
    {
      "type": "Feature",
      "properties": {
        "code": "07FD863",
        "_markerType": "DivIcon",
        "_html": "<div style='font-size: 10px; color: #ff0000; font-weight: bold; text-shadow: 1px 1px 2px white, -1px -1px 2px white, 1px -1px 2px white, -1px 1px 2px white; white-space: nowrap;'>07FD863</div>",
        "_iconSize": [
          60,
          20
        ],
        "_iconAnchor": [
          30,
          10
        ]
      },
      "geometry": {
        "type": "Point",
        "coordinates": [
          136.997877755,
          37.115163325
        ]
      }
    },
    {
      "type": "Feature",
      "properties": {
        "code": "07FD951",
        "_markerType": "DivIcon",
        "_html": "<div style='font-size: 10px; color: #ff0000; font-weight: bold; text-shadow: 1px 1px 2px white, -1px -1px 2px white, 1px -1px 2px white, -1px 1px 2px white; white-space: nowrap;'>07FD951</div>",
        "_iconSize": [
          60,
          20
        ],
        "_iconAnchor": [
          30,
          10
        ]
      },
      "geometry": {
        "type": "Point",
        "coordinates": [
          136.95290563,
          37.1015734575
        ]
      }
    },
    {
      "type": "Feature",
      "properties": {
        "code": "07FD953",
        "_markerType": "DivIcon",
        "_html": "<div style='font-size: 10px; color: #ff0000; font-weight: bold; text-shadow: 1px 1px 2px white, -1px -1px 2px white, 1px -1px 2px white, -1px 1px 2px white; white-space: nowrap;'>07FD953</div>",
        "_iconSize": [
          60,
          20
        ],
        "_iconAnchor": [
          30,
          10
        ]
      },
      "geometry": {
        "type": "Point",
        "coordinates": [
          136.952943595,
          37.08805618
        ]
      }
    },
    {
      "type": "Feature",
      "properties": {
        "code": "07GD053",
        "_markerType": "DivIcon",
        "_html": "<div style='font-size: 10px; color: #ff0000; font-weight: bold; text-shadow: 1px 1px 2px white, -1px -1px 2px white, 1px -1px 2px white, -1px 1px 2px white; white-space: nowrap;'>07GD053</div>",
        "_iconSize": [
          60,
          20
        ],
        "_iconAnchor": [
          30,
          10
        ]
      },
      "geometry": {
        "type": "Point",
        "coordinates": [
          136.9530194525,
          37.061021537500004
        ]
      }
    },
    {
      "type": "Feature",
      "properties": {
        "code": "07GD144",
        "_markerType": "DivIcon",
        "_html": "<div style='font-size: 10px; color: #ff0000; font-weight: bold; text-shadow: 1px 1px 2px white, -1px -1px 2px white, 1px -1px 2px white, -1px 1px 2px white; white-space: nowrap;'>07GD144</div>",
        "_iconSize": [
          60,
          20
        ],
        "_iconAnchor": [
          30,
          10
        ]
      },
      "geometry": {
        "type": "Point",
        "coordinates": [
          136.93061417,
          37.0339441725
        ]
      }
    },
    {
      "type": "Feature",
      "properties": {
        "code": "07GD044",
        "_markerType": "DivIcon",
        "_html": "<div style='font-size: 10px; color: #ff0000; font-weight: bold; text-shadow: 1px 1px 2px white, -1px -1px 2px white, 1px -1px 2px white, -1px 1px 2px white; white-space: nowrap;'>07GD044</div>",
        "_iconSize": [
          60,
          20
        ],
        "_iconAnchor": [
          30,
          10
        ]
      },
      "geometry": {
        "type": "Point",
        "coordinates": [
          136.9305304375,
          37.0609789025
        ]
      }
    },
    {
      "type": "Feature",
      "properties": {
        "code": "07GD043",
        "_markerType": "DivIcon",
        "_html": "<div style='font-size: 10px; color: #ff0000; font-weight: bold; text-shadow: 1px 1px 2px white, -1px -1px 2px white, 1px -1px 2px white, -1px 1px 2px white; white-space: nowrap;'>07GD043</div>",
        "_iconSize": [
          60,
          20
        ],
        "_iconAnchor": [
          30,
          10
        ]
      },
      "geometry": {
        "type": "Point",
        "coordinates": [
          136.9080414725,
          37.060932005
        ]
      }
    },
    {
      "type": "Feature",
      "properties": {
        "code": "07GD214",
        "_markerType": "DivIcon",
        "_html": "<div style='font-size: 10px; color: #ff0000; font-weight: bold; text-shadow: 1px 1px 2px white, -1px -1px 2px white, 1px -1px 2px white, -1px 1px 2px white; white-space: nowrap;'>07GD214</div>",
        "_iconSize": [
          60,
          20
        ],
        "_iconAnchor": [
          30,
          10
        ]
      },
      "geometry": {
        "type": "Point",
        "coordinates": [
          136.795860535,
          37.00656466
        ]
      }
    },
    {
      "type": "Feature",
      "properties": {
        "code": "07GD212",
        "_markerType": "DivIcon",
        "_html": "<div style='font-size: 10px; color: #ff0000; font-weight: bold; text-shadow: 1px 1px 2px white, -1px -1px 2px white, 1px -1px 2px white, -1px 1px 2px white; white-space: nowrap;'>07GD212</div>",
        "_iconSize": [
          60,
          20
        ],
        "_iconAnchor": [
          30,
          10
        ]
      },
      "geometry": {
        "type": "Point",
        "coordinates": [
          136.7957948575,
          37.0200819325
        ]
      }
    },
    {
      "type": "Feature",
      "properties": {
        "code": "07GD021",
        "_markerType": "DivIcon",
        "_html": "<div style='font-size: 10px; color: #ff0000; font-weight: bold; text-shadow: 1px 1px 2px white, -1px -1px 2px white, 1px -1px 2px white, -1px 1px 2px white; white-space: nowrap;'>07GD021</div>",
        "_iconSize": [
          60,
          20
        ],
        "_iconAnchor": [
          30,
          10
        ]
      },
      "geometry": {
        "type": "Point",
        "coordinates": [
          136.81802433750002,
          37.0742189625
        ]
      }
    },
    {
      "type": "Feature",
      "properties": {
        "code": "07FD921",
        "_markerType": "DivIcon",
        "_html": "<div style='font-size: 10px; color: #ff0000; font-weight: bold; text-shadow: 1px 1px 2px white, -1px -1px 2px white, 1px -1px 2px white, -1px 1px 2px white; white-space: nowrap;'>07FD921</div>",
        "_iconSize": [
          60,
          20
        ],
        "_iconAnchor": [
          30,
          10
        ]
      },
      "geometry": {
        "type": "Point",
        "coordinates": [
          136.8179004925,
          37.101253235
        ]
      }
    },
    {
      "type": "Feature",
      "properties": {
        "code": "07FD922",
        "_markerType": "DivIcon",
        "_html": "<div style='font-size: 10px; color: #ff0000; font-weight: bold; text-shadow: 1px 1px 2px white, -1px -1px 2px white, 1px -1px 2px white, -1px 1px 2px white; white-space: nowrap;'>07FD922</div>",
        "_iconSize": [
          60,
          20
        ],
        "_iconAnchor": [
          30,
          10
        ]
      },
      "geometry": {
        "type": "Point",
        "coordinates": [
          136.84040119,
          37.10131728
        ]
      }
    },
    {
      "type": "Feature",
      "properties": {
        "code": "07FD822",
        "_markerType": "DivIcon",
        "_html": "<div style='font-size: 10px; color: #ff0000; font-weight: bold; text-shadow: 1px 1px 2px white, -1px -1px 2px white, 1px -1px 2px white, -1px 1px 2px white; white-space: nowrap;'>07FD822</div>",
        "_iconSize": [
          60,
          20
        ],
        "_iconAnchor": [
          30,
          10
        ]
      },
      "geometry": {
        "type": "Point",
        "coordinates": [
          136.8402851775,
          37.1283514925
        ]
      }
    },
    {
      "type": "Feature",
      "properties": {
        "code": "07FD821",
        "_markerType": "DivIcon",
        "_html": "<div style='font-size: 10px; color: #ff0000; font-weight: bold; text-shadow: 1px 1px 2px white, -1px -1px 2px white, 1px -1px 2px white, -1px 1px 2px white; white-space: nowrap;'>07FD821</div>",
        "_iconSize": [
          60,
          20
        ],
        "_iconAnchor": [
          30,
          10
        ]
      },
      "geometry": {
        "type": "Point",
        "coordinates": [
          136.8177764775,
          37.128287387499995
        ]
      }
    },
    {
      "type": "Feature",
      "properties": {
        "code": "07FD812",
        "_markerType": "DivIcon",
        "_html": "<div style='font-size: 10px; color: #ff0000; font-weight: bold; text-shadow: 1px 1px 2px white, -1px -1px 2px white, 1px -1px 2px white, -1px 1px 2px white; white-space: nowrap;'>07FD812</div>",
        "_iconSize": [
          60,
          20
        ],
        "_iconAnchor": [
          30,
          10
        ]
      },
      "geometry": {
        "type": "Point",
        "coordinates": [
          136.79526785000002,
          37.128219005
        ]
      }
    },
    {
      "type": "Feature",
      "properties": {
        "code": "07FD912",
        "_markerType": "DivIcon",
        "_html": "<div style='font-size: 10px; color: #ff0000; font-weight: bold; text-shadow: 1px 1px 2px white, -1px -1px 2px white, 1px -1px 2px white, -1px 1px 2px white; white-space: nowrap;'>07FD912</div>",
        "_iconSize": [
          60,
          20
        ],
        "_iconAnchor": [
          30,
          10
        ]
      },
      "geometry": {
        "type": "Point",
        "coordinates": [
          136.795399865,
          37.101184922499996
        ]
      }
    },
    {
      "type": "Feature",
      "properties": {
        "code": "07FD914",
        "_markerType": "DivIcon",
        "_html": "<div style='font-size: 10px; color: #ff0000; font-weight: bold; text-shadow: 1px 1px 2px white, -1px -1px 2px white, 1px -1px 2px white, -1px 1px 2px white; white-space: nowrap;'>07FD914</div>",
        "_iconSize": [
          60,
          20
        ],
        "_iconAnchor": [
          30,
          10
        ]
      },
      "geometry": {
        "type": "Point",
        "coordinates": [
          136.795465805,
          37.087667835000005
        ]
      }
    },
    {
      "type": "Feature",
      "properties": {
        "code": "07FD801",
        "_markerType": "DivIcon",
        "_html": "<div style='font-size: 10px; color: #ff0000; font-weight: bold; text-shadow: 1px 1px 2px white, -1px -1px 2px white, 1px -1px 2px white, -1px 1px 2px white; white-space: nowrap;'>07FD801</div>",
        "_iconSize": [
          60,
          20
        ],
        "_iconAnchor": [
          30,
          10
        ]
      },
      "geometry": {
        "type": "Point",
        "coordinates": [
          136.72774246,
          37.1279882225
        ]
      }
    }
  ]
}